id	part	cd_water_cooled	cd_ce_dia_a	cd_ce_dia_a_tol	cd_ce_dia_b	cd_ce_dia_b_tol	cd_ce_dia_c	cd_ce_dia_c_tol	cd_cwc_dia	cd_cwc_dia_tol	cd_bore_dia_max	cd_bore_dia_min	cd_pr_bore_dia	cd_pr_bore_dia_tol	cd_single_dual_oil_feed	cd_spinning_bearing	cd_oil_inlet_thread	cd_oil_drain_thread	cd_oil_drain_flange_thread	cd_coolant_port_thread_1	cd_coolant_port_thread_2	cd_te_dia_d	cd_te_dia_d_tol	cd_te_dia_e	cd_te_dia_e_tol	cd_te_dia_f	cd_te_dia_f_tol	cd_arm_angle	cd_quadrant	cd_oal	cd_oal_tol	cd_weight	cd_diagram_	cd_oil_inlet_flange_thread	cd_lead_in_chmfr_angle	cd_lead_in_chmfr_len
1	4-A-0323	0	3.128	0.002	2.685	0.005	2.358	0.008	-99.000	-99.000	0.6223	0.6220	0.710	0.001	19721	1	21053	20411	20925	20411	20411	3.185	0.001	2.330	0.010	NULL	NULL	-99.0	21065	2.546	0.002	1267.8	1	20925	30.0	0.060
2	4-A-0823	1	3.127	0.001	2.685	0.005	2.354	0.005	-99.000	-99.000	0.6223	0.6220	0.710	0.001	19721	1	21053	20411	20925	20991	20411	3.183	0.005	NULL	NULL	NULL	NULL	-99.0	21065	2.544	0.005	1350.3	1	20925	30.0	0.060
3	4-A-1081	1	3.744	0.005	3.430	0.005	2.052	0.005	-99.000	-99.000	0.5469	0.5465	0.625	0.001	19721	1	20603	20411	20925	20975	20411	2.676	0.005	NULL	NULL	1.780	0.010	-99.0	21065	2.708	0.005	NULL	2	20411	30.0	0.040
4	4-A-1082	1	3.344	0.005	3.056	0.005	-99.000	-99.000	1.918	0.005	0.5467	0.5464	0.625	0.002	19721	1	20603	20803	20411	20975	20411	2.676	0.005	2.325	0.005	0.850	0.010	-99.0	21065	2.705	0.005	1075.6	NULL	20411	NULL	NULL
5	4-A-1084	1	3.415	0.005	3.053	0.005	-99.000	-99.000	1.920	0.005	0.5490	0.5470	0.627	0.001	19721	1	20939	20411	20925	20975	20411	2.677	NULL	2.363	0.005	1.932	0.005	-99.0	21065	2.710	0.005	NULL	NULL	20411	NULL	NULL
6	4-A-1085	1	3.344	0.005	3.056	0.005	-99.000	-99.000	1.918	0.005	0.5467	0.5464	0.624	0.001	19721	1	20939	20411	20925	20975	20411	2.676	0.005	2.330	0.010	1.750	0.010	-99.0	21065	2.708	0.005	1031.2	NULL	20411	NULL	NULL
7	4-A-1087	1	3.344	0.005	3.056	0.005	-99.000	-99.000	1.918	0.005	0.5467	0.5464	0.625	0.005	19721	1	20963	20411	20925	20975	20411	2.676	0.005	2.325	0.005	1.823	NULL	-99.0	21065	2.708	0.005	NULL	NULL	20411	NULL	NULL
8	4-A-1088	0	3.344	0.005	3.056	0.005	-99.000	-99.000	1.918	0.005	0.5469	0.5465	0.625	0.001	19721	1	20603	20803	20411	20411	20411	2.676	0.005	NULL	NULL	1.780	0.010	-99.0	21065	2.699	0.005	967.3	NULL	20411	30.0	0.040
9	4-A-1090	1	3.344	0.005	3.056	0.005	-99.000	-99.000	1.918	0.005	0.5467	0.5464	0.625	0.002	19721	1	20603	20803	20411	20975	20411	2.676	0.005	2.325	0.005	1.802	NULL	-99.0	21065	2.708	0.005	1031.7	NULL	20411	NULL	NULL
10	4-A-1091	NULL	NULL	NULL	NULL	NULL	NULL	NULL	NULL	NULL	NULL	NULL	NULL	NULL	NULL	NULL	NULL	NULL	NULL	NULL	NULL	NULL	NULL	NULL	NULL	NULL	NULL	NULL	NULL	NULL	NULL	NULL	NULL	NULL	NULL	NULL
11	4-A-1092	0	3.744	0.005	3.430	0.005	-99.000	-99.000	2.052	0.005	0.5469	0.5465	0.625	0.001	19721	1	20963	20803	20411	20411	20411	2.676	0.005	NULL	NULL	1.780	0.010	-99.0	21065	2.699	0.005	1029.0	NULL	20411	30.0	0.040
12	4-A-1093	1	3.344	0.005	3.056	0.005	-99.000	-99.000	1.918	0.005	0.5467	0.5464	0.625	0.002	19721	1	20603	20803	20411	20975	20411	2.676	0.005	2.320	0.010	1.660	0.010	-99.0	21065	2.708	0.005	1020.0	NULL	20411	NULL	NULL
13	4-A-1094	1	3.344	0.005	3.056	0.005	-99.000	-99.000	1.918	0.005	0.5467	0.5464	0.625	0.002	19721	1	20963	20411	20925	20975	20411	2.676	0.005	2.325	0.005	1.802	NULL	-99.0	21065	2.708	0.005	1039.8	NULL	20411	NULL	NULL
14	4-A-1214	1	3.127	0.001	2.685	0.005	2.354	0.005	-99.000	-99.000	0.6223	0.6220	0.710	0.001	19721	1	21053	20411	NULL	21009	20411	3.183	0.005	NULL	NULL	1.050	0.005	-99.0	21065	NULL	NULL	1354.4	NULL	20925	30.0	0.060
15	4-A-1331	0	3.127	0.001	2.685	0.005	2.354	0.005	-99.000	-99.000	0.6223	0.6220	0.710	0.001	19721	1	NULL	20411	20561	20411	20411	3.183	0.005	NULL	NULL	2.130	NULL	-99.0	21065	NULL	NULL	1269.9	NULL	20533	20.0	0.060
16	4-A-1333	NULL	NULL	NULL	NULL	NULL	NULL	NULL	NULL	NULL	NULL	NULL	NULL	NULL	NULL	NULL	NULL	NULL	NULL	NULL	NULL	NULL	NULL	NULL	NULL	NULL	NULL	NULL	NULL	NULL	NULL	NULL	NULL	NULL	NULL	NULL
17	4-A-1776	1	3.127	0.001	2.685	0.005	2.354	0.005	-99.000	-99.000	0.6223	0.6220	0.710	0.001	19721	1	21053	20411	20925	21056	20411	3.183	0.005	2.364	0.005	2.042	0.005	-99.0	21065	NULL	NULL	1348.6	NULL	20925	30.0	0.060
18	4-A-1848	0	3.744	0.005	3.430	0.005	-99.000	-99.000	2.052	0.005	0.5469	0.5465	0.625	0.001	19721	1	20629	20803	20411	20411	20411	2.676	0.005	NULL	NULL	1.780	0.010	-99.0	21065	2.699	0.005	1042.7	NULL	20411	30.0	0.040
19	4-A-1849	0	3.344	0.005	3.056	0.005	-99.000	-99.000	1.918	0.005	0.5469	0.5465	0.625	0.001	19721	1	20963	20411	20925	20411	20411	2.676	0.005	NULL	NULL	1.780	0.010	-99.0	21065	2.699	0.005	938.7	NULL	20411	30.0	0.040
20	4-A-1850	1	3.744	0.005	3.430	0.005	-99.000	-99.000	1.916	0.005	0.5469	0.5465	0.625	0.001	19721	1	20629	20803	20411	20975	20411	2.676	0.005	NULL	NULL	1.780	0.010	-99.0	21065	2.708	0.005	NULL	NULL	20411	30.0	0.040
21	4-A-1851	1	3.343	0.005	3.057	0.005	-99.000	-99.000	1.915	0.005	0.5469	0.5465	0.625	0.001	19721	1	20629	20803	20411	20975	20411	2.676	0.005	2.310	0.005	1.780	0.010	-99.0	21065	2.708	0.005	1060.7	NULL	20411	30.0	0.040
22	4-A-1852	1	3.744	0.005	3.430	0.005	-99.000	-99.000	2.052	0.005	0.5469	0.5465	0.625	0.001	19721	1	20963	20411	20925	20991	20975	2.676	0.005	NULL	NULL	1.780	0.010	-99.0	21065	2.708	0.005	1112.7	NULL	20411	30.0	0.040
23	4-A-1885	NULL	NULL	NULL	NULL	NULL	NULL	NULL	NULL	NULL	NULL	NULL	NULL	NULL	NULL	NULL	NULL	NULL	NULL	NULL	NULL	NULL	NULL	NULL	NULL	NULL	NULL	NULL	NULL	NULL	NULL	NULL	NULL	NULL	NULL	NULL
24	4-A-1887	0	3.344	0.005	3.056	0.005	-99.000	-99.000	1.918	0.005	0.5469	0.5465	0.625	0.001	19721	1	20963	20411	20925	20411	20411	2.676	0.005	NULL	NULL	1.780	0.010	-99.0	21065	2.699	0.005	943.7	NULL	20411	30.0	0.040
25	4-A-2047	0	3.127	0.001	2.685	0.005	2.354	0.005	-99.000	-99.000	0.6223	0.6220	0.710	0.001	19721	1	21054	20411	20561	20411	20411	3.183	0.005	NULL	NULL	NULL	NULL	-99.0	21065	NULL	NULL	1264.5	NULL	20533	20.0	0.060
26	4-A-2172	0	2.095	0.005	1.734	0.005	-99.000	-99.000	-99.000	-99.000	0.5467	0.5462	0.625	0.001	19721	0	20939	20411	20909	20411	20411	2.676	0.005	1.935	0.005	NULL	NULL	-99.0	21065	1.932	0.005	620.0	NULL	20411	NULL	NULL
27	4-A-2173	0	2.095	0.005	1.734	0.003	-99.000	-99.000	-99.000	-99.000	0.5467	0.5462	0.625	0.001	19721	0	20925	20411	20909	20411	20411	2.676	0.005	1.940	0.010	1.677	NULL	-99.0	21065	1.932	0.005	584.6	NULL	20411	NULL	NULL
28	4-A-2313	NULL	NULL	NULL	NULL	NULL	NULL	NULL	NULL	NULL	NULL	NULL	NULL	NULL	NULL	NULL	NULL	NULL	NULL	NULL	NULL	NULL	NULL	NULL	NULL	NULL	NULL	NULL	NULL	NULL	NULL	NULL	NULL	NULL	NULL	NULL
29	4-A-2314	0	3.343	0.005	3.055	0.005	-99.000	-99.000	1.917	0.005	0.5470	0.5450	0.625	0.005	19721	1	20963	20795	20411	20411	20411	2.675	0.005	NULL	NULL	1.780	NULL	-99.0	21065	2.705	0.005	NULL	NULL	20411	NULL	NULL
30	4-A-2315	1	3.744	0.005	3.430	0.005	-99.000	-99.000	2.153	0.005	0.5469	0.5465	0.625	0.001	19721	1	20963	20411	20925	20991	20975	2.676	0.005	NULL	NULL	1.780	0.010	-99.0	21065	2.708	0.005	1166.3	NULL	20411	30.0	0.040
31	4-A-2329	0	3.744	0.005	3.430	0.005	-99.000	-99.000	2.172	0.005	0.5469	0.5465	0.625	0.001	19721	1	20963	20411	20925	20411	20411	2.676	0.005	NULL	NULL	1.780	0.010	-99.0	21065	2.699	0.005	1025.0	NULL	20411	30.0	0.040
32	4-A-2334	0	3.344	0.005	3.056	0.005	-99.000	-99.000	1.918	0.005	0.5469	0.5465	0.625	0.001	19721	1	20963	20991	20411	20411	20411	2.676	0.005	NULL	NULL	1.780	0.010	-99.0	21065	2.699	0.005	947.7	NULL	20411	30.0	0.040
33	4-A-2336	0	3.744	0.005	3.430	0.005	-99.000	-99.000	2.052	0.005	0.5469	0.5465	0.625	0.001	19721	1	20963	20991	20411	20411	20411	2.676	0.005	NULL	NULL	1.780	0.010	-99.0	21065	2.699	0.005	1016.6	NULL	20411	30.0	0.040
34	4-A-2339	1	3.744	0.005	3.430	0.005	-99.000	-99.000	2.052	0.005	0.5469	0.5465	0.625	0.001	19721	1	20629	20803	20411	21056	20411	2.676	0.005	NULL	NULL	1.780	0.010	-99.0	21065	2.708	0.005	NULL	NULL	20411	30.0	0.040
35	4-A-2461	1	3.744	0.005	3.430	0.005	-99.000	-99.000	2.168	0.005	0.5469	0.5465	0.625	0.001	19721	1	20629	20411	20925	20975	20411	2.676	0.005	NULL	NULL	1.780	0.010	-99.0	21065	2.708	0.005	NULL	NULL	20411	30.0	0.040
36	4-A-2593	1	3.744	0.005	3.430	0.005	-99.000	-99.000	2.153	0.005	0.5469	0.5465	0.625	0.001	19721	1	20963	20411	20925	20975	20411	2.676	0.005	NULL	NULL	1.780	0.010	-99.0	21065	2.708	0.005	1185.1	NULL	20411	30.0	0.040
37	4-A-2615	1	3.744	0.005	3.430	0.005	-99.000	-99.000	2.084	0.005	0.5469	0.5465	0.625	0.001	19721	1	20603	20411	20925	20975	20411	2.676	0.005	NULL	NULL	1.780	0.010	-99.0	21065	2.708	0.005	1192.8	NULL	20411	30.0	0.040
38	4-A-2622	1	3.744	0.005	3.430	0.005	-99.000	-99.000	2.168	0.005	0.5469	0.5465	0.625	0.001	19721	1	20603	20411	20925	20975	20411	2.676	0.005	NULL	NULL	1.780	0.010	-99.0	21065	2.708	0.005	1218.2	NULL	20411	30.0	0.040
39	4-A-3158	0	3.437	NULL	3.126	0.002	2.360	0.005	-99.000	-99.000	0.9832	0.9827	0.822	0.001	19721	1	20411	20411	20561	20411	20411	5.500	0.005	4.684	0.001	3.020	NULL	-99.0	21065	3.670	NULL	NULL	NULL	20561	20.0	0.080
40	4-A-3160	0	NULL	NULL	3.126	0.002	2.360	0.005	-99.000	-99.000	0.9832	0.9827	0.822	0.001	19721	1	21054	20411	20561	20411	20411	5.500	0.005	4.684	0.001	3.020	NULL	-99.0	21065	3.670	NULL	NULL	NULL	20411	20.0	0.080
41	4-A-3280	0	2.095	0.005	1.734	0.003	-99.000	-99.000	-99.000	-99.000	0.5467	0.5462	0.625	0.001	19721	0	20939	20411	20909	20411	20411	4.140	0.005	3.875	0.005	1.867	0.005	5.5	21068	1.942	0.010	NULL	NULL	20411	30.0	0.043
42	4-A-3281	0	2.095	0.005	1.734	0.003	-99.000	-99.000	-99.000	-99.000	0.5467	0.5462	0.625	0.001	19721	0	20939	20411	20909	20411	20411	4.140	0.005	3.875	0.005	1.867	0.005	24.0	21066	1.942	0.010	NULL	NULL	20411	30.0	0.043
43	4-A-3284	1	2.095	0.005	1.734	0.003	-99.000	-99.000	-99.000	-99.000	0.5467	0.5462	0.625	0.001	19721	0	20943	20411	20909	20975	20411	2.676	0.005	2.350	0.005	1.791	0.005	-99.0	21065	2.012	0.005	678.2	NULL	20411	30.0	0.117
44	4-A-3295	0	2.095	0.005	1.734	0.003	-99.000	-99.000	-99.000	-99.000	0.5467	0.5462	0.625	0.001	19721	0	20939	20411	20909	20411	20411	4.185	0.005	3.875	0.005	1.867	0.005	5.0	21066	1.942	0.010	NULL	NULL	20411	30.0	0.043
45	4-A-3296	0	2.095	0.005	1.734	0.003	-99.000	-99.000	-99.000	-99.000	0.5467	0.5462	0.625	0.001	19721	0	20939	20411	20909	20411	20411	4.185	0.005	1.867	0.005	0.850	0.005	24.0	21066	1.942	0.010	952.4	NULL	20411	30.0	0.043
46	4-A-3322	0	3.128	0.002	2.685	0.005	2.358	0.008	-99.000	-99.000	0.6223	0.6220	0.710	0.001	19721	1	21054	20411	20925	20411	20411	3.185	0.001	2.370	0.010	2.114	NULL	-99.0	21065	NULL	NULL	1280.3	NULL	20925	30.0	0.060
47	4-A-3364	0	2.095	0.005	1.734	0.003	-99.000	-99.000	-99.000	-99.000	0.5467	0.5462	0.625	0.001	19721	0	20939	20411	20909	20411	20411	4.185	0.005	3.875	0.005	1.867	0.005	5.0	21068	1.942	0.010	965.9	NULL	20411	30.0	0.043
48	4-A-3432	0	NULL	NULL	NULL	NULL	NULL	NULL	-99.000	-99.000	NULL	NULL	NULL	NULL	NULL	1	NULL	NULL	NULL	20411	20411	NULL	NULL	NULL	NULL	NULL	NULL	-99.0	21065	NULL	NULL	NULL	NULL	NULL	NULL	NULL
49	4-A-3466	1	3.744	0.005	3.430	0.005	-99.000	-99.000	2.405	0.005	0.5469	0.5465	0.625	0.001	19721	1	20629	20411	20909	20975	20411	2.676	0.005	NULL	NULL	1.780	0.010	-99.0	21065	2.708	0.005	1210.8	NULL	20411	30.0	0.040
50	4-A-3713	1	3.744	0.005	3.430	0.005	-99.000	-99.000	2.405	0.005	0.5469	0.5465	0.624	0.001	19721	1	20603	20411	20925	20975	20411	2.676	0.005	NULL	NULL	1.780	0.010	-99.0	21065	2.708	0.005	1115.4	NULL	20411	30.0	0.040
51	4-A-3715	0	2.095	0.005	1.734	0.003	-99.000	-99.000	-99.000	-99.000	0.5467	0.5462	0.625	0.001	19721	0	20963	20411	20909	20411	20411	2.676	0.005	1.940	0.010	NULL	NULL	-99.0	21065	1.932	0.005	616.0	NULL	20411	NULL	NULL
52	4-A-3722	1	2.095	0.005	1.734	0.003	-99.000	-99.000	-99.000	-99.000	0.5467	0.5462	0.625	0.001	19721	0	20963	20411	20909	20975	20411	2.676	0.005	2.386	0.005	1.791	0.005	-99.0	21065	2.012	0.005	720.1	NULL	20411	30.0	0.117
53	4-A-3906	0	2.095	0.005	1.734	0.003	-99.000	-99.000	-99.000	-99.000	0.5467	0.5462	0.625	0.001	19721	0	20939	20411	20909	20411	20411	4.185	0.005	3.875	0.005	1.867	0.005	20.0	21066	1.942	0.010	NULL	NULL	20411	30.0	0.043
54	4-A-3908	0	2.095	0.005	1.734	0.003	-99.000	-99.000	-99.000	-99.000	0.5467	0.5462	0.625	0.001	19721	0	20939	20411	20909	20411	20411	4.185	0.005	3.875	0.005	1.867	0.005	22.0	21066	1.942	0.010	NULL	NULL	20411	30.0	0.043
55	4-A-3911	1	2.095	0.005	1.734	0.003	-99.000	-99.000	-99.000	-99.000	0.5467	0.5462	0.625	0.001	19721	0	20963	20411	20909	20975	20411	2.676	0.005	2.234	0.005	1.635	0.005	-99.0	21065	1.927	0.005	652.4	NULL	20411	30.0	0.032
56	4-A-4031	0	2.095	0.005	1.734	0.003	-99.000	-99.000	-99.000	-99.000	0.5467	0.5462	0.625	0.001	19721	0	20939	20411	20909	20411	20411	4.539	0.005	4.195	0.005	2.025	0.005	5.0	21066	1.942	0.010	1045.2	NULL	20411	30.0	0.043
57	4-A-4032	0	2.095	0.005	1.734	0.003	-99.000	-99.000	-99.000	-99.000	0.5467	0.5462	0.625	0.001	19721	0	20939	20411	20909	20411	20411	4.539	0.005	4.195	0.005	2.025	0.005	5.0	21066	1.942	0.010	1078.1	NULL	20411	30.0	0.043
58	4-A-4033	0	2.095	0.005	1.734	0.003	-99.000	-99.000	-99.000	-99.000	0.5467	0.5462	0.625	0.001	19721	0	20939	20411	20909	20411	20411	4.539	0.005	4.195	0.005	2.025	0.005	24.0	21066	1.942	0.010	1060.2	NULL	20411	30.0	0.043
59	4-A-4334	NULL	NULL	NULL	NULL	NULL	NULL	NULL	NULL	NULL	NULL	NULL	NULL	NULL	NULL	NULL	NULL	NULL	NULL	NULL	NULL	NULL	NULL	NULL	NULL	NULL	NULL	NULL	NULL	NULL	NULL	NULL	NULL	NULL	NULL	NULL
60	4-A-4335	NULL	NULL	NULL	NULL	NULL	NULL	NULL	NULL	NULL	NULL	NULL	NULL	NULL	NULL	NULL	NULL	NULL	NULL	NULL	NULL	NULL	NULL	NULL	NULL	NULL	NULL	NULL	NULL	NULL	NULL	NULL	NULL	NULL	NULL	NULL
61	4-A-4403	0	2.095	0.005	1.734	0.003	-99.000	-99.000	-99.000	-99.000	0.5467	0.5462	0.625	0.001	19721	0	20939	20411	20909	20411	20411	3.264	0.005	2.468	0.005	1.340	0.010	-99.0	21065	1.964	0.005	872.4	NULL	20411	30.0	0.081
62	4-A-4411	0	2.095	0.005	1.732	0.005	-99.000	-99.000	-99.000	-99.000	0.5467	0.5462	0.625	0.005	19721	0	20925	20411	20909	20411	20411	4.185	0.005	3.878	0.005	1.867	0.005	NULL	21066	1.942	0.005	NULL	NULL	20411	30.0	0.043
63	4-A-4415	NULL	NULL	NULL	NULL	NULL	NULL	NULL	NULL	NULL	NULL	NULL	NULL	NULL	NULL	NULL	NULL	NULL	NULL	NULL	NULL	NULL	NULL	NULL	NULL	NULL	NULL	NULL	NULL	NULL	NULL	NULL	NULL	NULL	NULL	NULL
64	4-A-4423	0	2.095	0.005	1.732	0.005	-99.000	-99.000	-99.000	-99.000	0.5520	0.5420	0.625	0.005	19721	0	20939	20411	20909	20411	20411	4.185	0.005	3.878	0.005	1.788	0.005	18.9	21066	1.942	0.010	NULL	NULL	20411	30.0	NULL
65	4-A-4452	0	2.094	0.004	1.734	0.002	-99.000	-99.000	-99.000	-99.000	0.5468	0.5465	0.617	0.002	19721	0	20939	20411	20909	20411	20411	4.181	0.002	3.866	NULL	1.866	NULL	25.0	21066	NULL	NULL	NULL	NULL	20411	45.0	0.024
66	4-A-4455	0	2.095	NULL	1.734	NULL	NULL	NULL	-99.000	NULL	NULL	NULL	NULL	NULL	19721	NULL	20939	20909	NULL	20411	NULL	-99.000	NULL	4.185	NULL	1.870	NULL	NULL	21066	1.942	NULL	NULL	NULL	NULL	NULL	NULL
67	4-A-4457	0	2.095	0.005	1.732	0.005	-99.000	-99.000	-99.000	-99.000	0.5510	0.5410	0.625	0.005	19721	0	20939	20411	20909	20411	20411	4.185	0.005	3.878	0.005	1.788	0.005	18.0	21066	1.942	0.010	940.0	NULL	20411	30.0	0.043
68	4-A-4614	0	2.095	NULL	1.734	NULL	NULL	NULL	-99.000	NULL	NULL	NULL	NULL	NULL	19721	NULL	20411	20945	NULL	20411	NULL	-99.000	NULL	4.185	NULL	1.870	NULL	NULL	21066	NULL	NULL	NULL	NULL	NULL	NULL	NULL
69	4-A-4615	0	2.095	NULL	1.734	NULL	NULL	NULL	-99.000	NULL	NULL	NULL	NULL	NULL	19721	NULL	20939	20909	NULL	20411	NULL	-99.000	NULL	4.857	NULL	1.879	NULL	NULL	21066	1.942	NULL	NULL	NULL	NULL	NULL	NULL
70	4-A-4616	0	2.095	NULL	1.734	NULL	NULL	NULL	-99.000	NULL	NULL	NULL	NULL	NULL	19721	NULL	20939	20909	NULL	20411	NULL	-99.000	NULL	4.185	NULL	1.870	NULL	NULL	21066	1.942	NULL	NULL	NULL	NULL	NULL	NULL
71	4-A-4617	0	4.604	NULL	3.717	NULL	NULL	NULL	3.145	NULL	NULL	NULL	NULL	NULL	19721	NULL	20939	20909	NULL	20411	NULL	-99.000	NULL	4.858	NULL	1.870	NULL	NULL	21066	2.252	NULL	NULL	NULL	NULL	NULL	NULL
72	4-A-4618	0	2.095	NULL	1.734	NULL	NULL	NULL	-99.000	NULL	NULL	NULL	NULL	NULL	19721	NULL	20939	20909	NULL	20411	NULL	-99.000	NULL	4.185	NULL	1.871	NULL	NULL	21068	1.942	NULL	986.0	NULL	NULL	NULL	NULL
73	4-A-4619	0	2.095	NULL	1.734	NULL	NULL	NULL	-99.000	NULL	NULL	NULL	NULL	NULL	19721	NULL	20939	20909	NULL	20411	NULL	-99.000	NULL	4.140	NULL	1.871	NULL	NULL	21066	1.942	NULL	943.0	NULL	NULL	NULL	NULL
74	4-A-4620	0	2.095	NULL	1.734	NULL	NULL	NULL	-99.000	-99.000	NULL	NULL	NULL	NULL	19721	NULL	20925	20909	NULL	20411	NULL	-99.000	NULL	4.185	NULL	1.871	NULL	29.1	21067	1.942	NULL	936.0	NULL	NULL	NULL	NULL
75	4-A-4621	0	2.095	NULL	1.734	NULL	NULL	NULL	-99.000	NULL	NULL	NULL	NULL	NULL	19721	NULL	20925	20909	NULL	20411	NULL	-99.000	NULL	4.185	NULL	1.871	NULL	NULL	21067	1.942	NULL	912.0	NULL	NULL	NULL	NULL
76	4-A-4622	0	2.095	NULL	1.734	NULL	NULL	NULL	-99.000	NULL	NULL	NULL	NULL	NULL	19721	NULL	20943	20909	NULL	20411	NULL	-99.000	NULL	4.185	NULL	1.871	NULL	NULL	21067	1.942	NULL	905.0	NULL	NULL	NULL	NULL
77	4-A-4623	0	2.095	NULL	1.730	NULL	NULL	NULL	-99.000	NULL	NULL	NULL	NULL	NULL	19721	NULL	20939	20909	NULL	20411	NULL	4.382	NULL	4.860	NULL	1.870	NULL	NULL	21067	1.942	NULL	1172.0	NULL	NULL	NULL	NULL
78	4-A-4624	0	2.095	NULL	1.734	NULL	NULL	NULL	-99.000	-99.000	NULL	NULL	NULL	NULL	19721	NULL	20939	20909	NULL	20411	NULL	-99.000	NULL	4.185	NULL	1.871	NULL	6.3	21066	1.942	NULL	920.0	NULL	NULL	NULL	NULL
79	4-A-4625	1	2.095	NULL	1.734	NULL	NULL	NULL	-99.000	NULL	NULL	NULL	NULL	NULL	19721	NULL	20909	20909	NULL	20909	NULL	-99.000	NULL	4.185	NULL	1.871	NULL	NULL	21067	1.942	NULL	973.0	NULL	NULL	NULL	NULL
80	4-A-4626	0	2.095	NULL	1.734	NULL	NULL	NULL	-99.000	NULL	NULL	NULL	NULL	NULL	19721	NULL	20939	20909	NULL	20411	NULL	-99.000	NULL	4.185	NULL	1.871	NULL	NULL	21066	1.942	NULL	981.0	NULL	NULL	NULL	NULL
81	4-A-4627	0	4.880	NULL	3.930	NULL	NULL	NULL	3.145	NULL	NULL	NULL	NULL	NULL	19721	NULL	20939	20909	NULL	20411	NULL	4.382	NULL	4.856	NULL	1.860	NULL	NULL	21066	2.280	NULL	1705.0	NULL	NULL	NULL	NULL
82	4-A-4628	0	4.880	NULL	3.934	NULL	NULL	NULL	3.150	NULL	NULL	NULL	NULL	NULL	19721	NULL	20939	20909	NULL	20411	NULL	-99.000	NULL	4.857	NULL	1.880	NULL	NULL	21066	2.278	NULL	1690.0	NULL	NULL	NULL	NULL
83	4-A-4629	0	2.095	NULL	1.734	NULL	NULL	NULL	-99.000	NULL	NULL	NULL	NULL	NULL	19721	NULL	20939	20909	NULL	20411	NULL	-99.000	NULL	4.185	NULL	1.871	NULL	NULL	21066	1.942	NULL	1013.0	NULL	NULL	NULL	NULL
84	4-A-4630	0	2.095	NULL	1.734	NULL	NULL	NULL	-99.000	NULL	NULL	NULL	NULL	NULL	19721	NULL	20909	20909	NULL	20411	NULL	-99.000	NULL	4.185	NULL	1.871	NULL	NULL	21067	1.942	NULL	970.0	NULL	NULL	NULL	NULL
85	4-A-4631	0	3.890	NULL	3.520	NULL	NULL	NULL	3.150	NULL	NULL	NULL	NULL	NULL	19721	NULL	20939	20909	NULL	20411	NULL	-99.000	NULL	4.857	NULL	1.890	NULL	NULL	21066	2.250	NULL	1430.0	NULL	NULL	NULL	NULL
86	4-A-4632	1	2.095	NULL	1.734	NULL	NULL	NULL	-99.000	-99.000	NULL	NULL	NULL	NULL	19721	NULL	20909	20909	NULL	20909	NULL	-99.000	NULL	4.185	NULL	1.871	NULL	NULL	21067	1.942	NULL	970.0	NULL	NULL	NULL	NULL
87	4-A-4633	1	2.095	NULL	1.734	NULL	NULL	NULL	-99.000	NULL	NULL	NULL	NULL	NULL	19721	NULL	20909	20909	NULL	20909	NULL	-99.000	NULL	4.185	NULL	1.871	NULL	NULL	21067	1.942	NULL	978.0	NULL	NULL	NULL	NULL
88	4-A-4634	0	2.095	NULL	1.734	NULL	NULL	NULL	-99.000	NULL	NULL	NULL	NULL	NULL	19721	NULL	20939	20909	NULL	20411	NULL	-99.000	NULL	4.537	NULL	2.022	NULL	NULL	21068	1.942	NULL	1060.0	NULL	NULL	NULL	NULL
89	4-A-4635	0	2.904	0.005	-99.000	-99.000	-99.000	-99.000	-99.000	-99.000	0.6230	0.6210	0.710	0.005	19721	1	20411	20411	20411	20411	20411	3.263	0.005	2.882	0.005	NULL	NULL	-99.0	21065	2.662	0.005	1740.0	NULL	20411	NULL	0.100
90	4-A-4637	0	2.095	NULL	1.734	NULL	NULL	NULL	-99.000	NULL	NULL	NULL	NULL	NULL	19721	NULL	20939	20909	NULL	20411	NULL	-99.000	NULL	4.537	NULL	2.022	NULL	NULL	21066	1.942	NULL	1070.0	NULL	NULL	NULL	NULL
91	4-A-4883	0	3.890	NULL	3.521	NULL	NULL	NULL	3.147	NULL	NULL	NULL	NULL	NULL	19721	NULL	20939	20909	NULL	20411	NULL	-99.000	NULL	4.856	NULL	1.872	NULL	20.0	21066	2.278	NULL	1449.0	NULL	NULL	NULL	NULL
92	4-A-4884	0	2.508	NULL	2.093	NULL	NULL	NULL	NULL	NULL	NULL	NULL	NULL	NULL	19721	NULL	20939	20909	NULL	20411	NULL	-99.000	NULL	4.185	NULL	1.785	NULL	NULL	21066	1.942	NULL	949.0	NULL	NULL	NULL	NULL
93	4-A-4923	0	3.746	NULL	3.430	NULL	NULL	NULL	2.095	NULL	NULL	NULL	NULL	NULL	19721	NULL	20963	20991	NULL	20411	NULL	2.677	NULL	NULL	NULL	2.298	NULL	NULL	21065	2.705	NULL	1018.0	NULL	NULL	NULL	NULL
94	4-A-4965	1	3.461	NULL	-99.000	NULL	NULL	NULL	1.532	NULL	NULL	NULL	NULL	NULL	19720	NULL	20963	20909	NULL	20963	NULL	3.131	NULL	NULL	NULL	2.420	NULL	NULL	21065	1.881	NULL	919.5	NULL	NULL	NULL	NULL
95	4-A-4966	1	3.738	NULL	3.310	NULL	NULL	NULL	1.649	NULL	NULL	NULL	NULL	NULL	19720	NULL	20963	20909	NULL	20963	NULL	3.088	NULL	NULL	NULL	2.377	NULL	NULL	21065	1.909	NULL	1018.5	NULL	NULL	NULL	NULL
96	4-A-4969	0	2.502	NULL	2.093	NULL	NULL	NULL	-99.000	NULL	NULL	NULL	NULL	NULL	19721	NULL	20939	20909	NULL	20411	NULL	-99.000	NULL	4.186	NULL	1.872	NULL	NULL	21068	1.930	NULL	962.0	NULL	NULL	NULL	NULL
97	4-A-4970	0	2.494	NULL	2.093	NULL	NULL	NULL	-99.000	NULL	NULL	NULL	NULL	NULL	19721	NULL	20939	20909	NULL	20411	NULL	-99.000	NULL	4.186	NULL	1.872	NULL	24.0	21066	1.968	NULL	974.0	NULL	NULL	NULL	NULL
98	4-A-4971	0	2.466	NULL	2.093	NULL	NULL	NULL	-99.000	NULL	NULL	NULL	NULL	NULL	19721	NULL	20939	20909	NULL	20411	NULL	-99.000	NULL	4.539	NULL	2.021	NULL	NULL	21068	1.942	NULL	1074.0	NULL	NULL	NULL	NULL
99	4-A-4972	0	2.451	NULL	2.084	NULL	NULL	NULL	-99.000	NULL	NULL	NULL	NULL	NULL	19721	NULL	20939	20909	NULL	20411	NULL	-99.000	NULL	4.540	NULL	2.021	NULL	NULL	21066	1.942	NULL	1051.0	NULL	NULL	NULL	NULL
100	4-A-4973	0	2.451	NULL	2.093	NULL	NULL	NULL	-99.000	NULL	NULL	NULL	NULL	NULL	19721	NULL	20939	20909	NULL	20411	NULL	-99.000	NULL	4.540	NULL	2.021	NULL	NULL	21066	1.942	NULL	1051.0	NULL	NULL	NULL	NULL
101	4-A-4974	0	2.457	NULL	2.093	NULL	NULL	NULL	-99.000	NULL	NULL	NULL	NULL	NULL	19721	NULL	20939	20909	NULL	20411	NULL	-99.000	NULL	4.540	NULL	2.021	NULL	17.8	21066	1.942	NULL	1065.0	NULL	NULL	NULL	NULL
102	4-A-4975	0	2.458	NULL	2.092	NULL	NULL	NULL	-99.000	NULL	NULL	NULL	NULL	NULL	19721	NULL	20963	20909	NULL	20411	NULL	-99.000	NULL	4.540	NULL	2.021	NULL	NULL	21068	1.942	NULL	1078.0	NULL	NULL	NULL	NULL
103	4-A-5194	0	2.460	NULL	2.091	NULL	NULL	NULL	-99.000	NULL	NULL	NULL	NULL	NULL	19721	NULL	20939	20909	NULL	20411	NULL	-99.000	NULL	4.461	NULL	2.021	NULL	NULL	21068	1.942	NULL	959.0	NULL	NULL	NULL	NULL
104	4-A-5240	0	2.460	NULL	2.087	NULL	NULL	NULL	-99.000	NULL	NULL	NULL	NULL	NULL	19721	NULL	20939	20909	NULL	20411	NULL	-99.000	NULL	4.858	NULL	1.872	NULL	NULL	21067	1.942	NULL	1168.0	NULL	NULL	NULL	NULL
105	4-A-5241	0	2.420	NULL	2.087	NULL	NULL	NULL	-99.000	NULL	NULL	NULL	NULL	NULL	19721	NULL	20909	20909	NULL	20411	NULL	-99.000	NULL	4.540	NULL	1.872	NULL	NULL	21067	1.942	NULL	1047.0	NULL	NULL	NULL	NULL
106	4-A-5242	0	4.880	NULL	3.940	NULL	NULL	NULL	3.147	NULL	NULL	NULL	NULL	NULL	19721	NULL	20943	20909	NULL	20411	NULL	-99.000	NULL	4.540	NULL	2.022	NULL	NULL	21066	NULL	NULL	1450.0	NULL	NULL	NULL	NULL
107	4-A-5243	0	2.095	NULL	1.730	NULL	NULL	NULL	-99.000	NULL	NULL	NULL	NULL	NULL	19721	NULL	20909	20909	NULL	20411	NULL	-99.000	NULL	4.183	NULL	1.870	NULL	NULL	21067	1.940	NULL	949.0	NULL	NULL	NULL	NULL
108	4-A-5244	0	2.095	NULL	1.730	NULL	NULL	NULL	-99.000	NULL	NULL	NULL	NULL	NULL	19721	NULL	NULL	20945	NULL	20411	NULL	-99.000	NULL	4.540	NULL	2.027	NULL	NULL	21066	1.940	NULL	1796.0	NULL	NULL	NULL	NULL
109	4-A-5266	1	4.410	NULL	3.784	NULL	NULL	NULL	2.256	NULL	NULL	NULL	NULL	NULL	19721	NULL	NULL	20909	NULL	20975	NULL	2.678	NULL	2.678	NULL	2.300	NULL	NULL	21065	2.705	NULL	1439.0	NULL	NULL	NULL	NULL
110	4-A-5279	0	2.456	NULL	2.095	NULL	NULL	NULL	-99.000	NULL	NULL	NULL	NULL	NULL	19721	NULL	20939	20909	NULL	20411	NULL	4.540	NULL	-99.000	NULL	2.022	NULL	NULL	21066	1.942	NULL	1070.0	NULL	NULL	NULL	NULL
111	4-A-5280	0	3.740	NULL	3.314	NULL	NULL	NULL	1.770	NULL	NULL	NULL	NULL	NULL	19720	NULL	20909	20909	NULL	20411	NULL	3.090	NULL	2.380	NULL	1.310	NULL	NULL	21065	1.886	NULL	796.5	NULL	NULL	NULL	NULL
112	4-A-5281	0	2.460	NULL	2.095	NULL	NULL	NULL	-99.000	NULL	NULL	NULL	NULL	NULL	19721	NULL	20939	20909	NULL	20411	NULL	4.460	NULL	4.180	NULL	2.021	NULL	NULL	21068	1.942	NULL	1057.0	NULL	NULL	NULL	NULL
113	4-A-5282	1	2.460	NULL	2.095	NULL	NULL	NULL	-99.000	NULL	NULL	NULL	NULL	NULL	19721	NULL	20939	20909	NULL	20975	NULL	2.380	NULL	3.090	NULL	2.850	NULL	NULL	21065	2.002	NULL	741.0	NULL	NULL	NULL	NULL
114	4-A-5283	0	5.175	NULL	4.690	NULL	NULL	NULL	3.150	NULL	NULL	NULL	NULL	NULL	19721	NULL	NULL	NULL	NULL	20411	NULL	-99.000	NULL	4.540	NULL	2.020	NULL	14.0	21066	NULL	NULL	1885.0	NULL	NULL	NULL	NULL
115	4-A-5291	0	2.852	0.005	2.652	0.005	-99.000	-99.000	-99.000	-99.000	0.6225	0.6220	0.710	0.005	19721	1	20411	20411	20925	20411	20411	3.265	0.005	2.882	0.005	NULL	NULL	-99.0	21065	NULL	NULL	1190.0	NULL	20925	27.0	0.085
116	4-A-5320	0	2.500	NULL	2.095	NULL	NULL	NULL	-99.000	NULL	NULL	NULL	NULL	NULL	19721	NULL	20939	20909	NULL	20411	NULL	-99.000	NULL	2.670	NULL	1.095	NULL	NULL	21065	1.923	NULL	690.5	NULL	NULL	NULL	NULL
117	4-A-5321	0	2.450	NULL	2.095	NULL	NULL	NULL	-99.000	NULL	NULL	NULL	NULL	NULL	19721	NULL	20939	20909	NULL	20411	NULL	-99.000	NULL	4.540	NULL	2.022	NULL	NULL	21066	1.940	NULL	1057.5	NULL	NULL	NULL	NULL
118	4-A-5354	0	2.500	NULL	2.095	NULL	NULL	NULL	-99.000	NULL	NULL	NULL	NULL	NULL	19721	NULL	20925	20909	NULL	20411	NULL	2.580	NULL	3.090	NULL	1.200	NULL	NULL	21065	1.923	NULL	830.5	NULL	NULL	NULL	NULL
119	4-A-5364	0	3.450	NULL	3.120	NULL	NULL	NULL	-99.000	NULL	NULL	NULL	NULL	NULL	19721	NULL	20925	20925	NULL	20411	NULL	2.500	NULL	3.180	NULL	1.075	NULL	NULL	21065	2.670	NULL	1291.5	NULL	NULL	NULL	NULL
120	4-A-5378	0	3.750	NULL	3.430	NULL	NULL	NULL	2.090	NULL	NULL	NULL	NULL	NULL	19721	NULL	20963	20909	NULL	20411	NULL	2.300	NULL	2.680	NULL	1.800	NULL	NULL	21065	2.710	NULL	1007.5	NULL	NULL	NULL	NULL
121	4-A-5565	1	2.500	NULL	2.095	NULL	NULL	NULL	-99.000	NULL	NULL	NULL	NULL	NULL	19721	NULL	20909	20909	NULL	20909	NULL	-99.000	NULL	4.540	NULL	2.020	NULL	NULL	21066	1.940	NULL	1249.5	NULL	NULL	NULL	NULL
122	4-A-5589	0	2.460	NULL	2.095	NULL	NULL	NULL	-99.000	NULL	NULL	NULL	NULL	NULL	19721	NULL	20939	20909	NULL	20411	NULL	4.380	NULL	4.860	NULL	1.850	NULL	NULL	21068	1.940	NULL	1183.5	NULL	NULL	NULL	NULL
123	4-A-5600	0	2.450	NULL	2.095	NULL	NULL	NULL	-99.000	NULL	NULL	NULL	NULL	NULL	19721	NULL	20939	20909	NULL	20411	NULL	-99.000	NULL	4.540	NULL	2.022	NULL	63.0	21066	1.940	NULL	1054.0	NULL	NULL	NULL	NULL
124	4-A-5604	0	3.126	NULL	2.357	NULL	NULL	NULL	-99.000	NULL	NULL	NULL	NULL	NULL	19721	NULL	NULL	20561	NULL	NULL	NULL	-99.000	NULL	3.184	NULL	2.120	NULL	NULL	21065	2.650	NULL	NULL	NULL	NULL	NULL	NULL
125	4-A-5610	1	2.680	NULL	-99.000	NULL	NULL	NULL	-99.000	NULL	NULL	NULL	NULL	NULL	19720	NULL	NULL	20945	NULL	20975	NULL	2.924	NULL	2.946	NULL	2.570	NULL	NULL	21065	2.500	NULL	1675.0	NULL	NULL	NULL	NULL
126	4-A-5614	NULL	2.510	NULL	2.095	NULL	NULL	NULL	-99.000	NULL	NULL	NULL	NULL	NULL	19721	NULL	20909	20909	NULL	20909	NULL	2.030	NULL	4.540	NULL	1.930	NULL	NULL	21067	1.940	NULL	1275.0	NULL	NULL	NULL	NULL
127	4-A-5616	0	4.360	NULL	3.590	NULL	NULL	NULL	3.150	NULL	NULL	NULL	NULL	NULL	19721	NULL	20939	20909	NULL	20411	NULL	4.380	NULL	4.860	NULL	1.850	NULL	NULL	21067	2.280	NULL	1493.5	NULL	NULL	NULL	NULL
128	4-A-5624	0	2.500	NULL	2.095	NULL	NULL	NULL	-99.000	NULL	NULL	NULL	NULL	NULL	19721	NULL	20943	20909	NULL	20411	NULL	-99.000	NULL	4.180	NULL	1.782	NULL	NULL	21068	1.940	NULL	951.5	NULL	NULL	NULL	NULL
129	4-A-5629	1	2.500	NULL	2.095	NULL	NULL	NULL	-99.000	NULL	NULL	NULL	NULL	NULL	19721	NULL	20909	20909	NULL	20909	NULL	-99.000	NULL	4.540	NULL	1.870	NULL	NULL	21067	1.940	NULL	1188.0	NULL	NULL	NULL	NULL
130	4-A-5639	0	2.095	NULL	1.730	NULL	NULL	NULL	-99.000	NULL	NULL	NULL	NULL	NULL	19721	NULL	20939	20909	NULL	NULL	NULL	4.180	NULL	4.460	NULL	2.020	NULL	NULL	21066	1.940	NULL	1039.0	NULL	NULL	NULL	NULL
131	4-A-5663	0	2.095	NULL	1.730	NULL	NULL	NULL	-99.000	NULL	NULL	NULL	NULL	NULL	19721	NULL	20939	20909	NULL	NULL	NULL	-99.000	NULL	4.540	NULL	2.020	NULL	NULL	21066	1.940	NULL	1041.0	NULL	NULL	NULL	NULL
132	4-A-5669	0	2.095	NULL	1.730	NULL	NULL	NULL	-99.000	NULL	NULL	NULL	NULL	NULL	19721	NULL	20939	20909	NULL	NULL	NULL	-99.000	NULL	4.540	NULL	2.020	NULL	NULL	21066	1.975	NULL	1059.0	NULL	NULL	NULL	NULL
133	4-A-5676	0	5.174	NULL	4.700	NULL	NULL	NULL	3.147	NULL	NULL	NULL	NULL	NULL	19721	NULL	NULL	NULL	NULL	NULL	NULL	-99.000	NULL	4.540	NULL	2.020	NULL	NULL	21066	2.300	NULL	1869.0	NULL	NULL	NULL	NULL
134	4-A-5679	0	3.344	NULL	2.185	NULL	NULL	NULL	-99.000	NULL	NULL	NULL	NULL	NULL	19721	NULL	20925	20925	NULL	NULL	NULL	3.790	NULL	4.500	NULL	3.430	NULL	NULL	21065	3.220	NULL	1903.0	NULL	NULL	NULL	NULL
135	4-A-5718	1	3.750	NULL	3.430	NULL	NULL	NULL	2.400	NULL	NULL	NULL	NULL	NULL	19721	NULL	NULL	20925	NULL	20975	NULL	-99.000	NULL	2.677	NULL	2.280	NULL	NULL	21065	2.710	NULL	1174.0	NULL	NULL	NULL	NULL
136	4-A-5723	0	2.855	0.005	1.710	0.010	-99.000	-99.000	-99.000	-99.000	0.7039	0.7035	0.825	0.001	19721	1	20991	20411	20925	20411	20411	3.298	0.005	2.924	0.005	2.300	0.005	-99.0	21065	2.768	0.005	1502.0	NULL	20925	35.0	0.080
137	4-A-6007	1	3.304	0.005	1.248	0.010	-99.000	-99.000	-99.000	-99.000	0.7964	0.7959	0.823	0.001	19721	1	20411	20411	20925	20990	20411	4.498	0.005	3.789	0.005	2.478	0.005	-99.0	21065	3.200	0.010	2635.0	NULL	20925	45.0	0.050
138	4-A-6012	1	2.095	NULL	1.730	NULL	NULL	NULL	-99.000	NULL	NULL	NULL	NULL	NULL	19721	NULL	20939	20909	NULL	20909	NULL	-99.000	NULL	4.540	NULL	1.870	NULL	NULL	21068	NULL	NULL	NULL	NULL	NULL	NULL	NULL
139	4-A-6109	1	4.368	0.005	3.593	0.005	3.146	0.005	-99.000	-99.000	0.5467	0.5462	0.625	0.001	19721	0	20939	20411	20909	20975	20411	3.087	0.005	2.378	0.005	1.500	0.005	-99.0	21065	2.261	0.010	1165.0	NULL	20411	45.0	0.015
140	4-A-6110	1	4.368	0.005	3.593	0.005	3.146	0.005	-99.000	-99.000	0.5467	0.5462	0.625	0.001	19721	0	20939	20411	20909	20975	20411	3.087	0.005	2.378	0.005	1.590	0.005	-99.0	21065	2.261	0.010	1165.0	NULL	20411	45.0	0.015
141	4-A-6142	0	3.349	0.005	3.108	0.005	2.190	0.010	-99.000	-99.000	0.7943	0.7938	0.823	0.001	19721	1	20411	20411	20925	20411	20411	4.498	0.005	3.789	0.005	3.428	0.005	-99.0	21065	3.200	0.010	1923.0	NULL	20925	45.0	0.050
142	4-A-6166	0	3.350	0.005	2.925	0.005	2.192	0.010	-99.000	-99.000	0.7941	0.7936	0.823	0.001	19721	1	20411	20411	20925	20411	20411	4.498	0.005	3.789	0.005	3.428	0.005	-99.0	21065	3.232	0.010	1923.0	NULL	20925	45.0	0.050
143	4-A-6171	1	2.095	0.005	1.734	0.003	1.350	0.005	-99.000	-99.000	0.5470	0.5465	0.625	0.001	19721	0	20963	20411	20909	20975	20411	2.676	0.005	2.383	0.005	1.850	0.005	-99.0	21065	2.012	0.005	676.1	NULL	20411	30.0	0.100
144	4-B-4050	0	2.950	0.005	2.678	0.003	2.475	0.005	-99.000	-99.000	0.6250	0.6246	0.760	0.001	19721	1	20411	20411	20925	20411	20411	3.223	0.005	2.719	0.005	NULL	NULL	-99.0	21065	2.964	0.005	1435.0	NULL	20925	NULL	NULL
145	4-B-4056	0	6.000	0.005	5.727	0.005	1.878	0.002	3.325	0.005	0.6249	0.6245	0.760	0.001	19721	1	20963	20411	20925	20411	20411	3.224	0.005	2.716	0.005	1.070	0.005	-99.0	21065	3.592	0.005	2449.0	NULL	20925	NULL	NULL
146	4-B-4111	0	6.000	0.005	5.727	0.005	1.878	0.002	3.126	0.005	0.6249	0.6245	0.760	0.001	19721	1	20963	20411	20925	20411	20411	3.224	0.005	2.716	0.005	1.070	0.005	-99.0	21065	3.592	0.005	2449.0	NULL	20925	NULL	NULL
147	4-B-4235	0	2.950	0.005	2.678	0.003	2.475	0.005	-99.000	-99.000	0.6250	0.6246	0.760	0.001	19721	1	20963	20411	20925	20411	20411	3.223	0.005	2.719	0.005	1.250	0.005	-99.0	21065	2.964	0.005	1356.0	NULL	20411	NULL	NULL
148	4-B-4976	1	6.000	NULL	5.725	NULL	NULL	NULL	3.325	NULL	NULL	NULL	NULL	NULL	19721	NULL	20963	20925	NULL	20991	NULL	3.190	NULL	3.220	NULL	2.710	NULL	NULL	21065	3.600	NULL	3088.0	NULL	NULL	NULL	NULL
149	4-B-4977	1	6.000	NULL	5.725	NULL	NULL	NULL	3.120	NULL	NULL	NULL	NULL	NULL	19721	NULL	20963	20925	NULL	20991	NULL	3.190	NULL	3.220	NULL	2.710	NULL	NULL	21065	3.600	NULL	3166.5	NULL	NULL	NULL	NULL
150	4-B-4978	0	6.000	NULL	5.725	NULL	NULL	NULL	3.430	NULL	NULL	NULL	NULL	NULL	19721	NULL	20963	20925	NULL	20411	NULL	3.190	NULL	3.220	NULL	2.710	NULL	NULL	21065	3.600	NULL	2529.0	NULL	NULL	NULL	NULL
151	4-B-4979	0	6.000	NULL	5.725	NULL	NULL	NULL	3.325	NULL	NULL	NULL	NULL	NULL	19721	NULL	20963	20925	NULL	20411	NULL	3.190	NULL	3.220	NULL	2.710	NULL	NULL	21065	3.600	NULL	2526.0	NULL	NULL	NULL	NULL
152	4-B-5199	0	4.996	0.005	4.457	0.005	1.860	0.005	3.445	0.005	0.6260	0.6240	0.760	0.005	19721	1	20963	20411	20925	20411	20411	3.945	0.005	3.223	0.005	2.691	0.005	-99.0	21065	3.600	NULL	1900.0	NULL	20411	45.0	0.086
153	4-B-5296	0	6.000	NULL	5.725	NULL	NULL	NULL	3.325	NULL	NULL	NULL	NULL	NULL	19721	NULL	20925	20925	NULL	20411	NULL	3.190	NULL	3.220	NULL	2.710	NULL	NULL	21065	3.600	NULL	2490.0	NULL	NULL	NULL	NULL
154	4-B-5297	0	6.000	NULL	5.725	NULL	NULL	NULL	3.325	NULL	NULL	NULL	NULL	NULL	19721	NULL	20975	20925	NULL	20411	NULL	3.190	NULL	3.220	NULL	2.710	NULL	NULL	21065	3.600	NULL	2570.0	NULL	20925	NULL	NULL
155	4-B-5342	NULL	NULL	NULL	NULL	NULL	NULL	NULL	NULL	NULL	NULL	NULL	NULL	NULL	NULL	NULL	NULL	NULL	NULL	NULL	NULL	NULL	NULL	NULL	NULL	NULL	NULL	NULL	NULL	NULL	NULL	NULL	NULL	NULL	NULL	NULL
156	4-B-5366	0	6.000	NULL	5.725	NULL	NULL	NULL	3.125	NULL	NULL	NULL	NULL	NULL	19721	NULL	20963	20925	NULL	20411	NULL	3.190	NULL	3.220	NULL	2.710	NULL	NULL	21065	3.600	NULL	2530.0	NULL	NULL	NULL	NULL
157	4-B-5711	0	7.750	NULL	6.960	NULL	NULL	NULL	3.950	NULL	NULL	NULL	NULL	NULL	19721	NULL	20991	20925	NULL	20411	NULL	-99.000	NULL	3.620	NULL	3.110	NULL	NULL	21065	4.000	NULL	3750.0	NULL	NULL	NULL	NULL
158	4-B-5859	0	5.000	NULL	4.460	NULL	NULL	NULL	2.770	NULL	NULL	NULL	NULL	NULL	19721	NULL	20963	20925	NULL	20411	NULL	3.220	NULL	3.950	NULL	2.710	NULL	NULL	21065	3.600	NULL	1930.0	NULL	NULL	NULL	NULL
159	4-B-6024	0	5.998	NULL	5.726	NULL	NULL	NULL	3.446	NULL	NULL	NULL	NULL	NULL	19721	NULL	20963	20925	NULL	20411	NULL	3.188	NULL	3.223	NULL	2.716	NULL	NULL	21065	NULL	NULL	NULL	NULL	NULL	NULL	NULL
160	4-C-3983	0	6.434	0.002	6.000	0.005	2.137	0.005	3.365	0.005	0.7558	0.7554	0.867	0.001	19721	1	20411	20411	20925	20411	20411	3.462	0.005	2.910	0.005	NULL	NULL	-99.0	21065	3.580	0.005	2840.0	NULL	20925	NULL	NULL
161	4-C-4253	0	6.434	0.002	6.000	0.005	2.137	0.005	3.682	0.005	0.7558	0.7554	0.867	0.001	19721	1	20411	20411	20925	20411	20411	3.462	0.005	2.910	0.005	NULL	NULL	-99.0	21065	3.580	0.005	NULL	NULL	20925	NULL	NULL
162	4-C-4254	0	6.434	0.002	6.000	0.005	2.137	0.005	3.761	0.005	0.7558	0.7554	0.867	0.001	19721	1	20411	20411	20925	20411	20411	3.462	0.005	2.910	0.005	NULL	NULL	-99.0	21065	3.580	0.005	NULL	NULL	20925	NULL	NULL
163	4-C-5336	0	4.996	NULL	4.698	NULL	NULL	NULL	2.539	NULL	NULL	NULL	NULL	NULL	NULL	NULL	20925	20975	NULL	20411	NULL	2.383	NULL	2.913	NULL	NULL	NULL	NULL	21065	3.600	NULL	NULL	NULL	NULL	NULL	NULL
164	4-C-5626	0	7.950	NULL	7.225	NULL	NULL	NULL	3.700	NULL	NULL	NULL	NULL	NULL	19721	NULL	20925	20925	NULL	20411	NULL	3.750	NULL	4.400	NULL	3.200	NULL	NULL	21065	4.120	NULL	6270.0	NULL	NULL	NULL	NULL
165	4-C-5695	0	3.915	NULL	3.747	NULL	NULL	NULL	1.957	NULL	NULL	NULL	NULL	NULL	19721	NULL	20963	20991	NULL	20411	NULL	-99.000	NULL	2.625	NULL	2.177	NULL	NULL	21065	2.795	NULL	966.5	NULL	NULL	NULL	NULL
166	4-C-5703	0	6.420	NULL	6.000	NULL	NULL	NULL	3.320	NULL	NULL	NULL	NULL	NULL	19721	NULL	NULL	20561	NULL	20411	NULL	-99.000	NULL	3.460	NULL	2.920	NULL	NULL	21065	3.600	NULL	2820.0	NULL	NULL	NULL	NULL
167	4-C-5708	0	3.915	NULL	3.747	NULL	NULL	NULL	2.350	NULL	NULL	NULL	NULL	NULL	19721	NULL	20963	20991	NULL	20411	NULL	-99.000	NULL	2.625	NULL	2.175	NULL	NULL	21065	2.795	NULL	977.0	NULL	NULL	NULL	NULL
168	4-C-5877	0	7.058	NULL	6.246	NULL	NULL	NULL	3.700	NULL	NULL	NULL	NULL	NULL	19721	NULL	NULL	NULL	NULL	NULL	NULL	3.746	NULL	4.400	NULL	3.200	NULL	NULL	21065	4.145	NULL	NULL	NULL	NULL	NULL	NULL
169	4-D-1126	1	4.442	NULL	3.992	NULL	NULL	NULL	-99.000	NULL	NULL	NULL	NULL	NULL	19720	NULL	20909	20909	NULL	20975	NULL	2.238	NULL	3.030	NULL	0.718	NULL	NULL	21065	2.076	NULL	1194.3	NULL	NULL	NULL	NULL
170	4-D-2274	0	4.445	0.005	1.747	0.005	1.182	0.005	-99.000	-99.000	0.5142	0.5138	0.552	0.001	19721	0	20963	20411	20909	20411	20411	2.440	0.005	NULL	NULL	1.730	NULL	-99.0	21065	2.018	0.005	848.5	NULL	20411	30.0	0.050
171	4-D-2275	1	4.445	0.005	1.747	0.005	1.183	0.005	-99.000	-99.000	0.5142	0.5138	0.552	0.001	19720	0	20963	20411	20909	20975	20411	2.438	0.005	1.870	0.010	1.580	0.010	-99.0	21065	2.018	0.005	1130.7	NULL	20411	30.0	0.050
172	4-D-2430	0	4.445	0.005	1.747	0.005	1.182	0.005	-99.000	-99.000	0.5142	0.5138	0.552	0.001	19720	0	20963	20411	20909	20411	20411	2.440	0.005	1.730	0.010	NULL	NULL	-99.0	21065	2.018	0.005	838.5	NULL	20411	30.0	0.050
173	4-D-3336	1	4.445	0.005	1.747	0.005	1.182	0.005	-99.000	-99.000	0.5142	0.5138	0.552	0.001	19720	0	20963	20411	20909	20975	20411	2.438	0.005	1.870	0.010	1.580	0.010	-99.0	21065	2.018	0.005	1075.7	NULL	20411	30.0	0.050
174	4-D-3338	0	4.445	0.005	1.747	0.005	1.182	0.005	-99.000	-99.000	0.5142	0.5138	0.552	0.001	19721	0	20939	20411	20909	20411	20411	2.440	0.005	1.732	0.010	NULL	NULL	-99.0	21065	2.018	0.005	850.0	NULL	20411	30.0	0.050
175	4-D-3614	1	4.445	0.005	1.747	0.005	1.182	0.005	-99.000	-99.000	0.5142	0.5138	0.552	0.001	19720	0	20963	20411	20909	20975	20411	2.438	0.005	1.870	0.010	1.580	0.010	-99.0	21065	2.018	0.005	1076.2	NULL	20411	30.0	0.050
176	4-D-3819	0	4.250	0.005	4.093	0.005	-99.000	-99.000	1.850	0.005	0.3784	0.3780	0.394	0.001	19721	1	20939	20411	20909	20411	20411	1.967	0.005	1.450	0.005	0.550	0.005	-99.0	21065	2.155	0.005	986.2	NULL	20411	NULL	NULL
177	4-D-3961	0	3.343	0.005	3.090	0.005	1.340	0.005	1.852	0.005	0.3784	0.3780	0.394	0.001	19721	1	20939	20411	20909	20411	20411	3.730	0.005	3.343	0.005	1.627	0.005	20.0	21066	2.114	0.005	817.2	NULL	20411	20.0	0.040
178	4-D-3963	0	3.343	0.005	3.090	0.005	1.340	0.005	1.850	0.005	0.3784	0.3780	0.394	0.001	19721	1	20939	20411	20909	20411	20411	3.728	0.005	3.480	0.005	1.623	0.005	NULL	21066	2.114	0.005	868.7	NULL	20411	NULL	NULL
179	4-D-3967	0	3.855	0.005	3.698	0.005	1.340	0.005	1.850	0.005	0.3784	0.3780	0.394	0.001	19721	1	20939	20411	20909	20411	20411	1.967	0.005	1.450	0.005	0.550	0.005	-99.0	21065	2.155	0.005	901.5	NULL	20411	NULL	NULL
180	4-D-3968	0	3.855	0.005	3.698	0.005	1.340	0.005	1.850	0.005	0.3784	0.3780	0.394	0.001	19721	1	20939	21009	20411	20411	20411	1.967	0.005	1.450	0.005	0.550	0.005	-99.0	21065	2.155	0.005	860.0	NULL	20411	NULL	NULL
181	4-D-4459	0	3.343	0.005	3.090	0.005	1.340	0.005	1.852	0.005	0.3784	0.3780	0.394	0.001	19721	1	20939	20411	20909	20411	20411	3.730	0.005	3.343	0.005	1.627	0.005	20.0	21066	2.114	0.005	817.2	NULL	20411	20.0	0.040
182	4-D-4638	0	4.440	NULL	3.285	NULL	NULL	NULL	-99.000	NULL	NULL	NULL	NULL	NULL	19721	NULL	20945	20945	NULL	20411	NULL	3.983	NULL	4.243	NULL	2.107	NULL	NULL	21066	2.050	NULL	2056.0	NULL	NULL	NULL	NULL
183	4-D-4639	0	4.644	NULL	-99.000	NULL	NULL	NULL	1.850	NULL	NULL	NULL	NULL	NULL	19721	NULL	NULL	NULL	NULL	NULL	NULL	-99.000	NULL	3.730	NULL	1.624	NULL	NULL	21066	2.116	NULL	NULL	NULL	NULL	NULL	NULL
184	4-D-4641	1	4.445	NULL	3.148	NULL	NULL	NULL	-99.000	NULL	NULL	NULL	NULL	NULL	19721	NULL	20943	20909	NULL	20963	NULL	-99.000	NULL	4.191	NULL	1.855	NULL	NULL	21069	2.075	NULL	1391.0	NULL	NULL	NULL	NULL
185	4-D-4885	0	3.344	NULL	3.085	NULL	NULL	NULL	1.851	NULL	NULL	NULL	NULL	NULL	19721	NULL	20939	20909	NULL	20411	NULL	-99.000	NULL	3.730	NULL	1.625	NULL	NULL	21069	2.123	NULL	850.0	NULL	NULL	NULL	NULL
186	4-D-4886	0	3.343	NULL	3.085	NULL	NULL	NULL	1.851	NULL	NULL	NULL	NULL	NULL	19721	NULL	20939	20909	NULL	20411	NULL	-99.000	NULL	3.730	NULL	1.625	NULL	NULL	21069	2.123	NULL	848.0	NULL	NULL	NULL	NULL
187	4-D-4980	0	3.850	NULL	-99.000	NULL	NULL	NULL	1.851	NULL	NULL	NULL	NULL	NULL	19721	NULL	20939	20909	NULL	20411	NULL	-99.000	NULL	3.730	NULL	1.625	NULL	NULL	21067	2.123	NULL	1044.0	NULL	NULL	NULL	NULL
188	4-D-4981	0	3.344	NULL	3.085	NULL	NULL	NULL	1.851	NULL	NULL	NULL	NULL	NULL	19720	NULL	20939	20909	NULL	20411	NULL	-99.000	NULL	3.730	NULL	1.625	NULL	NULL	21066	2.110	NULL	814.0	NULL	NULL	NULL	NULL
189	4-D-4983	0	4.723	NULL	-99.000	NULL	NULL	NULL	3.385	NULL	NULL	NULL	NULL	NULL	19721	NULL	20963	20909	NULL	20411	NULL	-99.000	NULL	2.440	NULL	1.688	NULL	NULL	21065	2.020	NULL	877.0	NULL	NULL	NULL	NULL
190	4-D-4984	0	4.440	NULL	-99.000	NULL	NULL	NULL	3.385	NULL	NULL	NULL	NULL	NULL	19721	NULL	20939	20909	NULL	20411	NULL	-99.000	NULL	2.440	NULL	1.688	NULL	NULL	21065	2.000	NULL	837.0	NULL	NULL	NULL	NULL
191	4-D-4985	0	4.250	NULL	-99.000	NULL	NULL	NULL	1.851	NULL	NULL	NULL	NULL	NULL	19721	NULL	20939	20909	NULL	20411	NULL	-99.000	NULL	3.074	NULL	1.968	NULL	NULL	21065	2.150	NULL	1060.0	NULL	NULL	NULL	NULL
192	4-D-5246	1	4.440	NULL	3.204	NULL	NULL	NULL	1.745	NULL	NULL	NULL	NULL	NULL	19721	NULL	20963	20909	NULL	20975	NULL	2.242	NULL	2.830	NULL	2.125	NULL	NULL	21065	2.055	NULL	1189.0	NULL	NULL	NULL	NULL
193	4-D-5269	0	3.856	NULL	-99.000	NULL	NULL	NULL	1.851	NULL	NULL	NULL	NULL	NULL	19721	NULL	20939	20909	NULL	20411	NULL	-99.000	NULL	2.392	NULL	1.968	NULL	NULL	21065	2.150	NULL	887.0	NULL	NULL	NULL	NULL
194	4-D-5284	1	4.440	NULL	-99.000	NULL	NULL	NULL	1.741	NULL	NULL	NULL	NULL	NULL	19721	NULL	20963	20909	NULL	20975	NULL	-99.000	NULL	2.832	NULL	2.240	NULL	NULL	21065	2.055	NULL	1200.0	NULL	NULL	NULL	NULL
195	4-D-5324	0	4.640	NULL	-99.000	NULL	NULL	NULL	1.851	NULL	NULL	NULL	NULL	NULL	19720	NULL	20939	20909	NULL	20411	NULL	-99.000	NULL	3.730	NULL	1.624	NULL	26.0	21066	2.150	NULL	1344.0	NULL	NULL	NULL	NULL
196	4-D-5327	1	4.440	NULL	-99.000	NULL	NULL	NULL	1.740	NULL	NULL	NULL	NULL	NULL	19720	NULL	20965	20909	NULL	20975	NULL	-99.000	NULL	3.031	NULL	2.302	NULL	NULL	21065	2.056	NULL	1228.0	NULL	NULL	NULL	NULL
197	4-D-5572	0	7.595	NULL	6.630	NULL	NULL	NULL	3.772	NULL	NULL	NULL	NULL	NULL	19721	NULL	20991	20925	NULL	20411	NULL	-99.000	NULL	3.700	NULL	3.070	NULL	NULL	21065	3.685	NULL	4405.0	NULL	NULL	NULL	NULL
198	4-D-5573	0	7.595	NULL	6.630	NULL	NULL	NULL	4.095	NULL	NULL	NULL	NULL	NULL	19721	NULL	20991	20925	NULL	20411	NULL	-99.000	NULL	3.700	NULL	3.070	NULL	NULL	21065	3.685	NULL	4334.0	NULL	NULL	NULL	NULL
199	4-D-5596	0	2.313	NULL	2.124	NULL	NULL	NULL	1.179	NULL	NULL	NULL	NULL	NULL	19721	NULL	20963	20909	NULL	20411	NULL	-99.000	NULL	2.637	NULL	1.860	NULL	NULL	21065	2.281	NULL	659.0	NULL	NULL	NULL	NULL
200	4-D-5619	0	2.832	NULL	2.578	NULL	NULL	NULL	1.852	NULL	NULL	NULL	NULL	NULL	19721	NULL	20939	20909	NULL	20411	NULL	-99.000	NULL	2.325	NULL	1.967	NULL	NULL	21065	2.152	NULL	486.0	NULL	NULL	NULL	NULL
201	4-D-5671	0	4.440	NULL	3.455	NULL	NULL	NULL	1.727	NULL	NULL	NULL	NULL	NULL	19721	NULL	20939	20909	NULL	20411	NULL	3.641	NULL	4.189	NULL	1.854	NULL	NULL	21067	2.080	NULL	1132.0	NULL	NULL	NULL	NULL
202	4-D-5673	0	2.310	NULL	2.124	NULL	NULL	NULL	1.179	NULL	NULL	NULL	NULL	NULL	19721	NULL	20963	20925	NULL	20411	NULL	-99.000	NULL	2.447	NULL	1.842	NULL	NULL	21065	2.280	NULL	690.0	NULL	NULL	NULL	NULL
203	4-D-5734	1	4.440	NULL	-99.000	NULL	NULL	NULL	3.442	NULL	NULL	NULL	NULL	NULL	19721	NULL	20943	20909	NULL	20963	NULL	3.915	NULL	4.243	NULL	2.047	NULL	NULL	21068	2.057	NULL	1357.0	NULL	NULL	NULL	NULL
204	4-D-5751	0	2.833	NULL	1.571	NULL	NULL	NULL	-99.000	NULL	NULL	NULL	NULL	NULL	19721	NULL	20975	20925	NULL	20411	NULL	-99.000	NULL	3.227	NULL	2.520	NULL	NULL	21065	3.030	NULL	1305.0	NULL	NULL	NULL	NULL
205	4-D-5757	0	2.833	NULL	-99.000	NULL	NULL	NULL	-99.000	NULL	NULL	NULL	NULL	NULL	19721	NULL	20925	20925	NULL	20411	NULL	-99.000	NULL	3.228	NULL	2.521	NULL	NULL	21065	3.014	NULL	NULL	NULL	NULL	NULL	NULL
206	4-D-5761	0	2.833	NULL	1.571	NULL	NULL	NULL	-99.000	NULL	NULL	NULL	NULL	NULL	19721	NULL	20925	20925	NULL	20411	NULL	-99.000	NULL	3.464	NULL	2.520	NULL	NULL	21065	3.030	NULL	1338.0	NULL	NULL	NULL	NULL
207	4-D-5882	0	4.092	NULL	2.774	NULL	NULL	NULL	1.852	NULL	NULL	NULL	NULL	NULL	19721	NULL	20939	20909	NULL	20411	NULL	-99.000	NULL	3.993	NULL	1.731	NULL	1.0	21066	2.171	NULL	NULL	NULL	NULL	NULL	NULL
208	4-D-6067	1	4.442	0.005	1.744	0.005	1.412	0.005	-99.000	-99.000	0.5148	0.5144	0.551	0.001	19720	0	20411	20411	20909	20975	20411	3.030	0.005	2.162	0.005	1.580	0.005	-99.0	21065	2.076	0.005	1194.3	NULL	20909	30.0	0.060
209	4-D-6124	0	4.444	NULL	-99.000	NULL	NULL	NULL	-99.000	NULL	NULL	NULL	NULL	NULL	19721	NULL	20939	20925	NULL	20411	NULL	-99.000	NULL	4.242	NULL	2.045	NULL	8.0	NULL	2.070	NULL	1897.0	NULL	NULL	NULL	NULL
210	4-D-6193	0	2.248	0.010	2.125	0.005	1.184	0.010	-99.000	-99.000	0.5152	0.5148	0.553	0.005	19721	1	20411	20411	20909	20411	20411	2.635	0.005	1.844	0.005	1.120	0.005	-99.0	21065	2.287	0.005	596.0	NULL	20909	30.0	0.060
211	4-E-4076	1	3.460	0.005	3.146	0.005	1.578	0.003	2.245	0.005	0.5120	0.5116	0.625	0.001	19721	1	20963	20411	20909	20963	20411	2.755	0.005	2.280	0.005	1.887	0.005	-99.0	21065	2.368	0.005	929.0	NULL	20411	30.0	0.082
212	4-E-4185	1	3.460	0.005	3.146	0.005	1.578	0.003	2.170	0.005	0.5120	0.5116	0.625	0.001	19721	1	20963	20411	20909	20963	20411	2.755	0.005	2.280	0.005	1.887	0.005	-99.0	21065	2.368	0.005	933.5	NULL	20411	30.0	0.082
213	4-E-4218	1	3.460	0.005	3.146	0.005	1.578	0.003	2.245	0.005	0.5120	0.5116	0.625	0.001	19721	1	21054	20411	20909	20963	20411	2.755	0.005	2.162	0.005	1.788	0.005	-99.0	21065	2.368	0.005	NULL	NULL	20411	30.0	0.082
214	4-E-4323	0	2.746	0.005	2.520	0.005	2.424	0.005	1.615	0.005	0.4333	0.4329	0.488	0.001	19721	1	20939	20411	20909	20411	20411	2.205	0.005	1.730	0.005	0.709	0.005	-99.0	21065	2.146	0.005	500.0	NULL	20411	30.0	0.079
215	4-E-4642	1	3.462	NULL	3.147	NULL	1.576	0.001	-99.000	-99.000	0.5123	0.5118	0.625	0.000	19721	1	20943	20411	20909	20961	20411	2.752	NULL	2.161	NULL	1.791	NULL	-99.0	21065	2.056	0.003	1011.5	NULL	20411	20.0	0.087
216	4-E-4643	0	3.461	NULL	3.146	NULL	NULL	NULL	1.950	NULL	NULL	NULL	NULL	NULL	19721	NULL	20925	20909	NULL	20411	NULL	2.161	NULL	2.752	NULL	1.567	NULL	NULL	21065	2.368	NULL	835.5	NULL	NULL	NULL	NULL
217	4-E-4644	0	3.462	NULL	3.146	NULL	NULL	NULL	1.950	NULL	NULL	NULL	NULL	NULL	19721	NULL	20943	20909	NULL	20411	NULL	2.162	NULL	2.752	NULL	1.569	NULL	NULL	21065	2.360	NULL	NULL	NULL	NULL	NULL	NULL
218	4-E-4645	0	4.309	NULL	4.130	NULL	NULL	NULL	2.400	NULL	NULL	NULL	NULL	NULL	19721	NULL	20943	20909	NULL	20411	NULL	2.913	NULL	3.450	NULL	2.290	NULL	NULL	21065	2.592	NULL	NULL	NULL	NULL	NULL	NULL
219	4-E-4646	0	2.745	NULL	2.519	NULL	NULL	NULL	1.617	NULL	NULL	NULL	NULL	NULL	19721	NULL	20943	20909	NULL	20411	NULL	-99.000	NULL	2.203	NULL	1.730	NULL	NULL	21065	2.146	NULL	NULL	NULL	NULL	NULL	NULL
220	4-E-4647	0	2.745	NULL	2.519	NULL	NULL	NULL	1.770	NULL	NULL	NULL	NULL	NULL	19721	NULL	20939	20909	NULL	20411	NULL	-99.000	NULL	2.203	NULL	1.730	NULL	NULL	21065	2.146	NULL	NULL	NULL	NULL	NULL	NULL
221	4-E-4648	1	3.462	NULL	3.146	NULL	NULL	NULL	2.234	NULL	NULL	NULL	NULL	NULL	19721	NULL	20945	20909	NULL	20961	NULL	2.161	NULL	2.750	NULL	1.775	NULL	NULL	21065	2.360	NULL	NULL	NULL	NULL	NULL	NULL
222	4-E-4650	1	3.462	NULL	3.146	NULL	NULL	NULL	2.050	NULL	NULL	NULL	NULL	NULL	19721	NULL	20963	20909	NULL	20963	NULL	2.161	NULL	2.751	NULL	1.770	NULL	NULL	21065	2.360	NULL	NULL	NULL	NULL	NULL	NULL
223	4-E-4652	1	3.462	NULL	3.146	NULL	NULL	NULL	1.967	NULL	NULL	NULL	NULL	NULL	19721	NULL	20943	20909	NULL	20961	NULL	2.161	NULL	2.751	NULL	1.770	NULL	NULL	21065	2.360	NULL	NULL	NULL	NULL	NULL	NULL
224	4-E-4653	1	3.462	NULL	3.146	NULL	NULL	NULL	2.240	NULL	NULL	NULL	NULL	NULL	19721	NULL	NULL	20909	NULL	20961	NULL	2.161	NULL	2.751	NULL	1.770	NULL	NULL	21065	2.360	NULL	NULL	NULL	NULL	NULL	NULL
225	4-E-4654	0	2.745	NULL	2.519	NULL	NULL	NULL	1.770	NULL	NULL	NULL	NULL	NULL	19721	NULL	20939	20909	NULL	20411	NULL	1.925	NULL	2.204	NULL	1.585	NULL	NULL	21065	2.146	NULL	NULL	NULL	NULL	NULL	NULL
226	4-E-4656	1	3.462	NULL	3.146	NULL	NULL	NULL	1.963	NULL	NULL	NULL	NULL	NULL	19721	NULL	20963	20909	NULL	20963	NULL	2.161	NULL	2.751	NULL	1.770	NULL	NULL	21065	2.370	NULL	NULL	NULL	NULL	NULL	NULL
227	4-E-4657	0	3.462	NULL	3.146	NULL	NULL	NULL	1.963	NULL	NULL	NULL	NULL	NULL	19721	NULL	20925	20909	NULL	20411	NULL	3.935	NULL	4.423	NULL	2.090	NULL	NULL	21068	2.352	NULL	NULL	NULL	NULL	NULL	NULL
228	4-E-4658	1	3.462	NULL	3.146	NULL	NULL	NULL	1.966	NULL	NULL	NULL	NULL	NULL	19721	NULL	20943	20909	NULL	20961	NULL	2.161	NULL	2.751	NULL	1.580	NULL	NULL	21065	2.360	NULL	NULL	NULL	NULL	NULL	NULL
229	4-E-4660	0	3.462	NULL	3.146	NULL	NULL	NULL	2.045	NULL	NULL	NULL	NULL	NULL	19721	NULL	20939	20909	NULL	20411	NULL	3.933	NULL	4.423	NULL	2.083	NULL	NULL	21066	2.367	NULL	NULL	NULL	NULL	NULL	NULL
230	4-E-4661	0	3.462	NULL	3.146	NULL	NULL	NULL	2.240	NULL	NULL	NULL	NULL	NULL	19721	NULL	20963	20909	NULL	20411	NULL	2.279	NULL	2.751	NULL	1.885	NULL	NULL	21065	2.370	NULL	NULL	NULL	NULL	NULL	NULL
231	4-E-4876	0	3.462	NULL	3.146	NULL	NULL	NULL	1.970	NULL	NULL	NULL	NULL	NULL	19721	NULL	20939	20909	NULL	20411	NULL	2.161	NULL	2.751	NULL	1.583	NULL	NULL	21065	2.370	NULL	NULL	NULL	NULL	NULL	NULL
232	4-E-4887	0	2.746	NULL	2.520	NULL	NULL	NULL	1.774	NULL	NULL	NULL	NULL	NULL	19721	NULL	20943	20909	NULL	20411	NULL	1.926	NULL	2.204	NULL	1.624	NULL	NULL	21065	2.145	NULL	440.5	NULL	NULL	NULL	NULL
233	4-E-4888	1	2.746	NULL	2.520	NULL	NULL	NULL	1.774	NULL	NULL	NULL	NULL	NULL	19721	NULL	20939	20909	NULL	20963	NULL	1.925	NULL	2.204	NULL	1.613	NULL	NULL	21065	2.145	NULL	537.0	NULL	NULL	NULL	NULL
234	4-E-4986	1	3.462	NULL	3.146	NULL	NULL	NULL	2.038	NULL	NULL	NULL	NULL	NULL	19721	NULL	20963	20909	NULL	20963	NULL	2.161	NULL	2.752	NULL	1.773	NULL	NULL	21065	2.370	NULL	1002.0	NULL	NULL	NULL	NULL
235	4-E-5562	0	3.462	NULL	3.146	NULL	NULL	NULL	1.962	NULL	NULL	NULL	NULL	NULL	19721	NULL	20963	20909	NULL	20411	NULL	2.161	NULL	2.752	NULL	1.570	NULL	NULL	21065	2.370	NULL	820.5	NULL	NULL	NULL	NULL
236	4-F-1303	1	4.542	0.005	4.293	0.005	2.004	0.002	-99.000	-99.000	0.7320	0.7315	0.590	0.002	19721	1	20945	20411	20909	20961	20411	2.953	0.005	2.481	0.005	2.120	0.010	-99.0	21065	2.600	0.005	NULL	NULL	20411	NULL	NULL
237	4-F-1778	1	4.542	0.005	4.293	0.005	2.004	0.002	-99.000	-99.000	0.7320	0.7315	0.590	0.005	19721	1	21053	20411	20909	21054	20411	2.953	0.005	2.481	0.005	2.120	0.010	-99.0	21065	2.600	0.005	NULL	NULL	20411	NULL	NULL
238	4-F-4016	0	2.424	0.005	2.242	0.005	1.395	0.003	-99.000	-99.000	0.4566	0.4562	0.590	0.005	19721	1	20945	20411	20909	20411	20411	2.754	0.005	2.131	0.005	NULL	NULL	-99.0	21065	2.029	0.005	NULL	NULL	20411	NULL	NULL
239	4-F-4022	1	3.440	NULL	3.226	0.005	1.730	0.001	-99.000	-99.000	0.6334	0.6330	0.669	0.001	19721	1	20963	20411	20925	20975	20411	4.450	0.005	3.797	0.005	3.059	0.005	-99.0	21065	2.950	0.005	2268.0	NULL	20411	30.0	0.092
240	4-F-4406	1	2.500	NULL	2.320	NULL	NULL	NULL	-99.000	NULL	NULL	NULL	NULL	NULL	19721	NULL	20945	20909	NULL	20961	NULL	2.657	NULL	3.449	NULL	2.617	NULL	NULL	21065	2.135	NULL	1090.0	NULL	NULL	NULL	NULL
241	4-F-4662	NULL	2.520	NULL	-99.000	NULL	NULL	NULL	-99.000	NULL	NULL	NULL	NULL	NULL	NULL	NULL	20945	20909	NULL	20961	NULL	2.657	NULL	3.449	NULL	2.617	NULL	NULL	NULL	NULL	NULL	1262.0	NULL	NULL	NULL	NULL
242	4-F-4663	1	2.242	NULL	-99.000	NULL	NULL	NULL	-99.000	NULL	NULL	NULL	NULL	NULL	19721	NULL	20945	20909	NULL	20961	NULL	2.131	NULL	2.755	NULL	2.095	NULL	NULL	21065	2.034	NULL	793.0	NULL	NULL	NULL	NULL
243	4-F-4664	0	4.540	NULL	4.290	NULL	NULL	NULL	-99.000	NULL	NULL	NULL	NULL	NULL	19721	NULL	20939	20909	NULL	20411	NULL	2.131	NULL	2.755	NULL	2.095	NULL	NULL	21065	2.440	NULL	1039.5	NULL	NULL	NULL	NULL
244	4-F-4665	0	6.422	NULL	6.194	NULL	NULL	NULL	2.790	NULL	NULL	NULL	NULL	NULL	19721	NULL	NULL	20925	NULL	20411	NULL	-99.000	NULL	2.952	NULL	2.450	NULL	NULL	21065	3.220	NULL	2053.0	NULL	NULL	NULL	NULL
245	4-F-4666	1	2.320	NULL	-99.000	NULL	NULL	NULL	-99.000	NULL	NULL	NULL	NULL	NULL	19721	NULL	20945	20909	NULL	20411	NULL	2.654	NULL	3.446	NULL	2.614	NULL	NULL	21065	2.130	NULL	1124.0	NULL	NULL	NULL	NULL
246	4-F-4667	0	4.542	NULL	4.293	NULL	NULL	NULL	-99.000	NULL	NULL	NULL	NULL	NULL	19721	NULL	20939	20909	NULL	20411	NULL	2.132	NULL	2.756	NULL	2.095	NULL	NULL	21065	2.480	NULL	1018.5	NULL	NULL	NULL	NULL
247	4-F-4668	0	2.242	NULL	-99.000	NULL	NULL	NULL	-99.000	NULL	NULL	NULL	NULL	NULL	19721	NULL	20945	20909	NULL	20411	NULL	2.132	NULL	2.753	NULL	2.095	NULL	NULL	21065	2.030	NULL	755.0	NULL	NULL	NULL	NULL
248	4-F-4924	0	6.406	NULL	5.468	NULL	NULL	NULL	2.791	NULL	NULL	NULL	NULL	NULL	19721	NULL	NULL	NULL	NULL	NULL	NULL	2.470	NULL	2.950	NULL	2.300	NULL	NULL	21065	2.966	NULL	3215.0	NULL	NULL	NULL	NULL
249	4-F-5219	0	4.542	NULL	4.293	NULL	NULL	NULL	1.930	NULL	NULL	NULL	NULL	NULL	19720	NULL	20945	20909	NULL	20909	NULL	3.577	NULL	4.129	NULL	1.959	NULL	NULL	21066	2.580	NULL	1695.5	NULL	NULL	NULL	NULL
250	4-G-4669	1	2.915	NULL	2.390	NULL	NULL	NULL	-99.000	NULL	NULL	NULL	NULL	NULL	19721	NULL	20909	20909	NULL	20909	NULL	2.226	NULL	4.722	NULL	2.045	NULL	NULL	21066	2.350	NULL	1296.5	NULL	NULL	NULL	NULL
251	4-G-4670	1	2.893	NULL	2.393	NULL	NULL	NULL	-99.000	NULL	NULL	NULL	NULL	NULL	19721	NULL	20909	20909	NULL	20909	NULL	2.226	NULL	4.722	NULL	2.045	NULL	NULL	21066	2.350	NULL	1291.0	NULL	NULL	NULL	NULL
252	4-G-4671	1	4.485	NULL	4.117	NULL	NULL	NULL	2.323	NULL	NULL	NULL	NULL	NULL	19721	NULL	20925	20925	NULL	20909	NULL	2.389	NULL	3.071	NULL	2.365	NULL	NULL	21065	3.057	NULL	1595.5	NULL	NULL	NULL	NULL
253	4-G-4672	1	4.485	NULL	4.279	NULL	NULL	NULL	2.285	NULL	NULL	NULL	NULL	NULL	19721	NULL	20925	20925	NULL	20909	NULL	2.673	NULL	3.377	NULL	2.253	NULL	NULL	21065	2.960	NULL	1614.5	NULL	NULL	NULL	NULL
254	4-G-4673	0	3.743	NULL	3.423	NULL	NULL	NULL	2.493	NULL	NULL	NULL	NULL	NULL	19721	NULL	20909	20909	NULL	20411	NULL	2.070	NULL	2.750	NULL	1.580	NULL	NULL	21065	2.566	NULL	895.5	NULL	NULL	NULL	NULL
255	4-G-4674	1	3.774	NULL	3.527	NULL	NULL	NULL	2.003	NULL	NULL	NULL	NULL	NULL	19721	NULL	20925	20925	NULL	20909	NULL	2.358	NULL	3.067	NULL	1.960	NULL	NULL	21065	2.952	NULL	1350.0	NULL	NULL	NULL	NULL
256	4-G-4675	0	2.991	NULL	2.375	NULL	NULL	NULL	-99.000	NULL	NULL	NULL	NULL	NULL	19721	NULL	20909	20909	NULL	20411	NULL	2.070	NULL	2.747	NULL	1.700	NULL	NULL	21065	2.126	NULL	663.5	NULL	NULL	NULL	NULL
257	4-G-4676	0	2.991	NULL	2.375	NULL	NULL	NULL	-99.000	NULL	NULL	NULL	NULL	NULL	19721	NULL	20909	20909	NULL	20411	NULL	2.070	NULL	2.747	NULL	1.700	NULL	NULL	21065	2.126	NULL	661.5	NULL	NULL	NULL	NULL
258	4-G-4988	1	5.311	NULL	5.106	NULL	NULL	NULL	2.598	NULL	NULL	NULL	NULL	NULL	19721	NULL	20925	20925	NULL	20909	NULL	2.983	NULL	3.740	NULL	2.524	NULL	NULL	21065	3.055	NULL	2109.0	NULL	NULL	NULL	NULL
259	4-G-4990	1	3.776	NULL	3.532	NULL	NULL	NULL	1.936	NULL	NULL	NULL	NULL	NULL	19721	NULL	20925	20925	NULL	20909	NULL	2.353	NULL	3.069	NULL	2.110	NULL	NULL	21065	3.032	NULL	1459.0	NULL	NULL	NULL	NULL
260	4-G-4992	1	2.994	NULL	2.382	NULL	NULL	NULL	-99.000	NULL	NULL	NULL	NULL	NULL	19721	NULL	20909	20909	NULL	20909	NULL	2.070	NULL	2.750	NULL	1.860	NULL	NULL	21065	2.165	NULL	868.0	NULL	NULL	NULL	NULL
261	4-K-3644	1	3.744	0.005	3.430	0.005	1.756	0.005	2.405	0.005	0.5469	0.5465	0.625	0.001	19721	1	20943	20411	20909	20975	20411	2.676	0.005	NULL	NULL	1.780	0.010	-99.0	21065	2.708	0.005	1023.6	NULL	20411	30.0	0.040
262	9-Z-9999	NULL	NULL	NULL	NULL	NULL	NULL	NULL	NULL	NULL	NULL	NULL	NULL	NULL	NULL	NULL	NULL	NULL	NULL	NULL	NULL	NULL	NULL	NULL	NULL	NULL	NULL	NULL	NULL	NULL	NULL	NULL	NULL	NULL	NULL	NULL
