id	part	cd_inducer_diameter_a	cd_inducer_diameter_a_tol	cd_exducer_diameter_b	cd_exducer_diameter_b_tol	cd_rotation	cd_overall_height_c	cd_tip_height_d	cd_tip_height_d_tol	cd_platform_height_e	cd_extended_tips	cd_platform_diameter_f	cd_platform_diameter_f_tol	cd_threaded_bore	cd_boreless	cd_thread_callout	cd_thread_hand	cd_max_bore_diameter	cd_min_bore_diameter	cd_nose_diameter_g	cd_foot_diameter_h	cd_flatback_superback	cd_blade_height	cd_blade_count	cd_weight	cd_platform_thickness	cd_platform_thickness_tol	cd_tip_location	cd_tip_location_tol	cd_diagram_	cd_platform_height_tol
1	3-A-0277	1.829	0.002	2.366	0.005	20336	1.26	0.236	0.004	0.147	0	2.366	0.005	0	0	20411	20401	0.2502	0.2498	NULL	0.787	20368	0.9	6	56.2	0.039	0.002	0.383	0.002	1	0.002
2	3-A-0278	1.595	0.002	2.366	0.005	20336	1.26	0.203	0.004	0.147	0	2.366	0.005	0	0	20411	20401	0.2502	0.2498	0.60	0.787	20368	0.9	6	53.0	0.039	0.002	0.350	0.002	1	0.002
3	3-A-0279	1.756	0.002	2.366	0.005	20336	1.26	0.240	0.004	0.146	0	2.366	0.005	0	0	20411	20401	0.2502	0.2498	NULL	0.787	20368	0.9	6	53.0	0.039	0.002	0.386	0.002	1	0.002
4	3-A-0280	NULL	0.002	NULL	NULL	NULL	NULL	NULL	NULL	NULL	NULL	NULL	NULL	NULL	NULL	NULL	NULL	NULL	NULL	NULL	NULL	NULL	NULL	NULL	NULL	NULL	0.002	NULL	NULL	NULL	0.002
5	3-A-0281	1.485	0.002	2.366	0.005	20336	1.26	0.173	0.004	0.147	0	2.366	0.005	0	0	20411	20401	0.2502	0.2498	0.60	0.790	20368	0.9	6	55.3	0.039	0.002	0.320	0.002	1	0.002
6	3-A-0283	1.674	0.002	2.366	0.005	20336	1.26	0.197	0.004	0.147	0	2.366	0.005	0	0	20411	20401	0.2502	0.2498	0.60	0.787	20368	0.9	6	54.2	0.039	0.002	0.344	0.002	1	0.002
7	3-A-0760	1.921	0.002	2.713	0.005	20336	1.26	0.221	0.004	0.146	0	2.713	0.005	0	0	20411	20401	0.2502	0.2498	NULL	0.596	20368	1.1	7	87.3	0.042	0.002	0.367	0.002	1	0.002
8	3-A-1053	1.566	0.002	2.025	0.005	20336	0.97	0.249	0.004	0.095	0	2.025	0.005	0	0	20411	20401	0.2365	0.2362	0.52	0.560	20368	0.7	6	35.0	0.039	0.002	0.344	0.002	1	0.002
9	3-A-1075	1.267	0.002	1.891	0.005	20336	0.97	0.171	0.004	0.097	0	1.891	0.005	0	0	20411	20401	0.2365	0.2362	0.46	0.550	20368	0.7	6	30.0	0.039	0.002	0.268	0.002	1	0.002
10	3-A-1077	1.333	0.002	1.891	0.005	20336	0.97	0.189	0.004	0.097	0	1.891	0.005	0	0	20411	20401	0.2365	0.2362	0.46	0.550	20368	0.7	6	26.0	0.039	0.002	0.286	0.002	1	0.002
11	3-A-1079	1.465	0.002	1.890	0.005	20336	0.97	0.221	0.004	0.096	0	1.890	0.005	0	0	20411	20401	0.2366	0.2362	NULL	0.550	20368	NULL	6	26.0	0.039	0.002	0.317	0.002	1	0.002
12	3-A-1204	2.106	0.002	2.713	0.005	20336	1.26	0.252	0.004	0.153	0	2.713	0.005	0	0	20411	20401	0.2503	0.2499	0.64	0.550	20368	1.1	7	86.4	0.035	0.002	0.405	0.002	1	0.002
13	3-A-1336	1.502	0.002	2.025	0.005	20336	0.97	0.237	0.004	0.095	0	2.025	0.005	0	0	20411	20401	0.2365	0.2362	0.50	0.560	20368	0.7	6	35.0	0.037	0.002	0.332	0.002	1	0.002
14	3-A-1463	1.402	0.002	1.890	0.005	20336	0.97	0.208	0.004	0.094	0	1.890	0.005	0	0	20411	20401	0.2365	0.2362	0.46	0.560	20368	0.7	6	26.0	0.037	0.002	0.302	0.002	1	0.002
15	3-A-1876	1.429	0.002	2.024	0.005	20336	0.97	0.216	0.004	0.096	0	2.024	0.005	0	0	20411	20401	0.2365	0.2362	NULL	0.550	20368	0.7	6	35.0	0.035	0.002	0.312	0.002	1	0.002
16	3-A-2177	1.296	0.002	1.732	0.005	20336	0.80	0.164	0.004	0.000	0	1.732	0.005	0	0	20411	20401	0.2005	0.2001	0.41	-99.000	20369	0.6	6	18.7	0.036	0.002	0.164	0.002	1	0.002
17	3-A-2178	1.366	0.002	1.932	0.005	20336	0.88	0.208	0.004	0.097	0	1.932	0.005	0	0	20411	20401	0.2005	0.2001	NULL	0.370	20368	0.8	6	27.0	0.037	0.002	0.305	0.002	1	0.002
18	3-A-2179	1.250	0.002	1.730	0.005	20336	0.89	0.167	0.004	0.093	0	1.730	0.005	0	0	20411	20401	0.2002	0.1998	0.40	0.360	20368	0.7	6	22.0	0.040	0.002	0.260	0.002	1	0.002
19	3-A-2180	1.300	0.002	1.732	0.005	20336	0.88	0.186	0.004	0.086	0	1.732	0.005	0	0	20411	20401	0.2005	0.2001	NULL	0.370	20368	0.7	6	21.0	0.037	0.002	0.272	0.002	1	0.002
20	3-A-2181	1.294	0.002	1.732	0.005	20336	0.88	0.178	0.004	0.093	0	1.732	0.005	0	0	20411	20401	0.2005	0.2001	0.41	0.370	20368	0.7	6	22.0	0.040	0.002	0.271	0.002	1	0.002
21	3-A-2182	NULL	0.002	NULL	NULL	NULL	NULL	NULL	NULL	NULL	NULL	NULL	NULL	NULL	NULL	NULL	NULL	NULL	NULL	NULL	NULL	NULL	NULL	NULL	NULL	NULL	0.002	NULL	NULL	NULL	NULL
22	3-A-2183	1.284	0.002	1.732	0.005	20336	0.89	0.176	0.004	0.093	0	1.732	0.005	0	0	20411	20401	0.2005	0.2001	0.41	0.380	20368	0.7	6	22.0	0.040	0.002	0.269	0.002	1	0.002
23	3-A-2223	1.430	0.002	2.025	0.005	NULL	0.97	0.219	0.004	0.094	0	2.025	0.005	0	0	20411	20401	0.2366	0.2362	NULL	0.550	20368	0.7	NULL	33.0	0.032	0.002	0.313	0.002	1	0.002
24	3-A-2316	1.648	0.002	2.128	0.005	20336	0.96	0.230	0.004	0.095	0	2.128	0.005	0	0	20411	20401	0.2365	0.2362	0.48	0.570	20368	0.8	5	35.0	0.036	0.002	0.325	0.002	1	0.002
25	3-A-2340	1.502	0.002	2.112	0.005	20336	0.96	0.227	0.004	0.095	0	2.112	0.005	0	0	20411	20401	0.2365	0.2362	0.48	0.570	20368	0.8	5	34.1	0.040	0.002	0.322	0.002	1	0.002
26	3-A-2355	1.522	0.002	2.054	0.005	20336	0.97	0.227	0.004	0.095	0	2.054	0.005	0	0	20411	20401	0.2365	0.2362	0.52	0.570	20368	0.7	6	35.0	0.037	0.002	0.322	0.002	1	0.002
27	3-A-2567	1.657	0.002	2.142	0.005	20336	0.97	0.210	0.004	0.093	0	2.142	0.005	0	0	20411	20401	0.2365	0.2362	NULL	0.560	20368	NULL	6	46.0	0.038	0.002	0.303	0.002	1	0.002
28	3-A-3020	1.640	0.002	2.240	0.005	20336	0.90	0.225	0.004	0.000	0	2.240	0.005	0	0	20411	20401	0.1972	0.1969	NULL	-99.000	20369	0.8	6	NULL	0.039	0.002	0.225	0.002	1	0.002
29	3-A-3162	2.994	0.002	4.250	0.005	20336	1.75	0.332	0.004	0.021	0	4.250	0.005	0	0	20411	20401	0.3744	0.3741	0.96	0.895	20370	1.5	8	292.0	0.066	0.002	0.353	0.002	1	0.002
30	3-A-3169	3.050	0.002	4.250	0.005	20336	1.75	0.417	0.004	0.021	0	4.250	0.005	0	0	20411	20401	0.3744	0.3741	0.96	0.895	20370	1.5	8	297.0	0.066	0.002	0.438	0.002	1	0.002
31	3-A-3170	3.358	0.002	4.250	0.005	20336	1.75	0.509	0.004	0.021	0	4.250	0.005	0	0	20411	20401	0.3744	0.3741	0.96	0.910	20370	1.5	8	306.0	0.066	0.002	0.530	0.002	1	0.002
32	3-A-3171	2.992	0.002	4.250	0.005	20336	2.03	0.321	0.004	0.315	0	4.250	0.005	0	0	20411	20401	0.3744	0.3741	0.96	1.000	20368	NULL	6	299.0	0.050	0.002	0.636	0.002	1	0.002
33	3-A-3172	3.360	0.002	4.250	0.005	20336	2.03	0.451	0.004	0.315	0	4.250	0.005	0	0	20411	20401	0.3744	0.3741	0.96	1.000	20368	NULL	6	311.0	0.050	0.002	0.766	0.002	1	0.002
34	3-A-3173	2.858	0.002	4.250	0.005	20336	2.03	0.352	0.004	0.315	0	4.250	0.005	0	0	20411	20401	0.3744	0.3741	0.96	1.000	20368	NULL	NULL	NULL	0.050	0.002	0.667	0.002	1	0.002
35	3-A-3206	1.692	0.002	2.025	0.005	20336	1.01	0.235	0.004	0.088	0	2.025	0.005	0	0	20411	20401	0.2365	0.2362	0.60	0.570	20368	0.8	6	45.0	0.041	0.002	0.323	0.002	1	0.002
36	3-A-3222	1.503	0.002	2.115	0.005	20336	0.96	0.174	0.004	0.092	0	2.115	0.005	0	0	20411	20401	0.2365	0.2362	0.52	0.570	20368	0.8	5	33.0	0.036	0.002	0.266	0.002	1	0.002
37	3-A-3251	1.673	0.002	2.366	0.005	20336	0.97	0.204	0.004	0.090	0	2.366	0.005	0	0	20411	20401	0.2365	0.2362	0.61	0.790	20368	0.9	NULL	NULL	0.039	0.002	0.294	0.002	1	0.002
38	3-A-3267	1.300	0.002	1.929	0.005	20336	0.88	0.157	0.004	0.093	0	1.929	0.005	0	0	20411	20401	0.2005	0.2001	0.47	0.360	20368	0.7	6	29.1	0.037	0.002	0.250	0.002	1	0.002
39	3-A-3269	1.520	0.002	2.047	0.005	20336	1.03	0.200	0.004	0.093	0	2.047	0.005	0	0	20411	20401	0.2005	0.2001	NULL	0.560	20368	NULL	6	35.0	0.036	0.002	0.293	0.002	1	0.002
40	3-A-3270	1.448	0.002	2.047	0.005	20336	1.03	0.185	0.004	0.093	0	2.047	0.005	0	0	20411	20401	0.2005	0.2001	NULL	0.560	20368	NULL	6	33.0	0.036	0.002	0.278	0.002	1	0.002
41	3-A-3271	1.365	0.002	1.929	0.005	20336	0.98	0.176	0.004	0.093	0	1.929	0.005	0	0	20411	20401	0.2005	0.2001	NULL	0.360	20368	NULL	6	27.0	0.037	0.002	0.269	0.002	1	0.002
42	3-A-3272	1.488	0.002	1.929	0.005	20336	0.98	0.168	0.004	0.093	0	1.929	0.005	0	0	20411	20401	0.2005	0.2001	NULL	0.360	20368	NULL	6	27.0	0.037	0.002	0.261	0.002	1	0.002
43	3-A-3274	1.636	0.002	2.205	0.005	20336	1.15	0.209	0.004	0.093	0	2.205	0.005	0	0	20411	20401	0.2005	0.2001	NULL	0.560	20368	NULL	6	42.0	0.036	0.002	0.302	0.002	1	0.002
44	3-A-3276	1.365	0.002	1.929	0.005	20336	0.98	0.144	0.004	0.093	0	1.929	0.005	0	0	20411	20401	0.2005	0.2001	NULL	0.360	20368	0.8	6	27.0	0.037	0.002	0.237	0.002	1	0.002
45	3-A-3278	1.560	0.002	2.205	0.005	20336	1.03	0.160	0.004	0.093	0	1.560	0.005	0	0	20411	20401	0.2366	0.2366	0.54	0.560	20368	NULL	6	39.5	0.036	0.002	0.253	0.002	1	0.002
46	3-A-3323	1.488	0.002	1.929	0.005	20336	0.98	0.199	0.004	0.093	0	1.929	0.005	0	0	20411	20401	0.2005	0.2001	NULL	0.360	20368	NULL	6	28.7	0.037	0.002	0.292	0.002	1	0.002
47	3-A-3339	2.850	0.002	4.028	0.005	20336	1.97	0.318	0.004	0.324	0	4.028	0.005	0	0	20411	20401	0.3744	0.3741	NULL	0.787	20368	1.8	6	280.0	0.042	0.002	0.642	0.002	1	0.002
48	3-A-3340	3.016	0.002	4.028	0.005	20336	1.97	0.352	0.004	0.324	0	4.028	0.005	0	0	20411	20401	0.3744	0.3741	0.96	0.787	20368	1.8	6	NULL	0.042	0.002	0.676	0.002	1	0.002
49	3-A-3351	1.448	0.002	2.047	0.005	NULL	1.03	NULL	NULL	NULL	NULL	NULL	0.005	NULL	NULL	20411	20401	NULL	NULL	NULL	NULL	NULL	NULL	NULL	NULL	NULL	0.002	NULL	NULL	1	0.002
50	3-A-3352	1.432	0.002	1.929	0.005	20336	0.98	0.191	0.004	0.093	0	1.929	0.005	0	0	20411	20401	0.2005	0.2001	NULL	0.360	20368	NULL	6	27.0	0.037	0.002	0.284	0.002	1	0.002
51	3-A-3441	1.588	0.002	2.142	0.005	20336	0.97	0.193	0.004	0.094	0	2.142	0.005	0	0	20411	20401	0.2365	0.2362	0.61	0.560	20368	0.8	6	NULL	0.034	0.002	0.287	0.002	1	0.002
52	3-A-3469	1.829	0.002	2.366	0.005	20336	0.97	0.242	0.004	0.090	0	2.366	0.005	0	0	20411	20401	0.2365	0.2362	0.61	0.787	20368	0.9	6	48.0	0.040	0.002	0.332	0.002	1	0.002
53	3-A-3524	1.858	0.002	2.366	0.005	20336	0.97	0.211	0.004	0.090	0	2.366	0.005	0	0	20411	20401	0.2365	0.2362	NULL	0.787	20368	0.9	6	52.0	0.040	0.002	0.301	0.002	1	0.002
54	3-A-3694	1.560	0.002	2.205	0.005	20336	1.22	0.170	0.004	0.145	0	2.205	0.005	0	0	20411	20401	0.2005	0.2001	0.51	0.560	20368	1.0	6	45.9	0.047	0.002	0.315	0.002	1	0.002
55	3-A-3704	1.583	0.002	2.047	0.005	20336	1.03	0.210	0.004	0.093	0	2.047	0.005	0	0	20411	20401	0.2005	0.2001	NULL	0.560	20368	NULL	6	33.0	0.036	0.002	0.303	0.002	1	0.002
56	3-A-3814	3.142	0.002	4.252	0.005	20336	2.03	0.354	0.004	0.315	0	4.252	0.005	0	0	20411	20401	0.3744	0.3741	0.96	1.000	20368	NULL	6	308.9	0.050	0.002	0.669	0.002	NULL	0.002
57	3-A-3815	3.209	0.002	4.252	0.005	20336	2.03	0.349	0.004	0.315	0	4.252	0.005	0	0	20411	20401	0.3744	0.3741	0.96	1.000	20368	NULL	6	283.0	0.050	0.002	0.664	0.002	NULL	0.002
58	3-A-3827	1.429	0.002	1.929	0.005	20336	0.98	0.159	0.004	0.089	0	1.929	0.005	0	0	20411	20401	0.2005	0.2001	NULL	0.360	20368	0.8	6	27.0	0.037	0.002	0.248	0.002	NULL	0.002
59	3-A-3828	NULL	0.002	NULL	0.005	NULL	NULL	0.211	0.004	0.038	NULL	NULL	0.005	NULL	NULL	20411	20401	NULL	NULL	NULL	NULL	NULL	NULL	NULL	NULL	NULL	0.002	0.249	0.002	NULL	0.002
60	3-A-3904	2.122	0.002	2.996	0.005	20336	1.48	0.229	0.004	0.196	0	2.996	0.005	0	0	20411	20401	0.2501	0.2498	0.75	0.560	20368	1.2	6	101.1	0.042	0.002	0.425	0.002	NULL	0.002
61	3-A-3929	1.365	0.002	1.929	0.005	NULL	0.98	NULL	NULL	NULL	NULL	NULL	0.005	NULL	NULL	20411	20401	NULL	NULL	NULL	0.360	20368	NULL	6	28.5	0.037	0.002	NULL	NULL	NULL	0.002
62	3-A-3932	1.448	0.002	2.047	0.005	20336	1.03	0.151	0.004	0.093	0	2.047	0.005	0	0	20411	20401	0.2005	0.2001	0.50	0.560	20368	0.9	6	33.0	0.037	0.002	0.244	0.002	NULL	0.002
63	3-A-3933	1.636	0.002	2.205	0.005	20336	1.15	0.172	0.004	0.093	0	2.205	0.005	0	0	20411	20401	0.2005	0.2001	NULL	0.560	20368	NULL	6	42.0	0.036	0.002	0.265	0.002	NULL	0.002
64	3-A-3936	1.560	0.002	2.205	0.005	20336	1.15	0.201	0.004	0.093	0	2.205	0.005	0	0	20411	20401	0.2005	0.2001	0.51	0.560	20368	0.9	6	41.0	0.037	0.002	0.294	0.002	NULL	0.002
65	3-A-3937	1.590	0.002	2.205	0.005	20336	1.22	0.220	0.004	0.145	0	2.205	0.005	0	0	20411	20401	0.2005	0.2001	0.51	0.560	20368	0.9	6	45.0	0.047	0.002	0.365	0.002	NULL	0.002
66	3-A-3990	1.522	0.002	2.054	0.005	20336	1.02	0.187	0.004	0.093	0	2.054	0.005	0	0	20411	20401	0.2365	0.2362	0.52	0.564	20368	0.8	6	34.0	0.037	0.002	0.280	0.002	NULL	0.002
67	3-A-3991	1.635	0.002	2.205	0.005	NULL	1.22	0.183	0.004	0.145	NULL	NULL	0.005	NULL	NULL	20411	20401	NULL	NULL	NULL	0.560	20368	NULL	6	45.0	0.050	0.002	0.328	0.002	NULL	0.002
68	3-A-3996	1.751	0.002	2.342	0.005	NULL	1.28	0.232	0.004	0.147	NULL	NULL	0.005	NULL	NULL	20411	20401	NULL	NULL	NULL	0.560	20368	NULL	6	56.0	0.045	0.002	0.379	0.002	1	0.002
69	3-A-3997	1.294	0.002	1.929	0.005	NULL	0.98	0.133	0.004	0.093	NULL	NULL	0.005	NULL	NULL	20411	20401	NULL	NULL	NULL	0.360	20368	NULL	6	27.0	0.037	0.002	0.226	0.002	NULL	0.002
70	3-A-4008	1.756	0.002	2.366	0.005	NULL	1.28	0.190	0.004	0.147	NULL	NULL	0.005	NULL	NULL	20411	20401	NULL	NULL	NULL	0.560	20368	NULL	6	57.0	0.045	0.002	0.337	0.002	NULL	0.002
71	3-A-4305	1.342	0.002	1.812	0.005	NULL	0.93	0.170	0.004	0.093	NULL	NULL	0.005	NULL	NULL	20411	20401	NULL	NULL	NULL	0.360	20368	NULL	6	27.3	0.037	0.002	0.263	0.002	NULL	0.002
72	3-A-4396	1.224	0.002	1.732	0.005	NULL	0.95	0.142	0.004	0.126	NULL	NULL	0.005	NULL	NULL	20411	20401	NULL	NULL	NULL	0.559	20368	NULL	6	22.1	0.031	0.002	0.268	0.002	NULL	0.002
73	3-A-4400	1.343	0.002	1.811	0.005	NULL	0.93	NULL	NULL	NULL	NULL	NULL	0.005	NULL	NULL	20411	20401	NULL	NULL	NULL	0.358	20368	NULL	6	27.2	0.037	0.002	NULL	NULL	NULL	0.002
74	3-A-4402	1.429	0.002	1.929	0.005	20336	0.98	0.195	0.002	0.093	0	1.929	0.005	0	0	20411	20401	0.2003	0.1999	0.48	0.358	20368	0.7	6	29.2	0.040	0.002	0.287	0.002	NULL	0.002
75	3-A-4410	1.295	0.002	1.928	0.005	NULL	0.98	NULL	NULL	NULL	NULL	NULL	0.005	NULL	NULL	20411	20401	NULL	NULL	NULL	0.351	20368	NULL	6	28.7	0.040	0.002	NULL	NULL	NULL	0.002
76	3-A-4414	1.446	0.002	2.045	0.005	NULL	1.03	0.180	0.004	0.094	NULL	NULL	0.005	NULL	NULL	20411	20401	NULL	NULL	NULL	0.564	20368	NULL	6	35.2	0.040	0.002	0.274	0.002	NULL	0.002
77	3-A-4418	1.521	0.002	2.051	0.005	NULL	1.03	0.202	0.004	0.094	NULL	NULL	0.005	NULL	NULL	20411	20401	NULL	NULL	NULL	0.558	20368	NULL	6	34.1	0.040	0.002	0.296	0.002	NULL	0.002
78	3-A-4422	1.278	0.002	1.811	0.005	NULL	0.93	0.131	0.004	0.115	NULL	NULL	0.005	NULL	NULL	20411	20401	NULL	NULL	NULL	0.361	20368	NULL	6	23.9	0.040	0.002	0.246	0.002	NULL	0.002
79	3-A-4567	1.635	0.002	2.205	0.005	NULL	1.22	0.192	0.004	0.157	NULL	NULL	0.005	NULL	NULL	20411	20401	NULL	NULL	NULL	0.559	20368	NULL	6	45.0	0.047	0.002	0.349	0.002	NULL	0.002
80	3-A-4568	1.499	0.002	1.929	0.005	NULL	1.04	0.170	0.004	0.151	NULL	NULL	0.005	NULL	NULL	20411	20401	NULL	NULL	NULL	0.558	20368	NULL	6	31.3	0.043	0.002	0.321	0.002	NULL	0.002
81	3-A-4569	1.432	0.002	1.929	0.005	NULL	1.04	0.174	0.004	0.156	NULL	NULL	0.005	NULL	NULL	20411	20401	NULL	NULL	NULL	0.557	20368	NULL	6	31.6	0.045	0.002	0.330	0.002	NULL	0.002
82	3-A-4570	1.522	0.002	2.049	0.005	NULL	1.07	0.179	0.004	0.153	NULL	NULL	0.005	NULL	NULL	20411	20401	NULL	NULL	NULL	0.560	20368	NULL	6	33.7	0.045	0.002	0.332	0.002	NULL	0.002
83	3-A-4571	1.429	0.002	1.929	0.005	20336	1.04	0.158	0.004	0.153	0	1.929	0.005	0	0	20411	20401	0.2005	0.2001	0.46	0.560	20368	0.9	5	31.1	0.045	0.002	0.311	0.002	NULL	0.002
84	3-A-4572	1.365	0.002	1.929	0.005	NULL	1.04	0.149	0.004	0.153	NULL	NULL	0.005	NULL	NULL	20411	20401	NULL	NULL	NULL	0.558	20368	NULL	5	30.6	0.040	0.002	0.302	0.002	NULL	0.002
85	3-A-4573	1.282	0.002	1.805	0.005	NULL	1.00	0.152	0.004	0.152	NULL	NULL	0.005	NULL	NULL	20411	20401	NULL	NULL	NULL	0.554	20368	NULL	6	23.8	0.045	0.002	0.304	0.002	NULL	0.002
86	3-A-4574	1.519	0.002	2.049	0.005	NULL	1.06	0.163	0.004	0.156	NULL	NULL	0.005	NULL	NULL	20411	20401	NULL	NULL	NULL	0.559	20368	NULL	5	36.2	0.042	0.002	0.319	0.002	NULL	0.002
87	3-A-4575	1.518	0.002	2.049	0.005	NULL	1.03	0.165	0.004	0.090	NULL	NULL	0.005	NULL	NULL	20411	20401	NULL	NULL	NULL	0.556	20368	NULL	6	32.1	0.045	0.002	0.255	0.002	NULL	0.002
88	3-A-4576	2.357	0.002	3.150	0.005	NULL	1.84	0.311	0.004	0.196	NULL	NULL	0.005	NULL	NULL	20411	20401	NULL	NULL	NULL	0.579	20368	NULL	9	124.8	0.038	0.002	0.507	0.002	NULL	0.002
89	3-A-4577	2.358	0.002	3.150	0.005	NULL	1.84	0.301	0.004	0.198	NULL	NULL	0.005	NULL	NULL	20411	20401	NULL	NULL	NULL	0.574	20368	NULL	5	121.6	0.045	0.002	0.499	0.002	NULL	0.002
90	3-A-4870	NULL	0.002	NULL	0.005	NULL	NULL	NULL	NULL	NULL	NULL	NULL	0.005	NULL	NULL	20411	20401	NULL	NULL	NULL	NULL	NULL	NULL	NULL	NULL	NULL	0.002	NULL	NULL	NULL	0.002
91	3-A-4899	1.584	0.002	2.125	0.005	NULL	0.96	0.190	0.004	0.092	NULL	NULL	0.005	NULL	NULL	20411	20401	NULL	NULL	NULL	0.562	20368	NULL	5	33.8	0.045	0.002	0.282	0.002	NULL	0.002
92	3-A-4900	1.287	0.002	1.732	0.005	NULL	1.12	0.174	0.004	0.092	NULL	NULL	0.005	NULL	NULL	20411	20401	NULL	NULL	NULL	0.360	20368	NULL	6	23.5	0.040	0.002	0.266	0.002	NULL	0.002
93	3-A-4901	1.224	0.002	1.732	0.005	NULL	0.89	0.166	0.004	0.089	NULL	NULL	0.005	NULL	NULL	20411	20401	NULL	NULL	NULL	0.356	20368	NULL	6	20.7	0.037	0.002	0.255	0.002	NULL	0.002
94	3-A-4902	1.412	0.002	1.812	0.005	NULL	0.93	0.194	0.004	0.091	NULL	NULL	0.005	NULL	NULL	20411	20401	NULL	NULL	NULL	0.356	20368	NULL	6	22.3	0.045	0.002	0.285	0.002	NULL	0.002
95	3-A-4903	1.690	0.002	2.337	0.005	NULL	1.03	0.208	0.004	0.092	NULL	NULL	0.005	NULL	NULL	20411	20401	NULL	NULL	NULL	0.356	20368	NULL	6	43.9	0.040	0.002	0.300	0.002	NULL	0.002
96	3-A-4904	1.638	0.002	2.204	0.005	NULL	1.16	0.158	0.004	0.092	NULL	NULL	0.005	NULL	NULL	20411	20401	NULL	NULL	NULL	0.556	20368	NULL	6	44.2	0.045	0.002	0.250	0.002	NULL	0.002
97	3-A-4905	1.455	0.002	2.057	0.005	NULL	1.03	0.217	0.004	0.095	NULL	NULL	0.005	NULL	NULL	20411	20401	NULL	NULL	NULL	0.574	20368	NULL	6	33.5	0.045	0.002	0.312	0.002	NULL	0.002
98	3-A-4906	1.082	0.002	1.612	0.005	NULL	0.88	0.113	0.004	0.093	NULL	NULL	0.005	NULL	NULL	20411	20401	NULL	NULL	NULL	0.360	20368	NULL	6	17.4	0.040	0.002	0.206	0.002	NULL	0.002
99	3-A-4947	0.883	0.002	1.496	0.005	NULL	1.04	NULL	NULL	NULL	NULL	NULL	0.005	NULL	NULL	20411	20401	NULL	NULL	NULL	0.413	20368	NULL	6	15.6	0.040	0.002	NULL	NULL	NULL	0.002
100	3-A-4948	1.141	0.002	1.614	0.005	NULL	1.05	0.124	0.004	0.092	NULL	NULL	0.005	NULL	NULL	20411	20401	NULL	NULL	NULL	0.359	20368	NULL	6	18.4	0.040	0.002	0.216	0.002	NULL	0.002
101	3-A-4949	1.496	0.002	1.929	0.005	NULL	0.88	0.226	0.004	0.092	NULL	NULL	0.005	NULL	NULL	20411	20401	NULL	NULL	NULL	0.362	20368	NULL	6	29.5	0.033	0.002	0.318	0.002	NULL	0.002
102	3-A-4950	1.511	0.002	2.058	0.005	NULL	1.03	0.198	0.004	0.094	NULL	NULL	0.005	NULL	NULL	20411	20401	NULL	NULL	NULL	0.359	20368	NULL	6	34.9	0.045	0.002	0.292	0.002	NULL	0.002
103	3-A-4951	1.524	0.002	2.204	0.005	NULL	1.23	0.173	0.004	0.144	NULL	NULL	0.005	NULL	NULL	20411	20401	NULL	NULL	NULL	0.558	20368	NULL	6	48.0	0.050	0.002	0.317	0.002	NULL	0.002
104	3-A-4952	1.754	0.002	2.364	0.005	NULL	1.28	0.192	0.004	0.147	NULL	NULL	0.005	NULL	NULL	20411	20401	NULL	NULL	NULL	0.569	20368	NULL	5	49.3	0.050	0.002	0.339	0.002	NULL	0.002
105	3-A-4953	1.755	0.002	2.345	0.005	NULL	1.22	0.205	0.004	0.093	NULL	NULL	0.005	NULL	NULL	20411	20401	NULL	NULL	NULL	0.357	20368	NULL	6	48.2	0.040	0.002	0.298	0.002	NULL	0.002
106	3-A-5237	1.347	0.002	1.814	0.005	NULL	1.00	0.161	0.004	0.155	NULL	NULL	0.005	NULL	NULL	20411	20401	NULL	NULL	NULL	0.558	20368	NULL	6	26.9	0.050	0.002	0.316	0.002	NULL	0.002
107	3-A-5238	1.369	0.002	2.050	0.005	NULL	1.06	0.163	0.004	0.152	NULL	NULL	0.005	NULL	NULL	20411	20401	NULL	NULL	NULL	0.559	20368	NULL	5	36.5	0.045	0.002	0.315	0.002	NULL	0.002
108	3-A-5265	1.634	0.002	2.204	0.005	NULL	1.03	0.175	0.004	0.093	NULL	NULL	0.005	NULL	NULL	20411	20401	NULL	NULL	NULL	0.560	20368	NULL	6	41.0	0.045	0.002	0.268	0.002	NULL	0.002
109	3-A-5274	1.560	0.002	2.206	0.005	NULL	1.12	0.158	0.004	0.096	NULL	NULL	0.005	NULL	NULL	20411	20401	NULL	NULL	NULL	0.365	20368	NULL	6	41.4	0.045	0.002	0.254	0.002	NULL	0.002
110	3-A-5275	1.225	0.002	1.732	0.005	NULL	0.93	0.163	0.004	0.090	NULL	NULL	0.005	NULL	NULL	20411	20401	NULL	NULL	NULL	0.365	20368	NULL	6	21.7	0.040	0.002	0.253	0.002	NULL	0.002
111	3-A-5276	1.520	0.002	2.047	0.005	NULL	1.03	0.231	0.004	0.094	NULL	NULL	0.005	NULL	NULL	20411	20401	NULL	NULL	NULL	0.558	20368	NULL	6	32.6	0.404	0.002	0.325	0.002	NULL	0.002
112	3-A-5277	1.559	0.002	2.206	0.005	NULL	1.21	0.188	0.004	0.144	NULL	NULL	0.005	NULL	NULL	20411	20401	NULL	NULL	NULL	0.558	20368	NULL	6	44.6	0.050	0.002	0.332	0.002	NULL	0.002
113	3-A-5319	1.484	0.002	2.206	0.005	NULL	1.22	0.153	0.004	0.146	NULL	NULL	0.005	NULL	NULL	20411	20401	NULL	NULL	NULL	0.559	20368	NULL	6	44.7	0.050	0.002	0.299	0.002	NULL	0.002
114	3-A-5357	NULL	0.002	NULL	0.005	NULL	NULL	0.211	0.004	0.063	NULL	NULL	0.005	NULL	NULL	20411	20401	NULL	NULL	NULL	NULL	NULL	NULL	NULL	NULL	NULL	0.002	0.274	0.002	NULL	0.002
115	3-A-5363	1.957	0.002	2.953	0.005	NULL	1.48	0.233	0.004	0.190	NULL	NULL	0.005	NULL	NULL	20411	20401	NULL	NULL	NULL	0.590	20368	NULL	6	101.1	0.045	0.002	0.423	0.002	NULL	0.002
116	3-A-5394	1.997	0.002	2.950	0.005	NULL	1.49	0.244	0.004	0.192	NULL	NULL	0.005	NULL	NULL	20411	20401	NULL	NULL	NULL	0.560	20368	NULL	6	100.7	0.045	0.002	0.436	0.002	NULL	0.002
117	3-A-5603	2.126	0.002	2.757	0.005	NULL	1.26	0.283	0.004	0.061	NULL	NULL	0.005	NULL	NULL	20411	20401	NULL	NULL	NULL	0.963	20373	NULL	8	76.8	0.050	0.002	0.344	0.002	NULL	0.002
118	3-A-5605	2.181	0.002	2.756	0.005	NULL	0.13	0.337	0.004	0.015	NULL	NULL	0.005	NULL	NULL	20411	20401	NULL	NULL	NULL	0.945	20373	NULL	8	NULL	0.048	0.002	0.352	0.002	NULL	0.002
119	3-A-5609	2.245	0.002	3.015	0.005	NULL	1.48	0.309	0.004	0.180	NULL	NULL	0.005	NULL	NULL	20411	20401	NULL	NULL	NULL	0.493	20368	NULL	NULL	NULL	0.047	0.002	0.489	0.002	NULL	0.002
120	3-A-5623	1.222	0.002	1.733	0.005	NULL	0.97	0.132	0.004	0.092	NULL	NULL	0.005	NULL	NULL	20411	20401	NULL	NULL	NULL	0.359	20368	NULL	6	24.9	0.045	0.002	0.224	0.002	NULL	0.002
121	3-A-5631	1.483	0.002	2.055	0.005	NULL	1.02	0.191	0.004	0.092	NULL	NULL	0.005	NULL	NULL	20411	20401	NULL	NULL	NULL	0.360	20368	NULL	6	34.3	0.045	0.002	0.283	0.002	NULL	0.002
122	3-A-5665	1.752	0.002	2.364	0.005	NULL	1.28	0.201	0.004	0.155	NULL	NULL	0.005	NULL	NULL	20411	20401	NULL	NULL	NULL	0.560	20368	NULL	6	53.4	0.045	0.002	0.356	0.002	NULL	0.002
123	3-A-5675	1.709	0.002	2.205	0.005	NULL	1.22	0.190	0.004	0.155	NULL	NULL	0.005	NULL	NULL	20411	20401	NULL	NULL	NULL	0.560	20368	NULL	6	46.2	0.047	0.002	0.345	0.002	NULL	0.002
124	3-A-5678	NULL	0.002	NULL	0.005	NULL	NULL	0.209	0.004	0.305	NULL	NULL	0.005	NULL	NULL	20411	20401	NULL	NULL	NULL	NULL	NULL	NULL	NULL	NULL	NULL	0.002	0.514	0.002	NULL	0.002
125	3-A-5710	NULL	0.002	NULL	0.005	NULL	NULL	NULL	NULL	NULL	NULL	NULL	0.005	NULL	NULL	20411	20401	NULL	NULL	NULL	NULL	NULL	NULL	NULL	NULL	NULL	0.002	NULL	NULL	NULL	0.002
126	3-A-5717	1.832	0.002	2.364	0.005	NULL	0.96	0.242	0.004	0.092	NULL	NULL	0.005	NULL	NULL	20411	20401	NULL	NULL	NULL	0.800	20368	NULL	6	50.2	0.045	0.002	0.334	0.002	NULL	0.002
127	3-A-5722	2.542	0.002	3.472	0.005	NULL	2.15	0.291	0.004	0.218	NULL	NULL	0.005	NULL	NULL	20411	20401	NULL	NULL	NULL	0.591	20368	NULL	NULL	NULL	0.055	0.002	0.509	0.002	NULL	0.002
128	3-A-5768	NULL	0.002	NULL	0.005	NULL	NULL	NULL	NULL	NULL	NULL	NULL	0.005	NULL	NULL	20411	20401	NULL	NULL	NULL	NULL	NULL	NULL	NULL	NULL	NULL	0.002	NULL	NULL	NULL	0.002
129	3-A-5777	NULL	0.002	NULL	0.005	NULL	NULL	NULL	NULL	NULL	NULL	NULL	0.005	NULL	NULL	20411	20401	NULL	NULL	NULL	NULL	NULL	NULL	NULL	NULL	NULL	0.002	NULL	NULL	NULL	0.002
130	3-A-5805	2.555	0.002	3.464	0.005	NULL	2.32	0.299	0.004	0.371	NULL	NULL	0.005	NULL	NULL	20411	20401	NULL	NULL	NULL	0.594	20368	NULL	6	174.3	0.050	0.002	0.670	0.002	NULL	0.002
131	3-A-5818	1.433	0.002	2.025	0.005	NULL	0.97	0.201	0.004	0.090	NULL	NULL	0.005	NULL	NULL	20411	20401	NULL	NULL	NULL	0.560	20368	NULL	6	32.3	0.040	0.002	0.291	0.002	NULL	0.002
132	3-A-5841	NULL	0.002	NULL	0.005	NULL	NULL	NULL	NULL	NULL	NULL	NULL	0.005	NULL	NULL	20411	20401	NULL	NULL	NULL	NULL	NULL	NULL	NULL	NULL	NULL	0.002	NULL	NULL	NULL	0.002
133	3-A-5863	NULL	0.002	NULL	0.005	NULL	NULL	NULL	NULL	NULL	NULL	NULL	0.005	NULL	NULL	20411	20401	NULL	NULL	NULL	NULL	NULL	NULL	NULL	NULL	NULL	0.002	NULL	NULL	NULL	0.002
134	3-A-5871	NULL	0.002	NULL	0.005	NULL	NULL	NULL	NULL	NULL	NULL	NULL	0.005	NULL	NULL	20411	20401	NULL	NULL	NULL	NULL	NULL	NULL	NULL	NULL	NULL	0.002	NULL	NULL	NULL	0.002
135	3-A-5873	1.718	0.002	2.752	0.005	NULL	1.27	0.243	0.004	0.064	NULL	NULL	0.005	NULL	NULL	20411	20401	NULL	NULL	NULL	0.940	20370	NULL	8	71.5	0.045	0.002	0.307	0.002	NULL	0.002
136	3-A-5886	1.819	0.002	2.638	0.005	NULL	1.67	0.185	0.004	0.182	NULL	NULL	0.005	NULL	NULL	20411	20401	NULL	NULL	NULL	0.486	20368	NULL	6	73.7	0.045	0.002	0.367	0.002	NULL	0.002
137	3-A-5901	NULL	0.002	NULL	0.005	NULL	NULL	NULL	NULL	NULL	NULL	NULL	0.005	NULL	NULL	20411	20401	NULL	NULL	NULL	NULL	NULL	NULL	NULL	NULL	NULL	0.002	NULL	NULL	NULL	0.002
138	3-A-5904	1.919	0.002	2.955	0.005	NULL	1.49	0.218	0.004	0.193	NULL	NULL	0.005	NULL	NULL	20411	20401	NULL	NULL	NULL	0.582	20368	NULL	6	98.7	0.040	0.002	0.411	0.002	NULL	0.002
139	3-A-5914	2.240	0.002	3.226	0.005	NULL	2.14	0.272	0.004	0.789	NULL	NULL	0.005	NULL	NULL	20411	20401	NULL	NULL	NULL	0.528	20372	NULL	6	194.4	0.050	0.002	1.061	0.002	NULL	0.002
140	3-A-5930	1.672	0.002	2.363	0.005	NULL	1.26	0.197	0.004	0.146	NULL	NULL	0.005	NULL	NULL	20411	20401	NULL	NULL	NULL	0.939	20368	NULL	6	50.6	0.050	0.002	0.343	0.002	NULL	0.002
141	3-A-5943	2.720	0.002	3.700	0.005	NULL	2.32	0.313	0.004	0.371	NULL	NULL	0.005	NULL	NULL	20411	20401	NULL	NULL	NULL	0.587	20368	NULL	6	194.4	0.055	0.002	0.684	0.002	NULL	0.002
142	3-A-5948	1.719	0.002	2.483	0.005	NULL	1.48	0.239	0.004	0.145	NULL	NULL	0.005	NULL	NULL	20411	20401	NULL	NULL	NULL	0.560	20368	NULL	6	60.9	0.040	0.002	0.384	0.002	NULL	0.002
143	3-A-5951	1.362	0.002	1.928	0.005	NULL	1.04	0.161	0.004	0.154	NULL	NULL	0.005	NULL	NULL	20411	20401	NULL	NULL	NULL	0.526	20368	NULL	6	31.4	0.047	0.002	0.315	0.002	NULL	0.002
144	3-A-5952	1.658	0.002	2.341	0.005	NULL	1.28	0.213	0.004	0.148	NULL	NULL	0.005	NULL	NULL	20411	20401	NULL	NULL	NULL	0.560	20368	NULL	6	50.4	0.053	0.002	0.361	0.002	NULL	0.002
145	3-A-5968	NULL	0.002	NULL	0.005	NULL	NULL	NULL	NULL	NULL	NULL	NULL	0.005	NULL	NULL	20411	20401	NULL	NULL	NULL	NULL	NULL	NULL	NULL	NULL	NULL	0.002	NULL	NULL	NULL	0.002
146	3-A-6009	2.452	0.002	3.701	0.005	NULL	2.76	0.281	0.004	0.820	0	3.701	0.005	0	1	20411	20401	-99.0000	-99.0000	NULL	0.668	20372	2.1	6	215.4	0.050	0.002	1.101	0.002	NULL	0.002
147	3-A-6022	2.236	0.002	3.228	0.005	NULL	1.93	0.269	0.004	0.210	NULL	NULL	0.005	NULL	NULL	20411	20401	NULL	NULL	NULL	0.650	20368	NULL	6	134.4	0.045	0.002	0.479	0.002	NULL	0.002
148	3-A-6042	2.300	0.002	2.756	0.005	NULL	1.26	0.273	0.004	0.064	NULL	NULL	0.005	NULL	NULL	20411	20401	NULL	NULL	NULL	0.954	20368	NULL	6	76.3	0.045	0.002	0.337	0.002	NULL	0.002
149	3-A-6062	NULL	0.002	NULL	0.005	NULL	1.93	0.250	0.004	0.215	NULL	NULL	0.005	NULL	NULL	20411	20401	NULL	NULL	NULL	NULL	NULL	NULL	NULL	NULL	NULL	0.002	0.465	0.002	NULL	0.002
150	3-A-6064	NULL	0.002	NULL	0.005	NULL	0.79	0.111	0.004	0.080	NULL	NULL	0.005	NULL	NULL	20411	20401	NULL	NULL	NULL	NULL	NULL	NULL	NULL	NULL	NULL	0.002	0.191	0.002	NULL	0.002
151	3-A-6069	NULL	0.002	NULL	0.005	NULL	1.02	0.185	0.004	0.092	NULL	NULL	0.005	NULL	NULL	20411	20401	NULL	NULL	NULL	NULL	NULL	NULL	NULL	NULL	NULL	0.002	0.277	0.002	NULL	0.002
152	3-A-6108	1.928	0.002	1.429	0.005	NULL	1.04	0.168	0.004	0.155	NULL	NULL	0.005	NULL	NULL	20411	20401	NULL	NULL	NULL	0.570	20368	NULL	6	30.9	0.040	0.002	0.323	0.002	NULL	0.002
153	3-A-6125	1.534	0.002	2.044	0.005	NULL	1.03	0.207	0.004	0.085	NULL	NULL	0.005	NULL	NULL	20411	20401	NULL	NULL	NULL	0.374	20368	NULL	6	34.4	0.042	0.002	0.292	0.002	NULL	0.002
154	3-A-6141	2.675	0.002	3.706	0.005	NULL	2.23	0.268	0.004	0.814	NULL	NULL	0.005	NULL	NULL	20411	20401	NULL	NULL	NULL	0.528	20372	NULL	6	215.4	0.055	0.002	1.082	0.002	NULL	0.002
155	3-A-6145	NULL	0.002	NULL	0.005	NULL	NULL	NULL	NULL	NULL	NULL	NULL	0.005	NULL	NULL	20411	20401	NULL	NULL	NULL	NULL	NULL	NULL	NULL	NULL	NULL	0.002	NULL	NULL	NULL	0.002
156	3-A-6161	1.433	0.002	2.025	0.005	NULL	0.97	0.220	0.004	0.094	NULL	NULL	0.005	NULL	NULL	20411	20401	NULL	NULL	NULL	0.566	20368	NULL	6	33.2	0.040	0.002	0.314	0.002	NULL	0.002
157	3-A-6165	2.335	0.002	3.307	0.005	NULL	1.70	0.232	0.004	0.242	NULL	NULL	0.005	NULL	NULL	20411	20401	NULL	NULL	NULL	0.834	20368	NULL	6	151.7	0.050	0.002	0.474	0.002	NULL	0.002
158	3-A-6230	2.790	0.002	4.029	0.005	20336	2.04	0.259	0.004	0.396	NULL	NULL	0.005	NULL	NULL	20411	20401	0.3258	0.3253	NULL	NULL	NULL	1.8	7	215.4	0.060	0.002	0.655	0.002	1	0.002
159	3-A-6260	NULL	0.002	NULL	0.005	NULL	NULL	NULL	NULL	NULL	NULL	NULL	0.005	NULL	NULL	20411	20401	NULL	NULL	NULL	NULL	NULL	NULL	NULL	NULL	NULL	0.002	NULL	NULL	NULL	0.002
160	3-A-6401	1.590	0.002	2.362	0.005	20336	1.27	0.165	0.004	0.145	0	2.362	0.005	0	0	20411	20401	0.2002	0.1998	0.57	0.560	20368	1.0	5	50.3	0.050	0.002	0.310	0.002	NULL	0.002
161	3-B-3917	2.125	0.002	3.268	0.005	NULL	1.57	0.235	0.004	0.198	NULL	NULL	0.005	NULL	NULL	20411	20401	NULL	NULL	NULL	0.540	20368	NULL	8	131.0	0.048	0.002	0.433	0.002	NULL	0.002
162	3-B-3918	2.204	0.002	3.268	0.005	NULL	1.57	0.252	0.004	0.198	NULL	NULL	0.005	NULL	NULL	20411	20401	NULL	NULL	NULL	0.540	20368	NULL	8	131.8	0.045	0.002	0.450	0.002	NULL	0.002
163	3-B-3919	2.283	0.002	3.268	0.005	NULL	1.53	0.268	0.004	0.158	NULL	NULL	0.005	NULL	NULL	20411	20401	NULL	NULL	NULL	0.540	20368	NULL	4	130.0	0.045	0.002	0.426	0.002	NULL	0.002
164	3-B-3920	1.968	0.002	3.268	0.005	NULL	1.53	0.234	0.004	0.158	NULL	NULL	0.005	NULL	NULL	20411	20401	NULL	NULL	NULL	0.540	20368	NULL	8	125.0	0.045	0.002	0.392	0.002	NULL	0.002
165	3-B-3921	2.284	0.002	3.268	0.005	NULL	1.57	0.268	0.004	0.198	NULL	NULL	0.005	NULL	NULL	20411	20401	NULL	NULL	NULL	0.540	20368	NULL	8	136.0	0.042	0.002	0.466	0.002	NULL	0.002
166	3-B-3922	2.125	0.002	3.071	0.005	NULL	1.54	0.216	0.004	0.198	NULL	NULL	0.005	NULL	NULL	20411	20401	NULL	NULL	NULL	NULL	NULL	NULL	NULL	NULL	NULL	0.002	0.414	0.002	NULL	0.002
167	3-B-4043	2.204	0.002	3.268	0.005	NULL	1.53	0.251	0.004	0.158	NULL	NULL	0.005	NULL	NULL	20411	20401	NULL	NULL	NULL	0.540	20368	NULL	8	126.0	0.045	0.002	0.409	0.002	NULL	0.002
168	3-B-4044	1.811	0.002	3.268	0.005	NULL	1.53	0.202	0.004	0.158	NULL	NULL	0.005	NULL	NULL	20411	20401	NULL	NULL	NULL	0.540	20368	NULL	8	113.0	0.045	0.002	0.360	0.002	NULL	0.002
169	3-B-4047	2.126	0.002	3.268	0.005	NULL	1.53	0.238	0.004	0.151	NULL	NULL	0.005	NULL	NULL	20411	20401	NULL	NULL	NULL	0.572	20368	NULL	8	127.0	0.045	0.002	0.389	0.002	NULL	0.002
170	3-B-4049	1.971	0.002	3.268	0.005	NULL	1.57	0.233	0.004	0.195	NULL	NULL	0.005	NULL	NULL	20411	20401	NULL	NULL	NULL	0.555	20368	NULL	8	130.0	0.045	0.002	0.428	0.002	NULL	0.002
171	3-B-4954	2.205	0.002	3.264	0.005	NULL	1.57	NULL	NULL	NULL	NULL	NULL	0.005	NULL	NULL	20411	20401	NULL	NULL	NULL	0.854	20368	NULL	8	133.6	0.050	0.002	NULL	NULL	NULL	0.002
172	3-B-4955	2.364	0.002	3.382	0.005	NULL	1.57	0.274	0.004	0.197	NULL	NULL	0.005	NULL	NULL	20411	20401	NULL	NULL	NULL	0.944	20368	NULL	6	138.8	0.045	0.002	0.471	0.002	NULL	0.002
173	3-B-4956	2.362	0.002	3.266	0.005	NULL	1.57	0.251	0.004	0.234	NULL	NULL	0.005	NULL	NULL	20411	20401	NULL	NULL	NULL	0.549	20368	NULL	8	134.7	0.055	0.002	0.485	0.002	NULL	0.002
174	3-B-5198	2.357	0.002	3.385	0.005	NULL	1.64	0.231	0.004	0.196	NULL	NULL	0.005	NULL	NULL	20411	20401	NULL	NULL	NULL	0.550	20368	NULL	7	146.9	0.050	0.002	0.427	0.002	NULL	0.002
175	3-B-5298	2.361	0.002	3.266	0.005	NULL	1.56	0.240	0.004	0.193	NULL	NULL	0.005	NULL	NULL	20411	20401	NULL	NULL	NULL	0.567	20368	NULL	8	131.9	0.050	0.002	0.433	0.002	NULL	0.002
176	3-B-5299	NULL	0.002	NULL	0.005	NULL	NULL	NULL	NULL	NULL	NULL	NULL	0.005	NULL	NULL	20411	20401	NULL	NULL	NULL	NULL	NULL	NULL	NULL	NULL	NULL	0.002	NULL	NULL	NULL	0.002
177	3-B-5300	2.126	0.002	3.268	0.005	NULL	1.57	0.223	0.004	0.197	NULL	NULL	0.005	NULL	NULL	20411	20401	NULL	NULL	NULL	0.548	20368	NULL	8	129.0	0.043	0.002	0.420	0.002	NULL	0.002
178	3-B-5341	2.564	0.002	3.900	0.005	NULL	1.78	0.240	0.004	0.243	NULL	NULL	0.005	NULL	NULL	20411	20401	NULL	NULL	NULL	0.544	20368	NULL	7	179.0	0.037	0.002	0.483	0.002	NULL	0.002
179	3-B-5346	2.642	0.002	3.846	0.005	NULL	1.77	0.248	0.004	0.247	NULL	NULL	0.005	NULL	NULL	20411	20401	NULL	NULL	NULL	0.570	20368	NULL	7	199.6	0.040	0.002	0.495	0.002	NULL	0.002
180	3-B-5743	2.364	0.002	3.340	0.005	NULL	1.64	0.235	0.004	0.195	NULL	NULL	0.005	NULL	NULL	20411	20401	NULL	NULL	NULL	0.600	20368	NULL	7	141.5	0.040	0.002	0.430	0.002	NULL	0.002
181	3-B-5766	NULL	0.002	NULL	0.005	NULL	NULL	NULL	NULL	NULL	NULL	NULL	0.005	NULL	NULL	20411	20401	NULL	NULL	NULL	NULL	NULL	NULL	NULL	NULL	NULL	0.002	NULL	NULL	NULL	0.002
182	3-B-5855	1.734	0.002	2.810	0.005	NULL	1.27	0.219	0.004	0.159	NULL	NULL	0.005	NULL	NULL	20411	20401	NULL	NULL	NULL	0.552	20368	NULL	7	79.4	0.040	0.002	0.378	0.002	NULL	0.002
183	3-B-5858	1.576	0.002	2.371	0.005	NULL	1.38	0.181	0.004	0.199	NULL	NULL	0.005	NULL	NULL	20411	20401	NULL	NULL	NULL	0.544	20368	NULL	6	133.1	0.042	0.002	0.380	0.002	NULL	0.002
184	3-B-5965	2.480	0.002	3.896	0.005	NULL	1.77	0.216	0.004	0.247	NULL	NULL	0.005	NULL	NULL	20411	20401	NULL	NULL	NULL	0.548	20368	NULL	7	200.3	0.045	0.002	0.463	0.002	NULL	0.002
185	3-B-5973	NULL	0.002	NULL	0.005	NULL	NULL	0.201	0.004	0.201	NULL	NULL	0.005	NULL	NULL	20411	20401	NULL	NULL	NULL	NULL	NULL	NULL	NULL	NULL	NULL	0.002	0.402	0.002	NULL	0.002
186	3-B-5976	NULL	0.002	NULL	0.005	NULL	NULL	NULL	NULL	NULL	NULL	NULL	0.005	NULL	NULL	20411	20401	NULL	NULL	NULL	NULL	NULL	NULL	NULL	NULL	NULL	0.002	NULL	NULL	NULL	0.002
187	3-B-5978	NULL	0.002	NULL	0.005	NULL	NULL	NULL	NULL	NULL	NULL	NULL	0.005	NULL	NULL	20411	20401	NULL	NULL	NULL	NULL	NULL	NULL	NULL	NULL	NULL	0.002	NULL	NULL	NULL	0.002
188	3-B-5980	2.362	0.002	3.218	0.005	NULL	1.52	0.277	0.004	0.156	NULL	NULL	0.005	NULL	NULL	20411	20401	NULL	NULL	NULL	0.708	20368	NULL	8	130.3	0.055	0.002	0.433	0.002	NULL	0.002
189	3-B-6016	NULL	0.002	NULL	0.005	NULL	NULL	0.177	0.004	0.072	NULL	NULL	0.005	NULL	NULL	20411	20401	NULL	NULL	NULL	NULL	NULL	NULL	NULL	NULL	NULL	0.002	0.249	0.002	NULL	0.002
190	3-B-6028	NULL	0.002	NULL	0.005	NULL	NULL	NULL	NULL	NULL	NULL	NULL	0.005	NULL	NULL	20411	20401	NULL	NULL	NULL	NULL	NULL	NULL	NULL	NULL	NULL	0.002	NULL	NULL	NULL	0.002
191	3-B-6029	NULL	0.002	NULL	0.005	NULL	NULL	NULL	NULL	NULL	NULL	NULL	0.005	NULL	NULL	20411	20401	NULL	NULL	NULL	NULL	NULL	NULL	NULL	NULL	NULL	0.002	NULL	NULL	NULL	0.002
192	3-B-6030	2.206	0.002	3.330	0.005	NULL	1.57	0.219	0.004	0.221	NULL	NULL	0.005	NULL	NULL	20411	20401	NULL	NULL	NULL	0.564	20368	NULL	6	145.7	0.055	0.002	0.440	0.002	NULL	0.002
193	3-B-6031	2.360	0.002	3.330	0.005	NULL	1.64	0.257	0.004	0.217	NULL	NULL	0.005	NULL	NULL	20411	20401	NULL	NULL	NULL	0.553	20368	NULL	6	146.1	0.055	0.002	0.474	0.002	NULL	0.002
194	3-B-6032	2.280	0.002	3.320	0.005	NULL	1.57	0.225	0.004	0.196	NULL	NULL	0.005	NULL	NULL	20411	20401	NULL	NULL	NULL	0.553	20368	NULL	7	144.2	0.050	0.002	0.421	0.002	NULL	0.002
195	3-B-6033	NULL	0.002	NULL	0.005	NULL	NULL	0.263	0.004	0.198	NULL	NULL	0.005	NULL	NULL	20411	20401	NULL	NULL	NULL	NULL	NULL	NULL	NULL	NULL	NULL	0.002	0.461	0.002	NULL	0.002
196	3-B-6101	2.206	0.002	3.016	0.005	NULL	1.54	0.230	0.004	0.196	NULL	NULL	0.005	NULL	NULL	20411	20401	NULL	NULL	NULL	0.854	20368	NULL	7	114.1	0.043	0.002	0.426	0.002	NULL	0.002
197	3-B-6207	NULL	0.002	NULL	0.005	NULL	NULL	NULL	NULL	NULL	NULL	NULL	0.005	NULL	NULL	20411	20401	NULL	NULL	NULL	NULL	NULL	NULL	NULL	NULL	NULL	0.002	NULL	NULL	NULL	0.002
198	3-B-6208	NULL	0.002	NULL	0.005	NULL	NULL	NULL	NULL	NULL	NULL	NULL	0.005	NULL	NULL	20411	20401	NULL	NULL	NULL	NULL	NULL	NULL	NULL	NULL	NULL	0.002	NULL	NULL	NULL	0.002
199	3-C-3798	3.163	0.002	4.560	0.005	NULL	2.38	0.380	0.004	0.298	NULL	NULL	0.005	NULL	NULL	20411	20401	NULL	NULL	NULL	NULL	NULL	NULL	NULL	NULL	NULL	0.002	0.678	0.002	NULL	0.002
200	3-C-3852	2.602	0.002	3.785	0.005	NULL	2.01	0.287	0.004	0.275	NULL	NULL	0.005	NULL	NULL	20411	20401	NULL	NULL	NULL	0.795	20368	NULL	7	204.4	0.060	0.002	0.562	0.002	NULL	0.002
201	3-C-3853	2.418	0.002	3.457	0.005	NULL	1.98	0.827	0.004	0.275	NULL	NULL	0.005	NULL	NULL	20411	20401	NULL	NULL	NULL	0.728	20368	NULL	7	179.5	0.050	0.002	1.102	0.002	NULL	0.002
202	3-C-3854	2.936	0.002	4.147	0.005	NULL	2.23	0.314	0.004	0.336	NULL	NULL	0.005	NULL	NULL	20411	20401	NULL	NULL	NULL	0.865	20368	NULL	7	267.2	0.065	0.002	0.650	0.002	NULL	0.002
203	3-C-3855	2.796	0.002	4.147	0.005	NULL	2.23	0.314	0.004	0.336	NULL	NULL	0.005	NULL	NULL	20411	20401	NULL	NULL	NULL	0.865	20368	NULL	7	265.2	0.065	0.002	0.650	0.002	NULL	0.002
204	3-C-3856	2.667	0.002	3.789	0.005	NULL	2.15	0.281	0.004	0.342	NULL	NULL	0.005	NULL	NULL	20411	20401	NULL	NULL	NULL	0.802	20368	NULL	7	204.8	0.055	0.002	0.623	0.002	NULL	0.002
205	3-C-3926	2.681	0.002	3.864	0.005	NULL	2.01	0.322	0.004	0.275	NULL	NULL	0.005	NULL	NULL	20411	20401	NULL	NULL	NULL	0.795	20368	NULL	7	198.0	0.060	0.002	0.597	0.002	NULL	0.002
206	3-C-3927	NULL	0.002	NULL	0.005	NULL	NULL	0.436	0.004	0.298	NULL	NULL	0.005	NULL	NULL	20411	20401	NULL	NULL	NULL	NULL	NULL	NULL	NULL	NULL	NULL	0.002	0.734	0.002	NULL	0.002
207	3-C-4025	3.566	0.002	5.018	0.005	NULL	2.83	0.446	0.004	0.371	NULL	NULL	0.005	NULL	NULL	20411	20401	NULL	NULL	NULL	1.044	20368	NULL	16	488.3	0.080	0.002	0.817	0.002	NULL	0.002
208	3-C-4026	3.465	0.002	5.018	0.005	NULL	2.83	0.446	0.004	0.371	NULL	NULL	0.005	NULL	NULL	20411	20401	NULL	NULL	NULL	1.044	20368	NULL	16	490.4	0.080	0.002	0.817	0.002	NULL	0.002
209	3-C-4027	3.281	0.002	4.678	0.005	NULL	2.38	0.436	0.004	0.298	NULL	NULL	0.005	NULL	NULL	20411	20401	NULL	NULL	NULL	0.960	20368	NULL	16	359.0	0.065	0.002	0.734	0.002	NULL	0.002
210	3-C-4028	2.550	0.002	4.310	0.005	NULL	2.23	0.364	0.004	0.336	NULL	NULL	0.005	NULL	NULL	20411	20401	NULL	NULL	NULL	0.865	20368	NULL	7	284.0	0.065	0.002	0.700	0.002	NULL	0.002
211	3-C-4064	2.602	0.002	3.785	0.005	NULL	2.01	0.287	0.004	0.275	NULL	NULL	0.005	NULL	NULL	20411	20401	NULL	NULL	NULL	0.795	20368	NULL	7	199.3	0.060	0.002	0.562	0.002	NULL	0.002
212	3-C-4065	2.418	0.002	3.457	0.005	NULL	1.93	0.269	0.004	0.275	NULL	NULL	0.005	NULL	NULL	20411	20401	NULL	NULL	NULL	0.728	20368	NULL	7	179.6	0.050	0.002	0.544	0.002	NULL	0.002
213	3-C-4066	2.750	0.002	4.310	0.005	NULL	2.23	0.364	0.004	0.336	NULL	NULL	0.005	NULL	NULL	20411	20401	NULL	NULL	NULL	0.865	20368	NULL	7	283.0	0.065	0.002	0.700	0.002	NULL	0.002
214	3-C-4175	2.537	0.002	3.633	0.005	NULL	1.98	0.304	0.004	0.248	NULL	NULL	0.005	NULL	NULL	20411	20401	NULL	NULL	NULL	0.770	20368	NULL	7	167.3	0.042	0.002	0.552	0.002	NULL	0.002
215	3-C-4182	3.238	0.002	4.546	0.005	NULL	2.51	0.354	0.004	0.326	NULL	NULL	0.005	NULL	NULL	20411	20401	NULL	NULL	NULL	0.920	20368	NULL	4	367.6	0.070	0.002	0.680	0.002	NULL	0.002
216	3-C-4217	NULL	0.002	NULL	0.005	NULL	NULL	0.292	0.004	0.273	NULL	NULL	0.005	NULL	NULL	20411	20401	NULL	NULL	NULL	NULL	NULL	NULL	NULL	NULL	NULL	0.002	0.565	0.002	NULL	0.002
217	3-C-4233	NULL	0.002	NULL	0.005	NULL	NULL	0.459	0.004	0.371	NULL	NULL	0.005	NULL	NULL	20411	20401	NULL	NULL	NULL	NULL	NULL	NULL	NULL	NULL	NULL	0.002	0.830	0.002	NULL	0.002
218	3-C-4274	NULL	0.002	NULL	0.005	NULL	NULL	0.304	0.004	0.334	NULL	NULL	0.005	NULL	NULL	20411	20401	NULL	NULL	NULL	NULL	NULL	NULL	NULL	NULL	NULL	0.002	0.638	0.002	NULL	0.002
219	3-C-5335	1.684	0.002	2.502	0.005	NULL	1.54	0.211	0.004	0.257	NULL	NULL	0.005	NULL	NULL	20411	20401	NULL	NULL	NULL	0.557	20368	NULL	7	72.1	0.044	0.002	0.468	0.002	NULL	0.002
220	3-C-5685	1.996	0.002	2.998	0.005	NULL	1.81	0.235	0.004	0.323	NULL	NULL	0.005	NULL	NULL	20411	20401	NULL	NULL	NULL	0.500	20368	NULL	6	114.3	0.055	0.002	0.558	0.002	NULL	0.002
221	3-C-5694	1.351	0.002	1.902	0.005	NULL	1.07	0.197	0.004	0.097	NULL	NULL	0.005	NULL	NULL	20411	20401	NULL	NULL	NULL	0.439	20368	NULL	NULL	NULL	0.042	0.002	0.294	0.002	NULL	0.002
222	3-C-5702	2.360	0.002	3.285	0.005	NULL	1.93	0.292	0.004	0.272	NULL	NULL	0.005	NULL	NULL	20411	20401	NULL	NULL	NULL	0.732	20368	NULL	7	141.1	0.055	0.002	0.564	0.002	NULL	0.002
223	3-C-5707	1.627	0.002	2.283	0.005	NULL	1.22	0.208	0.004	0.092	NULL	NULL	0.005	NULL	NULL	20411	20401	NULL	NULL	NULL	0.500	20368	NULL	6	50.0	0.040	0.002	0.300	0.002	NULL	0.002
224	3-C-5876	2.508	0.002	3.780	0.005	NULL	2.17	0.275	0.004	0.334	NULL	NULL	0.005	NULL	NULL	20411	20401	NULL	NULL	NULL	0.800	20368	NULL	7	206.0	0.055	0.002	0.609	0.002	NULL	0.002
225	3-D-1123	NULL	0.002	NULL	0.005	NULL	NULL	0.160	0.004	0.104	NULL	NULL	0.005	NULL	NULL	20411	20401	NULL	NULL	NULL	NULL	NULL	NULL	NULL	NULL	NULL	0.002	0.264	0.002	2	0.002
226	3-D-2276	1.238	0.002	1.770	0.005	NULL	1.01	0.158	0.004	0.072	NULL	NULL	0.005	NULL	NULL	20411	20401	NULL	NULL	NULL	0.480	20368	NULL	4	20.0	0.035	0.002	0.230	0.002	NULL	0.002
227	3-D-2277	1.416	0.002	1.966	0.005	NULL	1.01	0.182	0.004	0.072	NULL	NULL	0.005	NULL	NULL	20411	20401	NULL	NULL	NULL	0.480	20368	NULL	6	36.0	0.037	0.002	0.254	0.002	NULL	0.002
228	3-D-2558	1.374	0.002	1.967	0.005	NULL	1.01	0.183	0.004	0.066	NULL	NULL	0.005	NULL	NULL	20411	20401	NULL	NULL	NULL	NULL	NULL	NULL	NULL	NULL	NULL	0.002	0.249	0.002	NULL	0.002
229	3-D-2736	1.374	0.002	1.967	0.005	NULL	1.01	0.179	0.004	0.070	NULL	NULL	0.005	NULL	NULL	20411	20401	NULL	NULL	NULL	0.492	20368	NULL	6	36.0	0.037	0.002	0.249	0.002	NULL	0.002
230	3-D-3124	1.324	0.002	1.812	0.005	NULL	1.01	0.181	0.004	0.075	NULL	NULL	0.005	NULL	NULL	20411	20401	NULL	NULL	NULL	0.485	20368	NULL	6	28.0	0.035	0.002	0.256	0.002	NULL	0.002
231	3-D-3133	1.515	0.002	2.006	0.005	20336	1.01	0.219	0.004	0.070	0	2.006	0.005	0	0	20411	20401	0.1817	0.1813	0.43	0.492	20368	0.7	6	34.7	0.035	0.002	0.289	0.002	NULL	0.002
232	3-D-3196	1.416	0.002	1.967	0.005	NULL	1.01	NULL	NULL	NULL	NULL	NULL	0.005	NULL	NULL	20411	20401	NULL	NULL	NULL	NULL	NULL	NULL	NULL	NULL	NULL	0.002	NULL	NULL	NULL	0.002
233	3-D-3204	1.494	0.002	2.006	0.005	NULL	1.01	0.213	0.004	0.071	NULL	NULL	0.005	NULL	NULL	20411	20401	NULL	NULL	NULL	0.478	20368	NULL	5	33.0	0.040	0.002	0.284	0.002	NULL	0.002
234	3-D-3370	NULL	0.002	NULL	0.005	NULL	NULL	0.158	0.004	0.072	NULL	NULL	0.005	NULL	NULL	20411	20401	NULL	NULL	NULL	NULL	NULL	NULL	NULL	NULL	NULL	0.002	0.230	0.002	2	0.002
235	3-D-3517	1.326	0.002	1.770	0.005	NULL	1.01	0.182	0.004	0.070	NULL	NULL	0.005	NULL	NULL	20411	20401	NULL	NULL	NULL	0.485	20368	NULL	4	28.0	0.037	0.002	0.252	0.002	NULL	0.002
236	3-D-3558	1.356	0.002	1.812	0.005	NULL	1.01	0.160	0.004	0.072	NULL	NULL	0.005	NULL	NULL	20411	20401	NULL	NULL	NULL	0.485	20368	NULL	4	28.0	0.037	0.002	0.232	0.002	NULL	0.002
237	3-D-3588	1.360	0.002	2.006	0.005	NULL	1.01	0.166	0.004	0.070	NULL	NULL	0.005	NULL	NULL	20411	20401	NULL	NULL	NULL	0.490	20368	NULL	6	31.2	0.037	0.002	0.236	0.002	NULL	0.002
238	3-D-3592	1.486	0.002	2.006	0.005	NULL	1.01	0.174	0.004	0.070	NULL	NULL	0.005	NULL	NULL	20411	20401	NULL	NULL	NULL	0.490	20368	NULL	6	32.2	0.037	0.002	0.244	0.002	NULL	0.002
239	3-D-3593	1.443	0.002	2.006	0.005	NULL	1.01	0.159	0.004	0.073	NULL	NULL	0.005	NULL	NULL	20411	20401	NULL	NULL	NULL	0.480	20368	NULL	6	32.9	0.035	0.002	0.232	0.002	NULL	0.002
240	3-D-3603	1.648	0.002	2.207	0.005	NULL	1.01	0.229	0.004	0.071	NULL	NULL	0.005	NULL	NULL	20411	20401	NULL	NULL	NULL	0.485	20368	NULL	4	35.0	0.035	0.002	0.300	0.002	NULL	0.002
241	3-D-3818	1.162	0.002	1.614	0.005	NULL	0.82	0.163	0.004	-99.000	NULL	NULL	0.005	NULL	NULL	20411	20401	NULL	NULL	NULL	0.450	20369	NULL	5	16.7	0.037	0.002	0.163	0.002	NULL	0.002
242	3-D-3871	1.324	0.002	1.812	0.005	NULL	0.86	0.155	0.004	-99.000	NULL	NULL	0.005	NULL	NULL	20411	20401	NULL	NULL	NULL	-99.000	20369	NULL	6	21.9	0.037	0.002	0.155	0.002	NULL	0.002
243	3-D-3872	1.358	0.002	1.810	0.005	NULL	0.86	0.166	0.004	-99.000	NULL	NULL	0.005	NULL	NULL	20411	20401	NULL	NULL	NULL	-99.000	20369	NULL	6	23.0	0.037	0.002	0.166	0.002	NULL	0.002
244	3-D-3886	1.021	0.002	1.458	0.005	NULL	0.86	0.153	0.004	0.110	NULL	NULL	0.005	NULL	NULL	20411	20401	NULL	NULL	NULL	0.475	20368	NULL	5	14.0	0.037	0.002	0.263	0.002	NULL	0.002
245	3-D-3923	1.345	0.002	2.006	0.005	NULL	1.01	0.143	0.004	0.073	NULL	NULL	0.005	NULL	NULL	20411	20401	NULL	NULL	NULL	0.480	20368	NULL	6	30.0	0.035	0.002	0.216	0.002	NULL	0.002
246	3-D-3928	1.079	0.002	1.458	0.005	NULL	0.86	0.171	0.004	0.110	NULL	NULL	0.005	NULL	NULL	20411	20401	NULL	NULL	NULL	0.475	20368	NULL	5	14.0	0.042	0.002	0.281	0.002	NULL	0.002
247	3-D-3954	1.064	0.002	1.530	0.005	NULL	0.86	0.126	0.004	0.110	NULL	NULL	0.005	NULL	NULL	20411	20401	NULL	NULL	NULL	0.493	20368	NULL	5	14.4	0.044	0.002	0.236	0.002	2	0.002
248	3-D-3985	1.324	0.002	1.812	0.005	NULL	0.86	NULL	NULL	NULL	NULL	NULL	0.005	NULL	NULL	20411	20401	NULL	NULL	NULL	NULL	NULL	NULL	NULL	NULL	NULL	0.002	NULL	NULL	NULL	0.002
249	3-D-4123	1.322	0.002	1.810	0.005	NULL	0.97	0.154	0.004	0.110	NULL	NULL	0.005	NULL	NULL	20411	20401	NULL	NULL	NULL	0.485	20368	NULL	6	23.2	0.034	0.002	0.264	0.002	NULL	0.002
250	3-D-4575	NULL	0.002	NULL	0.005	NULL	NULL	NULL	NULL	NULL	NULL	NULL	0.005	NULL	NULL	20411	20401	NULL	NULL	NULL	NULL	NULL	NULL	NULL	NULL	NULL	0.002	NULL	NULL	NULL	0.002
251	3-D-4578	1.213	0.002	1.810	0.005	NULL	0.97	0.132	0.004	0.112	NULL	NULL	0.005	NULL	NULL	20411	20401	NULL	NULL	NULL	0.490	20368	NULL	6	24.3	0.040	0.002	0.244	0.002	NULL	0.002
252	3-D-4579	1.213	0.002	1.903	0.005	NULL	0.97	0.116	0.004	0.109	NULL	NULL	0.005	NULL	NULL	20411	20401	NULL	NULL	NULL	0.481	20368	NULL	5	21.1	0.040	0.002	0.225	0.002	2	0.002
253	3-D-4580	1.490	0.002	2.128	0.005	NULL	1.01	0.157	0.004	0.066	NULL	NULL	0.005	NULL	NULL	20411	20401	NULL	NULL	NULL	0.490	20368	NULL	6	30.7	0.038	0.002	0.223	0.002	2	0.002
254	3-D-4907	1.266	0.002	1.890	0.005	NULL	0.97	0.126	0.004	0.116	NULL	NULL	0.005	NULL	NULL	20411	20401	NULL	NULL	NULL	0.479	20368	NULL	5	21.5	0.040	0.002	0.242	0.002	2	0.002
255	3-D-4908	1.102	0.002	1.614	0.005	NULL	0.93	0.120	0.004	0.110	NULL	NULL	0.005	NULL	NULL	20411	20401	NULL	NULL	NULL	0.476	20368	NULL	5	18.0	0.045	0.002	0.230	0.002	NULL	0.002
256	3-D-4957	1.062	0.002	1.535	0.005	NULL	0.87	0.128	0.004	0.111	NULL	NULL	0.005	NULL	NULL	20411	20401	NULL	NULL	NULL	0.478	20368	NULL	5	13.9	0.045	0.002	0.239	0.002	2	0.002
257	3-D-4958	1.303	0.002	1.914	0.005	NULL	0.97	0.115	0.004	0.113	NULL	NULL	0.005	NULL	NULL	20411	20401	NULL	NULL	NULL	0.478	20368	NULL	5	21.1	0.040	0.002	0.228	0.002	2	0.002
258	3-D-4959	1.570	0.002	2.008	0.005	NULL	1.01	0.190	0.004	0.072	NULL	NULL	0.005	NULL	NULL	20411	20401	NULL	NULL	NULL	0.484	20368	NULL	4	26.3	0.050	0.002	0.262	0.002	NULL	0.002
259	3-D-4960	1.154	0.002	1.684	0.005	NULL	0.98	0.120	0.004	0.107	NULL	NULL	0.005	NULL	NULL	20411	20401	NULL	NULL	NULL	0.480	20368	NULL	5	16.9	0.045	0.002	0.227	0.002	2	0.002
260	3-D-5239	1.612	0.002	2.123	0.005	NULL	1.01	0.167	0.004	0.070	NULL	NULL	0.005	NULL	NULL	20411	20401	NULL	NULL	NULL	0.495	20368	NULL	NULL	NULL	0.033	0.002	0.237	0.002	2	0.002
261	3-D-5268	1.076	0.002	1.618	0.005	NULL	0.93	0.152	0.004	0.110	NULL	NULL	0.005	NULL	NULL	20411	20401	NULL	NULL	NULL	0.477	20368	NULL	5	18.1	0.045	0.002	0.262	0.002	NULL	0.002
262	3-D-5278	1.779	0.002	2.333	0.005	NULL	1.09	0.183	0.004	0.073	NULL	NULL	0.005	NULL	NULL	20411	20401	NULL	NULL	NULL	0.484	20368	NULL	6	35.6	0.040	0.002	0.256	0.002	2	0.002
263	3-D-5323	1.218	0.002	1.813	0.005	NULL	0.86	0.131	0.004	-99.000	NULL	NULL	0.005	NULL	NULL	20411	20401	NULL	NULL	NULL	-99.000	20369	NULL	6	22.1	0.042	0.002	0.131	0.002	NULL	0.002
264	3-D-5326	1.694	0.002	2.334	0.005	NULL	1.09	0.178	0.004	0.072	NULL	NULL	0.005	NULL	NULL	20411	20401	NULL	NULL	NULL	0.483	20368	NULL	6	35.8	0.040	0.002	0.250	0.002	2	0.002
265	3-D-5373	NULL	0.002	NULL	0.005	NULL	NULL	NULL	NULL	NULL	NULL	NULL	0.005	NULL	NULL	20411	20401	NULL	NULL	NULL	NULL	NULL	NULL	NULL	NULL	NULL	0.002	NULL	NULL	NULL	0.002
266	3-D-5568	1.646	0.002	2.334	0.005	NULL	1.09	0.172	0.004	0.069	NULL	NULL	0.005	NULL	NULL	20411	20401	NULL	NULL	NULL	0.486	20368	NULL	6	35.3	0.040	0.002	0.241	0.002	2	0.002
267	3-D-5570	2.680	0.002	3.695	0.005	NULL	1.89	0.292	0.004	0.232	NULL	NULL	0.005	NULL	NULL	20411	20401	NULL	NULL	NULL	1.102	20368	NULL	7	213.8	0.060	0.002	0.524	0.002	NULL	0.002
268	3-D-5571	2.626	0.002	3.920	0.005	NULL	1.93	0.274	0.004	0.235	NULL	NULL	0.005	NULL	NULL	20411	20401	NULL	NULL	NULL	1.091	20368	NULL	7	214.8	0.060	0.002	0.509	0.002	NULL	0.002
269	3-D-5584	1.181	0.002	1.969	0.005	NULL	1.02	0.182	0.004	-99.000	NULL	NULL	0.005	NULL	NULL	20411	20401	NULL	NULL	NULL	-99.000	20369	NULL	6	31.8	0.036	0.002	0.182	0.002	NULL	0.002
270	3-D-5590	1.161	0.002	1.692	0.005	NULL	0.92	0.148	0.004	0.110	NULL	NULL	0.005	NULL	NULL	20411	20401	NULL	NULL	NULL	0.488	20368	NULL	6	17.4	0.035	0.002	0.258	0.002	2	0.002
271	3-D-5595	1.739	0.002	2.502	0.005	NULL	1.18	0.156	0.004	0.155	NULL	NULL	0.005	NULL	NULL	20411	20401	NULL	NULL	NULL	0.634	20368	NULL	6	49.3	0.040	0.002	0.311	0.002	NULL	0.002
272	3-D-5599	1.737	0.002	2.440	0.005	NULL	1.18	0.156	0.004	0.151	NULL	NULL	0.005	NULL	NULL	20411	20401	NULL	NULL	NULL	0.630	20368	NULL	6	53.4	0.040	0.002	0.307	0.002	NULL	0.002
273	3-D-5607	1.335	0.002	1.910	0.005	NULL	0.98	0.146	0.004	0.109	NULL	NULL	0.005	NULL	NULL	20411	20401	NULL	NULL	NULL	0.478	20368	NULL	5	21.9	0.040	0.002	0.255	0.002	2	0.002
274	3-D-5618	0.872	0.002	1.300	0.005	NULL	0.71	0.125	0.004	-99.000	NULL	NULL	0.005	NULL	NULL	20411	20401	NULL	NULL	NULL	-99.000	20369	NULL	5	8.0	0.040	0.002	0.125	0.002	NULL	0.002
275	3-D-5670	1.452	0.002	1.920	0.005	NULL	0.97	0.143	0.004	0.071	NULL	NULL	0.005	NULL	NULL	20411	20401	NULL	NULL	NULL	0.488	20368	NULL	5	21.4	0.037	0.002	0.214	0.002	2	0.002
276	3-D-5672	NULL	0.002	NULL	0.005	NULL	NULL	0.181	0.004	-99.000	NULL	NULL	0.005	NULL	NULL	20411	20401	NULL	NULL	NULL	NULL	NULL	NULL	NULL	NULL	NULL	0.002	0.181	0.002	NULL	0.002
277	3-D-5727	1.493	0.002	2.379	0.005	NULL	1.06	0.174	0.004	-99.000	NULL	NULL	0.005	NULL	NULL	20411	20401	NULL	NULL	NULL	-99.000	20369	NULL	6	49.1	0.034	0.002	0.174	0.002	NULL	0.002
278	3-D-5735	1.666	0.002	2.382	0.005	NULL	1.09	0.190	0.004	0.101	NULL	NULL	0.005	NULL	NULL	20411	20401	NULL	NULL	NULL	0.637	20368	NULL	NULL	NULL	0.039	0.002	0.291	0.002	NULL	0.002
279	3-D-5750	2.165	0.002	3.032	0.005	NULL	1.59	0.198	0.004	0.204	NULL	NULL	0.005	NULL	NULL	20411	20401	NULL	NULL	NULL	0.959	20368	NULL	7	NULL	0.049	0.002	0.402	0.002	NULL	0.002
280	3-D-5754	1.318	0.002	1.807	0.005	NULL	1.01	0.156	0.004	0.067	NULL	NULL	0.005	NULL	NULL	20411	20401	NULL	NULL	NULL	0.486	20368	NULL	6	23.5	0.037	0.002	0.223	0.002	NULL	0.002
281	3-D-5756	1.947	0.002	2.913	0.005	NULL	1.74	0.250	0.004	0.137	NULL	NULL	0.005	NULL	NULL	20411	20401	NULL	NULL	NULL	0.803	20368	NULL	NULL	NULL	0.055	0.002	0.387	0.002	NULL	0.002
282	3-D-5760	1.969	0.002	3.189	0.005	NULL	1.74	0.241	0.004	0.135	NULL	NULL	0.005	NULL	NULL	20411	20401	NULL	NULL	NULL	0.873	20368	NULL	NULL	NULL	0.055	0.002	0.376	0.002	NULL	0.002
283	3-D-5764	1.862	0.002	2.900	0.005	NULL	1.65	0.235	0.004	0.132	NULL	NULL	0.005	NULL	NULL	20411	20401	NULL	NULL	NULL	0.843	20368	NULL	NULL	NULL	0.043	0.002	0.367	0.002	NULL	0.002
284	3-D-5773	1.869	0.002	2.644	0.005	NULL	1.42	0.169	0.004	0.158	NULL	NULL	0.005	NULL	NULL	20411	20401	NULL	NULL	NULL	0.637	20368	NULL	7	66.4	0.050	0.002	0.327	0.002	NULL	0.002
285	3-D-5787	1.604	0.002	2.118	0.005	NULL	1.01	NULL	NULL	NULL	NULL	NULL	0.005	NULL	NULL	20411	20401	NULL	NULL	NULL	0.461	20368	NULL	6	NULL	0.035	0.002	NULL	NULL	NULL	0.002
286	3-D-5788	NULL	0.002	NULL	0.005	NULL	NULL	NULL	NULL	NULL	NULL	NULL	0.005	NULL	NULL	20411	20401	NULL	NULL	NULL	NULL	NULL	NULL	NULL	NULL	NULL	0.002	NULL	NULL	NULL	0.002
287	3-D-5789	1.825	0.002	2.340	0.005	NULL	1.09	0.183	0.004	0.072	NULL	NULL	0.005	NULL	NULL	20411	20401	NULL	NULL	NULL	0.486	20368	NULL	6	NULL	0.033	0.002	0.255	0.002	2	0.002
288	3-D-5881	1.194	0.002	1.669	0.005	NULL	0.93	0.139	0.004	0.111	NULL	NULL	0.005	NULL	NULL	20411	20401	NULL	NULL	NULL	0.477	20368	NULL	6	17.6	0.035	0.002	0.250	0.002	2	0.002
289	3-D-5898	1.385	0.002	2.165	0.005	NULL	1.04	0.172	0.004	-99.000	NULL	NULL	0.005	NULL	NULL	20411	20401	NULL	NULL	NULL	NULL	20369	NULL	6	40.7	0.038	0.002	0.172	0.002	NULL	0.002
290	3-D-5910	NULL	0.002	NULL	0.005	NULL	NULL	NULL	NULL	NULL	NULL	NULL	0.005	NULL	NULL	20411	20401	NULL	NULL	NULL	NULL	NULL	NULL	NULL	NULL	NULL	0.002	NULL	NULL	NULL	0.002
291	3-D-5933	1.495	0.002	2.383	0.005	NULL	1.10	0.177	0.004	-99.000	NULL	NULL	0.005	NULL	NULL	20411	20401	NULL	NULL	NULL	-99.000	20369	NULL	6	50.0	0.050	0.002	0.177	0.002	NULL	0.002
292	3-D-6065	NULL	0.002	NULL	0.005	NULL	NULL	0.160	0.004	0.104	NULL	NULL	0.005	NULL	NULL	20411	20401	NULL	NULL	NULL	NULL	NULL	NULL	NULL	NULL	NULL	0.002	0.264	0.002	2	0.002
293	3-D-6188	NULL	0.002	NULL	0.005	NULL	NULL	NULL	NULL	NULL	NULL	NULL	0.005	NULL	NULL	20411	20401	NULL	NULL	NULL	NULL	NULL	NULL	NULL	NULL	NULL	0.002	NULL	NULL	NULL	0.002
294	3-D-6192	1.449	0.002	2.166	0.005	NULL	1.04	0.175	0.004	-99.000	NULL	NULL	0.005	NULL	NULL	20411	20401	NULL	NULL	NULL	0.460	20369	NULL	6	40.6	0.045	0.002	0.175	0.002	NULL	0.002
295	3-D-6195	NULL	0.002	NULL	0.005	NULL	NULL	0.149	0.004	0.072	NULL	NULL	0.005	NULL	NULL	20411	20401	NULL	NULL	NULL	NULL	NULL	NULL	NULL	NULL	NULL	0.002	0.221	0.002	2	0.002
296	3-E-3457	1.830	0.002	2.366	0.005	NULL	1.09	0.221	0.004	0.110	NULL	NULL	0.005	NULL	NULL	20411	20401	NULL	NULL	NULL	0.690	20368	NULL	6	54.0	0.040	0.002	0.331	0.002	NULL	0.002
297	3-E-4173	1.636	0.002	2.207	0.005	NULL	0.87	0.192	0.004	-99.000	NULL	NULL	0.005	NULL	NULL	20411	20401	NULL	NULL	NULL	-99.000	20369	NULL	6	38.6	0.043	0.002	0.192	0.002	NULL	0.002
298	3-E-4204	1.575	0.002	2.086	0.005	NULL	0.85	0.218	0.004	-99.000	NULL	NULL	0.005	NULL	NULL	20411	20401	NULL	NULL	NULL	-99.000	20369	NULL	6	32.0	0.043	0.002	0.218	0.002	NULL	0.002
299	3-E-4205	1.709	0.002	2.207	0.005	NULL	1.03	0.216	0.004	0.075	NULL	NULL	0.005	NULL	NULL	20411	20401	NULL	NULL	NULL	0.553	20368	NULL	6	42.9	0.040	0.002	0.291	0.002	NULL	0.002
300	3-E-4309	1.141	0.002	1.575	0.005	NULL	0.71	0.161	0.004	-99.000	NULL	NULL	0.005	NULL	NULL	20411	20401	NULL	NULL	NULL	-99.000	20369	NULL	6	15.2	0.040	0.002	0.161	0.002	NULL	0.002
301	3-E-4581	1.491	0.002	1.930	0.005	NULL	0.99	0.197	0.004	0.075	NULL	NULL	0.005	NULL	NULL	20411	20401	NULL	NULL	NULL	0.393	20368	NULL	6	27.9	0.040	0.002	0.272	0.002	NULL	0.002
302	3-E-4582	1.488	0.002	1.929	0.005	NULL	0.93	0.203	0.004	-99.000	NULL	NULL	0.005	NULL	NULL	20411	20401	NULL	NULL	NULL	-99.000	20369	NULL	6	29.1	0.040	0.002	0.203	0.002	NULL	0.002
303	3-E-4583	1.745	0.002	2.360	0.005	NULL	1.09	0.204	0.004	0.111	NULL	NULL	0.005	NULL	NULL	20411	20401	NULL	NULL	NULL	0.696	20368	NULL	6	51.3	0.045	0.002	0.315	0.002	NULL	0.002
304	3-E-4584	1.143	0.002	1.575	0.005	NULL	0.75	0.172	0.004	-99.000	NULL	NULL	0.005	NULL	NULL	20411	20401	NULL	NULL	NULL	-99.000	20369	NULL	6	15.4	0.038	0.002	0.172	0.002	NULL	0.002
305	3-E-4585	1.346	0.002	1.734	0.005	NULL	0.86	0.178	0.004	0.064	NULL	NULL	0.005	NULL	NULL	20411	20401	NULL	NULL	NULL	0.308	20368	NULL	6	21.4	0.040	0.002	0.242	0.002	NULL	0.002
306	3-E-4586	1.600	0.002	2.206	0.005	NULL	1.03	0.193	0.004	0.072	NULL	NULL	0.005	NULL	NULL	20411	20401	NULL	NULL	NULL	0.562	20368	NULL	6	40.7	0.040	0.002	0.265	0.002	NULL	0.002
307	3-E-4587	1.497	0.002	1.930	0.005	NULL	0.96	0.196	0.004	0.073	NULL	NULL	0.005	NULL	NULL	20411	20401	NULL	NULL	NULL	0.396	20368	NULL	6	29.3	0.045	0.002	0.269	0.002	NULL	0.002
308	3-E-4588	1.556	0.002	2.008	0.005	NULL	0.95	0.212	0.004	0.070	NULL	NULL	0.005	NULL	NULL	20411	20401	NULL	NULL	NULL	0.394	20368	NULL	6	30.9	0.040	0.002	0.282	0.002	NULL	0.002
309	3-E-4589	1.506	0.002	2.008	0.005	NULL	0.95	0.200	0.004	0.075	NULL	NULL	0.005	NULL	NULL	20411	20401	NULL	NULL	NULL	0.390	20368	NULL	6	29.8	0.036	0.002	0.275	0.002	NULL	0.002
310	3-E-4590	1.371	0.002	1.930	0.005	NULL	0.87	0.184	0.004	-99.000	NULL	NULL	0.005	NULL	NULL	20411	20401	NULL	NULL	NULL	-99.000	20369	NULL	12	27.6	0.048	0.002	0.184	0.002	NULL	0.002
311	3-E-4591	1.710	0.002	2.205	0.005	NULL	1.03	0.219	0.004	0.074	NULL	NULL	0.005	NULL	NULL	20411	20401	NULL	NULL	NULL	0.562	20368	NULL	6	39.2	0.040	0.002	0.293	0.002	NULL	0.002
312	3-E-4592	1.654	0.002	2.205	0.005	NULL	1.04	0.209	0.004	0.075	NULL	NULL	0.005	NULL	NULL	20411	20401	NULL	NULL	NULL	0.553	20368	NULL	6	41.4	0.040	0.002	0.284	0.002	NULL	0.002
313	3-E-4593	1.259	0.002	1.732	0.005	NULL	0.85	0.163	0.004	0.063	NULL	NULL	0.005	NULL	NULL	20411	20401	NULL	NULL	NULL	0.306	20368	NULL	6	20.6	0.036	0.002	0.226	0.002	NULL	0.002
314	3-E-4594	1.491	0.002	1.928	0.005	NULL	0.89	0.189	0.004	-99.000	NULL	NULL	0.005	NULL	NULL	20411	20401	NULL	NULL	NULL	-99.000	20369	NULL	6	31.7	0.045	0.002	0.189	0.002	NULL	0.002
315	3-E-4595	1.709	0.002	2.206	0.005	NULL	0.87	0.210	0.004	-99.000	NULL	NULL	0.005	NULL	NULL	20411	20401	NULL	NULL	NULL	-99.000	20369	NULL	6	39.1	0.045	0.002	0.210	0.002	NULL	0.002
316	3-E-4596	1.397	0.002	1.929	0.005	NULL	0.95	0.177	0.004	0.072	NULL	NULL	0.005	NULL	NULL	20411	20401	NULL	NULL	NULL	0.394	20368	NULL	6	28.7	0.040	0.002	0.249	0.002	NULL	0.002
317	3-E-4597	1.489	0.002	1.929	0.005	NULL	0.99	0.169	0.004	0.074	NULL	NULL	0.005	NULL	NULL	20411	20401	NULL	NULL	NULL	0.397	20368	NULL	6	29.5	0.040	0.002	0.243	0.002	NULL	0.002
318	3-E-4598	1.508	0.002	2.007	0.005	NULL	0.95	0.181	0.004	0.075	NULL	NULL	0.005	NULL	NULL	20411	20401	NULL	NULL	NULL	0.393	20368	NULL	6	29.9	0.040	0.002	0.256	0.002	NULL	0.002
319	3-E-4909	1.382	0.002	1.732	0.005	NULL	0.85	0.188	0.004	0.063	NULL	NULL	0.005	NULL	NULL	20411	20401	NULL	NULL	NULL	0.301	20368	NULL	6	23.1	0.040	0.002	0.251	0.002	NULL	0.002
320	3-E-4910	1.432	0.002	2.008	0.005	NULL	0.95	0.163	0.004	0.077	NULL	NULL	0.005	NULL	NULL	20411	20401	NULL	NULL	NULL	0.393	20368	NULL	6	34.6	0.040	0.002	0.240	0.002	NULL	0.002
321	3-E-4911	1.343	0.002	1.732	0.005	NULL	0.78	0.167	0.004	0.063	NULL	NULL	0.005	NULL	NULL	20411	20401	NULL	NULL	NULL	0.305	20368	NULL	6	20.4	0.036	0.002	0.230	0.002	NULL	0.002
322	3-E-4928	1.512	0.002	2.008	0.005	20336	1.00	0.157	0.004	0.076	0	2.008	0.005	0	0	20411	20401	0.1971	0.1967	0.48	0.400	20368	0.8	6	34.3	0.036	0.002	0.233	0.002	NULL	0.002
323	3-E-5395	1.624	0.002	2.285	0.005	NULL	0.99	0.217	0.004	-99.000	NULL	NULL	0.005	NULL	NULL	20411	20401	NULL	NULL	NULL	-99.000	20369	NULL	12	NULL	0.070	0.002	0.217	0.002	NULL	0.002
324	3-E-5398	1.515	0.002	2.008	0.005	20336	0.99	0.158	NULL	0.074	0	2.008	0.005	0	0	20411	20401	0.1971	0.1967	0.49	0.400	20368	0.8	6	34.8	0.038	0.002	0.232	NULL	NULL	0.002
325	3-E-5399	1.397	0.002	1.930	0.005	NULL	0.96	NULL	NULL	NULL	NULL	NULL	0.005	NULL	NULL	20411	20401	NULL	NULL	NULL	0.391	20368	NULL	6	29.2	0.045	0.002	NULL	NULL	NULL	0.002
326	3-E-5400	1.450	0.002	1.930	0.005	NULL	0.95	0.171	0.004	0.075	NULL	NULL	0.005	NULL	NULL	20411	20401	NULL	NULL	NULL	0.392	20368	NULL	6	28.9	0.040	0.002	0.246	0.002	NULL	0.002
327	3-E-5790	NULL	0.002	NULL	0.005	NULL	NULL	NULL	NULL	NULL	NULL	NULL	0.005	NULL	NULL	20411	20401	NULL	NULL	NULL	NULL	NULL	NULL	NULL	NULL	NULL	0.002	NULL	NULL	NULL	0.002
328	3-E-5879	1.168	0.002	1.575	0.005	NULL	0.71	0.178	0.004	-99.000	NULL	NULL	0.005	NULL	NULL	20411	20401	NULL	NULL	NULL	-99.000	20369	NULL	6	15.1	0.037	0.002	0.178	0.002	NULL	0.002
329	3-E-6198	1.437	0.002	2.008	0.005	NULL	0.94	0.146	0.004	0.077	0	NULL	0.005	0	NULL	20411	20401	0.1971	0.1967	NULL	NULL	NULL	NULL	NULL	NULL	NULL	0.002	0.223	0.002	NULL	0.002
330	3-F-1291	1.377	0.002	1.968	0.005	NULL	0.95	0.148	0.004	-99.000	NULL	NULL	0.005	NULL	NULL	20411	20401	NULL	NULL	NULL	-99.000	20369	NULL	5	27.0	0.025	0.002	0.148	0.002	NULL	0.002
331	3-F-1292	1.262	0.002	2.010	0.005	NULL	0.89	0.120	0.004	-99.000	NULL	NULL	0.005	NULL	NULL	20411	20401	NULL	NULL	NULL	NULL	NULL	NULL	NULL	NULL	NULL	0.002	0.120	0.002	NULL	0.002
332	3-F-1293	1.337	0.002	2.010	0.005	NULL	0.89	0.149	0.004	-99.000	NULL	NULL	0.005	NULL	NULL	20411	20401	NULL	NULL	NULL	-99.000	20369	NULL	5	26.5	0.025	0.002	0.149	0.002	NULL	0.002
333	3-F-1294	1.517	0.002	2.055	0.005	NULL	0.89	0.186	0.004	-99.000	NULL	NULL	0.005	NULL	NULL	20411	20401	NULL	NULL	NULL	-99.000	20369	NULL	5	30.0	0.040	0.002	0.186	0.002	NULL	0.002
334	3-F-1295	1.625	0.002	2.068	0.005	NULL	0.95	0.215	0.004	-99.000	NULL	NULL	0.005	NULL	NULL	20411	20401	NULL	NULL	NULL	-99.000	20369	NULL	5	30.7	0.025	0.002	0.215	0.002	NULL	0.002
335	3-F-1296	1.552	0.002	2.068	0.005	NULL	0.89	0.197	0.004	-99.000	NULL	NULL	0.005	NULL	NULL	20411	20401	NULL	NULL	NULL	NULL	NULL	NULL	NULL	NULL	NULL	0.002	0.197	0.002	NULL	0.002
336	3-F-1719	1.320	0.002	2.010	0.005	NULL	0.95	0.134	0.004	-99.000	NULL	NULL	0.005	NULL	NULL	20411	20401	NULL	NULL	NULL	-99.000	20369	NULL	5	26.3	0.025	0.002	0.134	0.002	NULL	0.002
337	3-F-1967	1.448	0.002	2.068	0.005	NULL	0.95	0.172	0.004	-99.000	NULL	NULL	0.005	NULL	NULL	20411	20401	NULL	NULL	NULL	NULL	NULL	NULL	NULL	NULL	NULL	0.002	0.172	0.002	NULL	0.002
338	3-F-4009	1.226	0.002	1.810	0.005	NULL	0.98	0.181	0.004	0.050	NULL	NULL	0.005	NULL	NULL	20411	20401	NULL	NULL	NULL	0.365	20368	NULL	5	20.4	0.030	0.002	0.231	0.002	NULL	0.002
339	3-F-4021	2.387	0.002	3.228	0.005	NULL	1.68	0.259	0.004	0.211	NULL	NULL	0.005	NULL	NULL	20411	20401	NULL	NULL	NULL	0.486	20368	NULL	5	122.0	0.045	0.002	0.470	0.002	NULL	0.002
340	3-F-4405	1.706	0.002	2.204	0.005	NULL	1.13	0.236	0.004	0.065	NULL	NULL	0.005	NULL	NULL	20411	20401	NULL	NULL	NULL	0.380	20368	NULL	6	48.9	0.039	0.002	0.301	0.002	NULL	0.002
341	3-F-4599	1.826	0.002	2.361	0.005	NULL	1.34	0.261	0.004	0.140	NULL	NULL	0.005	NULL	NULL	20411	20401	NULL	NULL	NULL	0.423	20368	NULL	6	56.4	0.045	0.002	0.401	0.002	NULL	0.002
342	3-F-4600	1.939	0.002	2.068	0.005	NULL	1.01	0.105	0.004	0.053	NULL	NULL	0.005	NULL	NULL	20411	20401	NULL	NULL	NULL	0.375	20368	NULL	7	33.3	0.040	0.002	0.158	0.002	NULL	0.002
343	3-F-4601	1.476	0.002	2.069	0.005	NULL	1.00	0.194	0.004	0.022	NULL	NULL	0.005	NULL	NULL	20411	20401	NULL	NULL	NULL	0.380	20368	NULL	10	29.5	0.040	0.002	0.216	0.002	NULL	0.002
344	3-F-4602	2.020	0.002	2.756	0.005	NULL	1.39	0.242	0.004	0.164	NULL	NULL	0.005	NULL	NULL	20411	20401	NULL	NULL	NULL	0.448	20368	NULL	6	67.0	0.045	0.002	0.406	0.002	NULL	0.002
345	3-F-4603	1.435	0.002	2.068	0.005	NULL	0.96	0.177	0.004	0.061	NULL	NULL	0.005	NULL	NULL	20411	20401	NULL	NULL	NULL	0.375	20368	NULL	10	28.8	0.038	0.002	0.238	0.002	NULL	0.002
346	3-F-4604	1.321	0.002	1.890	0.005	NULL	0.96	0.175	0.004	0.050	NULL	NULL	0.005	NULL	NULL	20411	20401	NULL	NULL	NULL	0.375	20368	NULL	6	26.9	0.040	0.002	0.225	0.002	NULL	0.002
347	3-F-4605	1.335	0.002	1.890	0.005	NULL	0.96	0.146	0.004	0.050	NULL	NULL	0.005	NULL	NULL	20411	20401	NULL	NULL	NULL	0.368	20368	NULL	6	25.0	0.040	0.002	0.196	0.002	NULL	0.002
348	3-F-4606	1.375	0.002	1.851	0.005	NULL	0.98	0.187	0.004	0.054	NULL	NULL	0.005	NULL	NULL	20411	20401	NULL	NULL	NULL	0.373	20368	NULL	6	27.7	0.040	0.002	0.241	0.002	NULL	0.002
349	3-F-5218	1.354	0.002	1.851	0.005	NULL	1.17	0.159	0.004	0.148	NULL	NULL	0.005	NULL	NULL	20411	20401	NULL	NULL	NULL	0.476	20368	NULL	6	28.3	0.040	0.002	0.307	0.002	NULL	0.002
350	3-F-5259	1.705	0.002	2.205	0.005	NULL	1.12	0.187	0.004	0.060	NULL	NULL	0.005	NULL	NULL	20411	20401	NULL	NULL	NULL	0.390	20368	NULL	6	38.8	0.034	0.002	0.247	0.002	NULL	0.002
351	3-F-6024	NULL	0.002	NULL	0.005	NULL	NULL	NULL	NULL	NULL	NULL	NULL	0.005	NULL	NULL	20411	20401	NULL	NULL	NULL	NULL	NULL	NULL	NULL	NULL	NULL	0.002	NULL	NULL	NULL	0.002
352	3-F-6156	1.918	0.002	2.560	0.005	NULL	NULL	NULL	NULL	NULL	NULL	NULL	0.005	NULL	NULL	20411	20401	NULL	NULL	NULL	NULL	NULL	NULL	NULL	NULL	NULL	0.002	NULL	NULL	NULL	0.002
353	3-F-6224	NULL	0.002	NULL	0.005	NULL	NULL	0.220	0.004	0.062	NULL	NULL	0.005	NULL	NULL	20411	20401	NULL	NULL	NULL	NULL	NULL	NULL	NULL	NULL	NULL	0.002	0.282	0.002	NULL	0.002
354	3-G-1877	1.422	0.002	2.240	0.005	NULL	0.96	0.167	0.004	-99.000	NULL	NULL	0.005	NULL	NULL	20411	20401	NULL	NULL	NULL	0.550	20371	NULL	5	31.8	0.040	0.002	0.167	0.002	NULL	0.002
355	3-G-1878	1.560	0.002	2.240	0.005	NULL	0.96	0.160	0.004	0.025	NULL	NULL	0.005	NULL	NULL	20411	20401	NULL	NULL	NULL	0.570	20370	NULL	6	46.4	0.040	0.002	0.185	0.002	NULL	0.002
356	3-G-1900	1.792	0.002	2.560	0.005	NULL	1.09	0.195	0.004	-99.000	NULL	NULL	0.005	NULL	NULL	20411	20401	NULL	NULL	NULL	0.550	20371	NULL	5	55.4	0.045	0.002	0.195	0.002	NULL	0.002
357	3-G-1901	1.655	0.002	2.560	0.005	NULL	1.09	0.187	0.004	-99.000	NULL	NULL	0.005	NULL	NULL	20411	20401	NULL	NULL	NULL	0.550	20371	NULL	5	54.9	0.045	0.002	0.187	0.002	NULL	0.002
358	3-G-3202	1.690	0.002	2.283	0.005	NULL	1.12	0.216	0.004	0.039	NULL	NULL	0.005	NULL	NULL	20411	20401	NULL	NULL	NULL	0.438	20368	NULL	5	39.0	0.050	0.002	0.255	0.002	NULL	0.002
359	3-G-4607	1.538	0.002	2.283	0.005	NULL	1.05	0.182	0.004	0.092	NULL	NULL	0.005	NULL	NULL	20411	20401	NULL	NULL	NULL	0.388	20368	NULL	6	48.8	0.040	0.002	0.274	0.002	NULL	0.002
360	3-G-4608	NULL	0.002	NULL	0.005	NULL	NULL	NULL	NULL	NULL	NULL	NULL	0.005	NULL	NULL	20411	20401	NULL	NULL	NULL	NULL	NULL	NULL	NULL	NULL	NULL	0.002	NULL	NULL	NULL	0.002
361	3-G-4609	1.534	0.002	2.244	0.005	NULL	0.98	0.167	0.004	0.020	NULL	NULL	0.005	NULL	NULL	20411	20401	NULL	NULL	NULL	0.569	20368	NULL	5	35.7	0.045	0.002	0.187	0.002	NULL	0.002
362	3-G-4610	1.071	0.002	1.573	0.005	NULL	0.84	0.136	0.004	0.071	NULL	NULL	0.005	NULL	NULL	20411	20401	NULL	NULL	NULL	0.390	20368	NULL	5	15.5	0.038	0.002	0.207	0.002	NULL	0.002
363	3-G-4611	1.178	0.002	1.969	0.005	NULL	0.93	0.134	0.004	-99.000	NULL	NULL	0.005	NULL	NULL	20411	20401	NULL	NULL	NULL	0.560	20372	NULL	4	25.8	0.040	0.002	0.134	0.002	NULL	0.002
364	3-G-4612	1.420	0.002	2.010	0.005	NULL	0.99	0.188	0.004	0.096	NULL	NULL	0.005	NULL	NULL	20411	20401	NULL	NULL	NULL	0.390	20368	NULL	6	31.9	0.040	0.002	0.284	0.002	NULL	0.002
365	3-G-4613	1.420	0.002	2.010	0.005	NULL	0.98	0.159	0.004	0.094	NULL	NULL	0.005	NULL	NULL	20411	20401	NULL	NULL	NULL	0.392	20368	NULL	6	32.2	0.040	0.002	0.253	0.002	NULL	0.002
366	3-G-4961	NULL	0.002	NULL	0.005	NULL	NULL	0.201	0.004	-99.000	NULL	NULL	0.005	NULL	NULL	20411	20401	NULL	NULL	NULL	NULL	NULL	NULL	NULL	NULL	NULL	0.002	0.201	0.002	NULL	0.002
367	3-G-4962	1.265	0.002	2.127	0.005	NULL	0.93	0.145	0.004	-99.000	NULL	NULL	0.005	NULL	NULL	20411	20401	NULL	NULL	NULL	-99.000	20369	NULL	4	28.0	0.045	0.002	0.145	0.002	NULL	0.002
368	3-G-4963	1.339	0.002	1.890	0.005	NULL	0.91	0.193	0.004	0.025	NULL	NULL	0.005	NULL	NULL	20411	20401	NULL	NULL	NULL	0.392	20368	NULL	4	22.2	0.050	0.002	0.218	0.002	NULL	0.002
369	3-G-4964	1.300	0.002	1.969	0.005	NULL	0.91	0.162	0.004	0.022	NULL	NULL	0.005	NULL	NULL	20411	20401	NULL	NULL	NULL	0.392	20368	NULL	4	26.4	0.050	0.002	0.184	0.002	NULL	0.002
370	3-G-5849	NULL	0.002	NULL	0.005	NULL	NULL	0.174	0.004	-99.000	NULL	NULL	0.005	NULL	NULL	20411	20401	NULL	NULL	NULL	NULL	NULL	NULL	NULL	NULL	NULL	0.002	0.174	0.002	NULL	0.002
371	3-G-5927	NULL	0.002	NULL	0.005	NULL	NULL	NULL	NULL	NULL	NULL	NULL	0.005	NULL	NULL	20411	20401	NULL	NULL	NULL	NULL	NULL	NULL	NULL	NULL	NULL	0.002	NULL	NULL	NULL	0.002
372	3-G-6202	1.811	0.002	2.559	0.005	NULL	1.16	0.210	0.004	0.073	NULL	NULL	0.005	NULL	NULL	20411	20401	NULL	NULL	NULL	0.522	20368	NULL	5	57.0	0.045	0.002	0.283	0.002	NULL	0.002
373	3-K-3776	NULL	0.002	NULL	0.005	NULL	NULL	0.236	0.004	0.147	NULL	NULL	0.005	NULL	NULL	20411	20401	NULL	NULL	NULL	NULL	NULL	NULL	NULL	NULL	NULL	0.002	0.383	0.002	NULL	0.002
374	9-Z-9999	NULL	0.002	NULL	0.005	NULL	NULL	NULL	NULL	NULL	NULL	NULL	0.005	NULL	NULL	20411	20401	NULL	NULL	NULL	NULL	NULL	NULL	NULL	NULL	NULL	0.002	NULL	NULL	NULL	NULL
