id	part	cd_max_outer_diameter	cd_min_outer_diameter	cd_max_inner_diameter	cd_min_inner_diameter	cd_size	cd_length	cd_length_tol	cd_feed_hole_count	cd_feed_hole_diameter	cd_free_pinned	cd_bearings_per_cartridge	cd_oil_feed	cd_rotation	cd_material	cd_center_diameter_od	cd_end_configuration	cd_bore_configuration	cd_weight	cd_special_features	cd_special_features_onoff	cd__brg_surfaces	cd_diagram_
1	8-A-0199	0.6188	0.6183	0.3964	0.3959	19857	0.406	0.005	6	0.078	19848	2	19721	20336	19852	NULL	19845	19839	NULL	NULL	NULL	1	NULL
2	8-A-0200	0.6188	0.6183	0.3914	0.3909	19858	0.406	0.005	6	0.078	19848	2	19721	20336	19852	NULL	19845	19839	NULL	NULL	NULL	1	NULL
3	8-A-0201	0.6238	0.6233	0.3964	0.3959	19862	0.406	0.005	6	0.078	19848	2	19721	20336	19852	NULL	19845	19839	NULL	NULL	NULL	1	NULL
4	8-A-0202	0.6288	0.6283	0.3914	0.3909	19868	0.406	0.005	6	0.078	19848	2	19721	20336	19852	NULL	19845	19839	NULL	NULL	NULL	1	NULL
5	8-A-0203	0.6238	0.6233	0.4014	0.4009	19861	0.406	0.005	6	0.078	19848	2	19721	20336	19852	NULL	19845	19839	NULL	NULL	NULL	1	NULL
6	8-A-0204	0.6288	0.6283	0.4014	0.4009	19866	0.406	0.005	6	0.078	19848	2	19721	20336	19852	NULL	19845	19839	NULL	NULL	NULL	1	NULL
7	8-A-0205	0.6188	0.6183	0.3864	0.3859	19859	0.406	0.005	6	0.078	19848	2	19721	20336	19852	NULL	19845	19839	NULL	NULL	NULL	1	NULL
8	8-A-0206	0.6238	0.6233	0.3914	0.3909	19863	0.406	0.005	6	0.078	19848	2	19721	20336	19852	NULL	19845	19839	NULL	NULL	NULL	1	NULL
9	8-A-0208	0.6288	0.6283	0.3964	0.3959	19867	0.406	0.005	6	0.078	19848	2	19721	20336	19852	NULL	19845	19839	NULL	NULL	NULL	1	NULL
10	8-A-0210	0.6338	0.6333	0.4014	0.4009	19871	0.406	0.005	6	0.078	19848	2	19721	20336	19852	NULL	19845	19839	NULL	NULL	NULL	1	NULL
11	8-A-0211	0.9837	0.9832	0.6272	0.6267	19861	0.410	0.005	4	0.078	19848	2	19721	20336	19852	NULL	19845	19839	NULL	NULL	NULL	1	NULL
12	8-A-0213	0.9787	0.9782	0.6222	0.6217	19857	0.410	0.005	4	0.078	19848	2	19721	20336	19852	NULL	19845	19839	NULL	NULL	NULL	1	NULL
13	8-A-0215	0.9787	0.9782	0.6172	0.6167	19858	0.410	0.005	4	0.078	19848	2	19721	20336	19852	NULL	19845	19839	NULL	NULL	NULL	1	NULL
14	8-A-0217	0.9887	0.9882	0.6272	0.6267	19866	0.410	0.005	4	0.078	19848	2	19721	20336	19852	NULL	19845	19839	NULL	NULL	NULL	1	NULL
15	8-A-0219	0.9837	0.9832	0.6222	0.6217	19862	0.410	0.005	4	0.078	19848	2	19721	20336	19852	NULL	19845	19839	NULL	NULL	NULL	1	NULL
16	8-A-0221	0.9887	0.9882	0.6172	0.6167	19868	0.410	0.005	4	0.078	19848	2	19721	20336	19852	NULL	19845	19839	NULL	NULL	NULL	1	NULL
17	8-A-0223	0.9787	0.9782	0.6122	0.6117	19859	0.410	0.005	4	0.078	19848	2	19721	20336	19852	NULL	19845	19839	NULL	NULL	NULL	1	NULL
18	8-A-0224	0.9837	0.9832	0.6172	0.6167	19863	0.410	0.005	4	0.078	19848	2	19721	20336	19852	NULL	19845	19839	NULL	NULL	NULL	1	NULL
19	8-A-0225	0.9887	0.9882	0.6222	0.6217	19867	0.410	0.005	4	0.078	19848	2	19721	20336	19852	NULL	19845	19839	NULL	NULL	NULL	1	NULL
20	8-A-0227	0.9987	0.9982	0.6122	0.6117	19869	0.410	0.005	4	0.078	19848	2	19721	20336	19852	NULL	19845	19839	NULL	NULL	NULL	1	NULL
21	8-A-0228	0.9937	0.9932	0.6272	0.6267	19871	0.410	0.005	4	0.078	19848	2	19721	20336	19852	NULL	19845	19839	NULL	NULL	NULL	1	NULL
22	8-A-0229	0.9937	0.9932	0.6172	0.6167	19873	0.410	0.005	4	0.078	19848	2	19721	20336	19852	NULL	19845	19839	NULL	NULL	NULL	1	NULL
23	8-A-0230	0.9887	0.9882	0.6272	0.6267	19876	0.410	0.005	4	0.078	19848	2	19721	20336	19852	NULL	19845	19839	NULL	NULL	NULL	1	NULL
24	8-A-0231	0.9987	0.9982	0.6172	0.6167	19878	0.410	0.005	4	0.078	19848	2	19721	20336	19852	NULL	19845	19839	NULL	NULL	NULL	1	NULL
25	8-A-0256	0.6188	0.6183	0.4014	0.4009	19856	0.406	0.005	6	0.078	19848	2	19721	20336	19852	NULL	19845	19839	NULL	NULL	NULL	1	NULL
26	8-A-0257	0.9787	0.9783	0.6272	0.6268	19856	0.410	0.005	6	0.078	19848	2	19721	20336	19852	NULL	19845	19839	NULL	NULL	NULL	1	NULL
27	8-A-0312	0.7908	0.7903	0.5133	0.5128	19856	0.505	0.005	6	0.078	19848	2	19721	20336	19852	NULL	19845	19839	NULL	NULL	NULL	1	NULL
28	8-A-0332	0.5437	0.5432	0.3632	0.3628	19856	0.302	0.005	6	0.072	19848	2	19721	20336	19852	NULL	19845	19839	NULL	NULL	NULL	1	NULL
29	8-A-0341	0.5437	0.5432	0.3637	0.3633	19856	0.369	0.005	6	0.072	19848	2	19721	20336	19852	NULL	19845	19839	NULL	NULL	NULL	1	NULL
30	8-A-0488	0.5437	0.5432	0.3582	0.3578	19857	0.302	0.005	6	0.072	19848	2	19721	20336	19852	NULL	19845	19839	NULL	NULL	NULL	1	NULL
31	8-A-0490	0.5437	0.5432	0.3632	0.3628	19866	0.302	0.005	6	0.072	19848	2	19721	20336	19852	NULL	19845	19839	NULL	NULL	NULL	1	NULL
32	8-A-0491	0.5437	0.5432	0.3532	0.3528	19858	0.302	0.005	6	0.072	19848	2	19721	20336	19852	NULL	19845	19839	NULL	NULL	NULL	1	NULL
33	8-A-0492	0.5437	0.5432	0.3587	0.3583	19857	0.369	0.005	6	0.072	19848	2	19721	20336	19852	NULL	19845	19839	NULL	NULL	NULL	1	NULL
34	8-A-0493	0.5487	0.5482	0.3637	0.3633	19861	0.369	0.005	6	0.072	19848	2	19721	20336	19852	NULL	19845	19839	NULL	NULL	NULL	1	NULL
35	8-A-0494	0.5537	0.5532	0.3637	0.3633	19866	0.369	0.005	6	0.072	19848	2	19721	20336	19852	NULL	19845	19839	NULL	NULL	NULL	1	NULL
36	8-A-0712	1.1997	1.1992	0.8503	0.8498	19856	0.546	0.005	6	0.078	19848	2	19721	20336	19852	NULL	19845	19839	NULL	NULL	NULL	1	NULL
37	8-A-0786	0.5437	0.5432	0.3532	0.3528	19868	0.302	0.005	6	0.072	19848	2	19721	20336	19852	NULL	19845	19839	NULL	NULL	NULL	1	NULL
38	8-A-0801	0.5487	0.5482	0.3632	0.3628	19861	0.302	0.005	6	0.072	19848	2	19721	20336	19852	NULL	19845	19839	NULL	NULL	NULL	1	NULL
39	8-A-0843	0.7908	0.7903	0.5083	0.5078	19857	0.505	0.005	6	0.078	19848	2	19721	20336	19852	NULL	19845	19839	NULL	NULL	NULL	1	NULL
40	8-A-0844	0.7908	0.7903	0.5033	0.5028	19858	0.505	0.005	6	0.078	19848	2	19721	20336	19852	NULL	19845	19839	NULL	NULL	NULL	1	NULL
41	8-A-0845	0.7958	0.7953	0.5133	0.5128	19861	0.505	0.005	6	0.078	19848	2	19721	20336	19852	NULL	19845	19839	NULL	NULL	NULL	1	NULL
42	8-A-0846	0.7958	0.7953	0.5083	0.5078	19862	0.505	0.005	6	0.078	19848	2	19721	20336	19852	NULL	19845	19839	NULL	NULL	NULL	1	NULL
43	8-A-0847	0.7958	0.7953	0.5033	0.5028	19863	0.505	0.005	6	0.078	19848	2	19721	20336	19852	NULL	19845	19839	NULL	NULL	NULL	1	NULL
44	8-A-0848	0.8008	0.8003	0.5133	0.5128	19866	0.505	0.005	6	0.078	19848	2	19721	20336	19852	NULL	19845	19839	NULL	NULL	NULL	1	NULL
45	8-A-0849	0.8008	0.8003	0.5083	0.5078	19867	0.505	0.005	6	0.078	19848	2	19721	20336	19852	NULL	19845	19839	NULL	NULL	NULL	1	NULL
46	8-A-0850	0.8008	0.8003	0.5033	0.5028	19868	0.505	0.005	6	0.078	19848	2	19721	20336	19852	NULL	19845	19839	NULL	NULL	NULL	1	NULL
47	8-A-0851	0.5487	0.5482	0.3582	0.3578	19862	0.302	0.005	6	0.072	19848	2	19721	20336	19852	NULL	19845	19839	NULL	NULL	NULL	1	NULL
48	8-A-0852	0.5487	0.5482	0.3532	0.3528	19863	0.302	0.005	6	0.072	19848	2	19721	20336	19852	NULL	19845	19839	NULL	NULL	NULL	1	NULL
49	8-A-0853	0.5537	0.5532	0.3582	0.3578	19867	0.302	0.005	6	0.072	19848	2	19721	20336	19852	NULL	19845	19839	NULL	NULL	NULL	1	NULL
50	8-A-0855	0.5587	0.5582	0.3632	0.3628	19871	0.302	0.005	6	0.072	19848	2	19721	20336	19852	NULL	19845	19839	NULL	NULL	NULL	1	NULL
51	8-A-0856	0.5537	0.5532	0.3537	0.3533	19858	0.369	0.005	6	0.072	19848	2	19721	20336	19852	NULL	19845	19839	NULL	NULL	NULL	1	NULL
52	8-A-0857	0.5487	0.5482	0.3587	0.3583	19862	0.369	0.005	6	0.072	19848	2	19721	20336	19852	NULL	19845	19839	NULL	NULL	NULL	1	NULL
53	8-A-0858	0.5537	0.5532	0.3587	0.3583	19867	0.369	0.005	6	0.072	19848	2	19721	20336	19852	NULL	19845	19839	NULL	NULL	NULL	1	NULL
54	8-A-0925	0.5537	0.5532	0.3537	0.3533	19868	0.369	0.005	6	0.072	19848	2	19721	20336	19852	NULL	19845	19839	NULL	NULL	NULL	1	NULL
55	8-A-0929	0.5487	0.5482	0.3537	0.3533	19863	0.369	0.005	6	0.072	19848	2	19721	20336	19852	NULL	19845	19839	NULL	NULL	NULL	1	NULL
56	8-A-1014	0.7908	0.6333	0.3964	0.3960	19872	0.406	0.005	6	0.078	19848	2	19721	20336	19852	NULL	19845	19839	NULL	NULL	NULL	1	NULL
57	8-A-1019	0.7908	0.7903	0.4983	0.4978	19859	0.505	0.005	6	0.078	19848	2	19721	20336	19852	NULL	19845	19839	NULL	NULL	NULL	1	NULL
58	8-A-1021	0.6288	0.6283	0.3864	0.3859	19869	0.406	0.005	6	0.078	19848	2	19721	20336	19852	NULL	19845	19839	NULL	NULL	NULL	1	NULL
59	8-A-1028	0.6338	0.6333	0.3864	0.3859	19874	0.406	0.005	6	0.078	19848	2	19721	20336	19852	NULL	19845	19839	NULL	NULL	NULL	1	NULL
60	8-A-1031	0.6338	0.6333	0.3914	0.3909	19873	0.406	0.005	6	0.078	19848	2	19721	20336	19852	NULL	19845	19839	NULL	NULL	NULL	1	NULL
61	8-A-1111	0.9937	0.9982	0.6122	0.6117	19879	0.410	0.005	4	0.078	19848	2	19721	20336	19852	NULL	19845	19839	NULL	NULL	NULL	1	NULL
62	8-A-1112	0.9937	0.9932	0.6122	0.6117	19874	0.410	0.005	4	0.078	19848	2	19721	20336	19852	NULL	19845	19839	NULL	NULL	NULL	1	NULL
63	8-A-1113	0.9837	0.9832	0.6122	0.6117	19864	0.410	0.005	4	0.078	19848	2	19721	20336	19852	NULL	19845	19839	NULL	NULL	NULL	1	NULL
64	8-A-1114	0.9787	0.9782	0.6072	0.6067	19860	0.410	0.005	4	0.078	19848	2	19721	20336	19852	NULL	19845	19839	NULL	NULL	NULL	1	NULL
65	8-A-1130	0.6238	0.6233	0.3864	0.3859	19864	0.406	0.005	6	0.078	19848	2	19721	20336	19852	NULL	19845	19839	NULL	NULL	NULL	1	NULL
66	8-A-1167	0.5587	0.5582	0.3532	0.3528	19873	0.302	0.005	6	0.072	19848	2	19721	20336	19852	NULL	19845	19839	NULL	NULL	NULL	1	NULL
67	8-A-1170	0.9837	0.9832	0.6072	0.6067	19865	0.410	0.005	4	0.078	19848	2	19721	20336	19852	NULL	19845	19839	NULL	NULL	NULL	1	NULL
68	8-A-1176	0.6288	0.6283	0.3814	0.3809	19870	0.406	0.005	6	0.078	19848	2	19721	20336	19852	NULL	19845	19839	NULL	NULL	NULL	1	NULL
69	8-A-1183	0.9937	0.9932	0.6072	0.6067	19875	0.410	0.005	4	0.078	19848	2	19721	20336	19852	NULL	19845	19839	NULL	NULL	NULL	1	NULL
70	8-A-1189	0.9987	0.9982	0.6072	0.6067	19870	0.410	0.005	4	0.078	19848	2	19721	20336	19852	NULL	19845	19839	NULL	NULL	NULL	1	NULL
71	8-A-1191	0.9937	0.9932	0.6222	0.6217	19872	0.410	0.005	4	0.078	19848	2	19721	20336	19852	NULL	19845	19839	NULL	NULL	NULL	1	NULL
72	8-A-1192	0.9987	0.9982	0.6222	0.6217	19877	0.410	0.005	4	0.078	19848	2	19721	20336	19852	NULL	19845	19839	NULL	NULL	NULL	1	NULL
73	8-A-1240	0.8108	0.8103	0.4933	0.4928	19880	0.505	0.005	6	0.078	19848	2	19721	20336	19852	NULL	19845	19839	NULL	NULL	NULL	1	NULL
74	8-A-1269	0.6388	0.6383	0.3914	0.3909	19878	0.406	0.005	6	0.078	19848	2	19721	20336	19852	NULL	19845	19839	NULL	NULL	NULL	1	NULL
75	8-A-1356	0.8008	0.8003	0.4983	0.4978	19869	0.505	0.005	6	0.078	19848	2	19721	20336	19852	NULL	19845	19839	NULL	NULL	NULL	1	NULL
76	8-A-1357	0.8108	0.8103	0.5133	0.5128	19876	0.505	0.005	6	0.078	19848	2	19721	20336	19852	NULL	19845	19839	NULL	NULL	NULL	1	NULL
77	8-A-1364	0.7908	0.7903	0.4933	0.4928	19860	0.505	0.005	6	0.078	19848	2	19721	20336	19852	NULL	19845	19839	NULL	NULL	NULL	1	NULL
78	8-A-1376	0.8058	0.8053	0.5133	0.5128	19871	0.505	0.005	6	0.078	19848	2	19721	20336	19852	NULL	19845	19839	NULL	NULL	NULL	1	NULL
79	8-A-1377	0.8108	0.8103	0.5083	0.5078	19877	0.505	0.005	6	0.078	19848	2	19721	20336	19852	NULL	19845	19839	NULL	NULL	NULL	1	NULL
80	8-A-1380	0.6188	0.6183	0.3814	0.3809	19860	0.406	0.005	6	0.078	19848	2	19721	20336	19852	NULL	19845	19839	NULL	NULL	NULL	1	NULL
81	8-A-1392	0.8008	0.8003	0.4933	0.4928	19870	0.505	0.005	6	0.078	19848	2	19721	20336	19852	NULL	19845	19839	NULL	NULL	NULL	1	NULL
82	8-A-1426	0.6388	0.6383	0.4014	0.4009	19876	0.406	0.005	6	0.078	19848	2	19721	20336	19852	NULL	19845	19839	NULL	NULL	NULL	1	NULL
83	8-A-1427	0.6388	0.6383	0.3964	0.3959	19877	0.406	0.005	6	0.078	19848	2	19721	20336	19852	NULL	19845	19839	NULL	NULL	NULL	1	NULL
84	8-A-1428	0.6388	0.6383	0.3864	0.3859	19879	0.406	0.005	6	0.078	19848	2	19721	20336	19852	NULL	19845	19839	NULL	NULL	NULL	1	NULL
85	8-A-1479	0.9987	0.9982	0.6072	0.6067	19880	0.410	0.005	4	0.078	19848	2	19721	20336	19852	NULL	19845	19839	NULL	NULL	NULL	1	NULL
86	8-A-1501	0.5437	0.5432	0.3482	0.3478	19859	0.302	0.005	6	0.072	19848	2	19721	20336	19852	NULL	19845	19839	NULL	NULL	NULL	1	NULL
87	8-A-1507	0.8058	0.8053	0.4983	0.4978	19874	0.505	0.005	6	0.078	19848	2	19721	20336	19852	NULL	19845	19839	NULL	NULL	NULL	1	NULL
88	8-A-1522	0.6188	0.6183	0.4016	0.4011	19856	0.404	0.005	6	0.078	19848	2	19721	20336	19852	NULL	19845	19839	NULL	NULL	NULL	1	NULL
89	8-A-1561	0.6802	0.6798	0.4562	0.4558	19856	0.406	0.005	6	0.078	19848	2	19721	20336	19852	NULL	19845	19839	NULL	NULL	NULL	1	NULL
90	8-A-1709	0.9785	0.9781	0.8022	0.8018	19856	0.568	0.005	6	0.096	19848	2	19721	20336	19852	NULL	19845	19839	NULL	NULL	NULL	1	NULL
91	8-A-1710	0.9785	0.9781	0.7972	0.7968	19857	0.568	0.005	6	0.096	19848	2	19721	20336	19852	NULL	19845	19839	NULL	NULL	NULL	1	NULL
92	8-A-1711	0.9785	0.9781	0.7922	0.7918	19858	0.568	0.005	6	0.096	19848	2	19721	20336	19852	NULL	19845	19839	NULL	NULL	NULL	1	NULL
93	8-A-1712	0.9835	0.9831	0.8022	0.8018	19861	0.568	0.005	6	0.096	19848	2	19721	20336	19852	NULL	19845	19839	NULL	NULL	NULL	1	NULL
94	8-A-1713	0.9835	0.9831	0.7972	0.7968	19862	0.568	0.005	6	0.096	19848	2	19721	20336	19852	NULL	19845	19839	NULL	NULL	NULL	1	NULL
95	8-A-1714	0.9835	0.9831	0.7922	0.7918	19863	0.568	0.005	6	0.096	19848	2	19721	20336	19852	NULL	19845	19839	NULL	NULL	NULL	1	NULL
96	8-A-1715	0.9885	0.9881	0.8022	0.8018	19866	0.568	0.005	6	0.096	19848	2	19721	20336	19852	NULL	19845	19839	NULL	NULL	NULL	1	NULL
97	8-A-1716	0.9885	0.9881	0.7972	0.7968	19867	0.568	0.005	6	0.096	19848	2	19721	20336	19852	NULL	19845	19839	NULL	NULL	NULL	1	NULL
98	8-A-1717	0.9885	0.9881	0.7922	0.7918	19868	0.568	0.005	6	0.096	19848	2	19721	20336	19852	NULL	19845	19839	NULL	NULL	NULL	1	NULL
99	8-A-1718	0.9935	0.9931	0.8022	0.8018	19871	0.568	0.005	6	0.096	19848	2	19721	20336	19852	NULL	19845	19839	NULL	NULL	NULL	1	NULL
100	8-A-1858	0.5437	0.5472	0.3110	0.3105	19856	1.177	0.005	8	0.040	19849	1	19721	20336	19852	NULL	19845	19839	NULL	NULL	NULL	1	NULL
101	8-A-1917	0.6238	0.6233	0.3814	0.3809	19865	0.406	0.005	6	0.078	19848	2	19721	20336	19852	NULL	19845	19839	NULL	NULL	NULL	1	NULL
102	8-A-1953	0.8108	0.8103	0.5033	0.5028	19878	0.505	0.005	6	0.078	19848	2	19721	20336	19852	NULL	19845	19839	NULL	NULL	NULL	1	NULL
103	8-A-1954	0.9888	0.9883	0.6226	0.6221	19866	0.509	0.005	4	0.095	19848	2	19721	20336	19852	NULL	19845	19839	NULL	NULL	NULL	1	NULL
104	8-A-1956	0.9785	0.9781	0.7822	0.7818	19860	0.568	0.005	6	0.096	19848	2	19721	20336	19852	NULL	19845	19839	NULL	NULL	NULL	1	NULL
105	8-A-1968	1.1997	1.1992	0.8453	0.8448	19857	0.546	0.005	6	0.078	19848	2	19721	20336	19852	NULL	19845	19839	NULL	NULL	NULL	1	NULL
106	8-A-1969	1.1997	1.1992	0.8403	0.8398	19858	0.546	0.005	6	0.078	19848	2	19721	20336	19852	NULL	19845	19839	NULL	NULL	NULL	1	NULL
107	8-A-1970	1.2047	1.2042	0.8503	0.8498	19861	0.546	0.005	6	0.078	19848	2	19721	20336	19852	NULL	19845	19839	NULL	NULL	NULL	1	NULL
108	8-A-1971	1.2047	1.2042	0.8453	0.8448	19862	0.546	0.005	6	0.078	19848	2	19721	20336	19852	NULL	19845	19839	NULL	NULL	NULL	1	NULL
109	8-A-1972	1.2047	1.2042	0.8403	0.8398	19863	0.546	0.005	6	0.078	19848	2	19721	20336	19852	NULL	19845	19839	NULL	NULL	NULL	1	NULL
110	8-A-1973	1.2097	1.2092	0.8503	0.8498	19866	0.546	0.005	6	0.078	19848	2	19721	20336	19852	NULL	19845	19839	NULL	NULL	NULL	1	NULL
111	8-A-1974	1.2097	1.2092	0.8453	0.8448	19867	0.546	0.005	6	0.078	19848	2	19721	20336	19852	NULL	19845	19839	NULL	NULL	NULL	1	NULL
112	8-A-1975	1.2097	1.2092	0.8403	0.8398	19868	0.546	0.005	6	0.078	19848	2	19721	20336	19852	NULL	19845	19839	NULL	NULL	NULL	1	NULL
113	8-A-1976	1.2147	1.2420	0.8503	0.8498	19871	0.546	0.005	6	0.078	19848	2	19721	20336	19852	NULL	19845	19839	NULL	NULL	NULL	1	NULL
114	8-A-1977	0.4537	0.5732	0.3060	0.3055	19857	1.177	0.005	8	0.040	19849	1	19721	20336	19852	NULL	19845	19839	NULL	NULL	NULL	2	NULL
115	8-A-1978	0.5437	0.5432	0.3010	0.3005	19858	1.177	0.005	8	0.040	19849	1	19721	20336	19852	NULL	19845	19839	NULL	NULL	NULL	2	NULL
116	8-A-1979	0.5487	0.5487	0.3110	0.3105	19861	1.177	0.005	8	0.040	19849	1	19721	20336	19852	NULL	19845	19839	NULL	NULL	NULL	2	NULL
117	8-A-1982	0.5537	0.5532	0.3110	0.3105	19866	1.177	0.005	8	0.040	19849	1	19721	20336	19852	NULL	19845	19839	NULL	NULL	NULL	2	NULL
118	8-A-1985	0.9788	0.9783	0.6266	0.6261	19856	0.509	0.005	4	0.095	19848	2	19721	20336	19852	NULL	19845	19839	NULL	NULL	NULL	1	NULL
119	8-A-1986	0.9788	0.9783	0.6216	0.6211	19857	0.509	0.005	4	0.095	19848	2	19721	20336	19852	NULL	19845	19839	NULL	NULL	NULL	1	NULL
120	8-A-1987	0.9788	0.9783	0.6166	0.6161	19858	0.509	0.005	4	0.095	19848	2	19721	20336	19852	NULL	19845	19839	NULL	NULL	NULL	1	NULL
121	8-A-1988	0.9839	0.9833	0.6266	0.6261	19861	0.509	0.005	4	0.095	19848	2	19721	20336	19852	NULL	19845	19839	NULL	NULL	NULL	1	NULL
122	8-A-1989	0.9838	0.9833	0.6216	0.6211	19862	0.509	0.005	4	0.095	19848	2	19721	20336	19852	NULL	19845	19839	NULL	NULL	NULL	1	NULL
123	8-A-1990	0.9839	0.9833	0.6166	0.6161	19863	0.509	0.005	4	0.095	19848	2	19721	20336	19852	NULL	19845	19839	NULL	NULL	NULL	1	NULL
124	8-A-1991	0.9888	0.9883	0.6216	0.6211	19867	0.509	0.005	4	0.095	19848	2	19721	20336	19852	NULL	19845	19839	NULL	NULL	NULL	1	NULL
125	8-A-1992	0.9888	0.9883	0.6166	0.6161	19868	0.509	0.005	4	0.095	19848	2	19721	20336	19852	NULL	19845	19839	NULL	NULL	NULL	1	NULL
126	8-A-1993	0.9938	0.9933	0.6266	0.6261	19871	0.509	0.005	4	0.095	19848	2	19721	20336	19852	NULL	19845	19839	NULL	NULL	NULL	1	NULL
127	8-A-1994	0.6802	0.6798	0.4562	0.4558	19857	0.406	0.005	6	0.078	19848	2	19721	20336	19852	NULL	19845	19839	NULL	NULL	NULL	1	NULL
128	8-A-1995	0.6802	0.6798	0.4562	0.4558	19858	0.406	0.005	6	0.078	19848	2	19721	20336	19852	NULL	19845	19839	NULL	NULL	NULL	1	NULL
129	8-A-1996	0.6852	0.6848	0.4562	0.4558	19861	0.406	0.005	6	0.078	19848	2	19721	20336	19852	NULL	19845	19839	NULL	NULL	NULL	1	NULL
130	8-A-1998	0.6852	0.6848	0.4562	0.4558	19863	0.406	0.005	6	0.078	19848	2	19721	20336	19852	NULL	19845	19839	NULL	NULL	NULL	1	NULL
131	8-A-1999	0.6902	0.6898	0.4562	0.4558	19866	0.406	0.005	6	0.078	19848	2	19721	20336	19852	NULL	19845	19839	NULL	NULL	NULL	1	NULL
132	8-A-2000	0.6902	0.6898	0.4562	0.4558	19867	0.406	0.005	6	0.078	19848	2	19721	20336	19852	NULL	19845	19839	NULL	NULL	NULL	1	NULL
133	8-A-2001	0.6902	0.6898	0.4512	0.4508	19868	0.406	0.005	6	0.078	19848	2	19721	20336	19852	NULL	19845	19839	NULL	NULL	NULL	1	NULL
134	8-A-2002	0.6952	0.6948	0.4612	0.4608	19871	0.406	0.005	6	0.078	19848	2	19721	20336	19852	NULL	19845	19839	NULL	NULL	NULL	1	NULL
135	8-A-2003	0.7001	0.6997	0.4541	0.4537	19856	0.450	0.005	6	0.078	19848	2	19721	20336	19852	NULL	19845	19839	NULL	NULL	NULL	1	NULL
136	8-A-2004	0.7001	0.6997	0.4491	0.4487	19857	0.450	0.005	6	0.078	19848	2	19721	20336	19852	NULL	19845	19839	NULL	NULL	NULL	1	NULL
137	8-A-2005	0.7001	0.6997	0.4441	0.4437	19858	0.450	0.005	6	0.078	19848	2	19721	20336	19852	NULL	19845	19839	NULL	NULL	NULL	1	NULL
138	8-A-2006	0.7051	0.7047	0.4541	0.4537	19861	0.450	0.005	6	0.078	19848	2	19721	20336	19852	NULL	19845	19839	NULL	NULL	NULL	1	NULL
139	8-A-2007	0.7051	0.7047	0.4491	0.4487	19862	0.450	0.005	6	0.078	19848	2	19721	20336	19852	NULL	19845	19839	NULL	NULL	NULL	1	NULL
140	8-A-2008	0.7051	0.7047	0.4441	0.4437	19863	0.450	0.005	6	0.078	19848	2	19721	20336	19852	NULL	19845	19839	NULL	NULL	NULL	1	NULL
141	8-A-2009	0.7101	0.7097	0.4541	0.4537	19866	0.450	0.005	6	0.078	19848	2	19721	20336	19852	NULL	19845	19839	NULL	NULL	NULL	1	NULL
142	8-A-2010	0.7101	0.7097	0.4491	0.4487	19867	0.450	0.005	6	0.078	19848	2	19721	20336	19852	NULL	19845	19839	NULL	NULL	NULL	1	NULL
143	8-A-2011	0.7101	0.7097	0.4441	0.4437	19868	0.450	0.005	6	0.078	19848	2	19721	20336	19852	NULL	19845	19839	NULL	NULL	NULL	1	NULL
144	8-A-2012	0.7151	0.7147	0.4542	0.4538	19871	0.450	0.005	6	0.078	19848	2	19721	20336	19852	NULL	19845	19839	NULL	NULL	NULL	1	NULL
145	8-A-2013	0.6188	0.6183	0.3966	0.3961	19857	0.404	0.005	6	0.078	19848	2	19721	20336	19852	NULL	19845	19839	NULL	NULL	NULL	1	NULL
146	8-A-2014	0.6188	0.6183	0.3916	0.3911	19858	0.404	0.005	6	0.078	19848	2	19721	20336	19852	NULL	19845	19839	NULL	NULL	NULL	1	NULL
147	8-A-2015	0.6238	0.6233	0.4016	0.4011	19861	0.404	0.005	6	0.078	19848	2	19721	20336	19852	NULL	19845	19839	NULL	NULL	NULL	1	NULL
148	8-A-2016	0.6238	0.6233	0.3966	0.3961	19862	0.404	0.005	6	0.078	19848	2	19721	20336	19852	NULL	19845	19839	NULL	NULL	NULL	1	NULL
149	8-A-2017	0.6238	0.6233	0.3916	0.3911	19863	0.404	0.005	6	0.078	19848	2	19721	20336	19852	NULL	19845	19839	NULL	NULL	NULL	1	NULL
150	8-A-2018	0.6288	0.6283	0.4016	0.4011	19866	0.404	0.005	6	0.078	19848	2	19721	20336	19852	NULL	19845	19839	NULL	NULL	NULL	1	NULL
151	8-A-2019	0.6288	0.6283	0.3966	0.3961	19867	0.404	0.005	6	0.078	19848	2	19721	20336	19852	NULL	19845	19839	NULL	NULL	NULL	1	NULL
152	8-A-2020	0.6288	0.6283	0.3916	0.3911	19868	0.404	0.005	6	0.078	19848	2	19721	20336	19852	NULL	19845	19839	NULL	NULL	NULL	1	NULL
153	8-A-2021	0.6338	0.6333	0.4016	0.4011	19871	0.404	0.005	6	0.078	19848	2	19721	20336	19852	NULL	19845	19839	NULL	NULL	NULL	1	NULL
154	8-A-2138	0.7909	0.7904	0.5132	0.5128	19856	0.505	0.005	4	0.073	19848	2	19721	20336	19852	NULL	19845	19839	NULL	NULL	NULL	1	NULL
155	8-A-2189	0.5437	0.5433	0.3110	0.3106	19856	1.177	0.005	8	0.054	19849	1	19721	20336	19852	NULL	19845	19839	NULL	NULL	NULL	2	NULL
156	8-A-2232	0.6388	0.6383	0.3814	0.3809	19880	0.406	0.005	6	0.078	19848	2	19721	20336	19852	NULL	19845	19839	NULL	NULL	NULL	1	NULL
157	8-A-2347	0.8058	0.8053	0.5083	0.5078	19872	0.505	0.005	6	0.078	19848	2	19721	20336	19852	NULL	19845	19839	NULL	NULL	NULL	1	NULL
158	8-A-2348	0.8058	0.8053	0.5033	0.5028	19873	0.505	0.005	6	0.078	19848	2	19721	20336	19852	NULL	19845	19839	NULL	NULL	NULL	1	NULL
159	8-A-2410	0.5587	0.5582	0.3636	0.3636	19871	0.369	0.005	6	0.072	19848	2	19721	20336	19852	NULL	19845	19839	NULL	NULL	NULL	1	NULL
160	8-A-2421	0.9985	0.9981	0.8022	0.8018	19876	0.568	0.005	6	0.096	19848	2	19721	20336	19852	NULL	19845	19839	NULL	NULL	NULL	1	NULL
161	8-A-2422	0.9785	0.9781	0.7872	0.7868	19859	0.568	0.005	6	0.096	19848	2	19721	20336	19852	NULL	19845	19839	NULL	NULL	NULL	1	NULL
162	8-A-2423	0.9935	0.9931	0.7872	0.7868	19874	0.568	0.005	6	0.096	19848	2	19721	20336	19852	NULL	19845	19839	NULL	NULL	NULL	1	NULL
163	8-A-2424	0.9985	0.9981	0.7922	0.7918	19878	0.568	0.005	6	0.096	19848	2	19721	20336	19852	NULL	19845	19839	NULL	NULL	NULL	1	NULL
164	8-A-2464	0.6190	0.6186	0.4011	0.4007	19856	0.407	0.005	4	0.076	19848	2	19721	20336	19852	NULL	19845	19839	NULL	NULL	NULL	1	NULL
165	8-A-2501	1.2003	1.1998	0.8497	0.8492	19856	0.551	0.005	4	0.104	19848	2	19721	20336	19852	NULL	19845	19839	NULL	NULL	NULL	1	NULL
166	8-A-2544	0.7909	0.7905	0.5082	0.5078	19857	0.505	0.005	4	0.073	19848	2	19721	20336	19852	NULL	19845	19839	NULL	NULL	NULL	1	NULL
167	8-A-2545	0.7909	0.7905	0.5032	0.5028	19858	0.505	0.005	4	0.073	19848	2	19721	20336	19852	NULL	19845	19839	NULL	NULL	NULL	1	NULL
168	8-A-2546	0.7959	0.7955	0.5132	0.5128	19861	0.505	0.005	4	0.073	19848	2	19721	20336	19852	NULL	19845	19839	NULL	NULL	NULL	1	NULL
169	8-A-2547	0.7959	0.7955	0.5082	0.5078	19862	0.505	0.005	4	0.073	19848	2	19721	20336	19852	NULL	19845	19839	NULL	NULL	NULL	1	NULL
170	8-A-2548	0.7959	0.7955	0.5032	0.5028	19863	0.505	0.005	4	0.073	19848	2	19721	20336	19852	NULL	19845	19839	NULL	NULL	NULL	1	NULL
171	8-A-2549	0.8009	0.8005	0.5132	0.5128	19866	0.505	0.005	4	0.073	19848	2	19721	20336	19852	NULL	19845	19839	NULL	NULL	NULL	1	NULL
172	8-A-2550	0.8009	0.8005	0.5082	0.5078	19867	0.505	0.005	4	0.073	19848	2	19721	20336	19852	NULL	19845	19839	NULL	NULL	NULL	1	NULL
173	8-A-2551	0.8009	0.8005	0.5032	0.5028	19868	0.505	0.005	4	0.073	19848	2	19721	20336	19852	NULL	19845	19839	NULL	NULL	NULL	1	NULL
174	8-A-2577	1.2003	1.1998	0.8447	0.8442	19857	0.551	0.005	4	0.104	19848	2	19721	20336	19852	NULL	19845	19839	NULL	NULL	NULL	1	NULL
175	8-A-2578	1.2003	1.1998	0.8397	0.8392	19858	0.551	0.005	4	0.104	19848	2	19721	20336	19852	NULL	19845	19839	NULL	NULL	NULL	1	NULL
176	8-A-2579	1.2053	1.2048	0.8497	0.8492	19861	0.551	0.005	4	0.104	19848	2	19721	20336	19852	NULL	19845	19839	NULL	NULL	NULL	1	NULL
177	8-A-2580	1.2053	1.2048	0.8447	0.8442	19862	0.551	0.005	4	0.104	19848	2	19721	20336	19852	NULL	19845	19839	NULL	NULL	NULL	1	NULL
178	8-A-2581	1.2053	1.2048	0.8397	0.8392	19863	0.551	0.005	4	0.104	19848	2	19721	20336	19852	NULL	19845	19839	NULL	NULL	NULL	1	NULL
179	8-A-2582	1.2103	1.2098	0.8497	0.8492	19866	0.551	0.005	4	0.104	19848	2	19721	20336	19852	NULL	19845	19839	NULL	NULL	NULL	1	NULL
180	8-A-2583	1.2103	1.2098	0.8447	0.8442	19867	0.551	0.005	4	0.104	19848	2	19721	20336	19852	NULL	19845	19839	NULL	NULL	NULL	1	NULL
181	8-A-2584	1.2103	1.2098	0.8397	0.8392	19868	0.551	0.005	4	0.104	19848	2	19721	20336	19852	NULL	19845	19839	NULL	NULL	NULL	1	NULL
182	8-A-2585	1.2153	1.2148	0.8497	0.8492	19871	0.551	0.005	4	0.104	19848	2	19721	20336	19852	NULL	19845	19839	NULL	NULL	NULL	1	NULL
183	8-A-2598	0.6802	0.6798	0.4562	0.4558	19859	0.406	0.005	6	0.078	19848	2	19721	20336	19852	NULL	19845	19839	NULL	NULL	NULL	1	NULL
184	8-A-2600	0.6852	0.6848	0.4562	0.4558	19864	0.406	0.005	6	0.078	19848	2	19721	20336	19852	NULL	19845	19839	NULL	NULL	NULL	1	NULL
185	8-A-2602	0.6852	0.6848	0.4562	0.4558	19865	0.406	0.005	6	0.078	19848	2	19721	20336	19852	NULL	19845	19839	NULL	NULL	NULL	1	NULL
186	8-A-2603	0.6902	0.6898	0.4462	0.4458	19869	0.406	0.005	6	0.078	19848	2	19721	20336	19852	NULL	19845	19839	NULL	NULL	NULL	1	NULL
187	8-A-2604	0.6902	0.6898	0.4412	0.4408	19870	0.406	0.005	6	0.078	19848	2	19721	20336	19852	NULL	19845	19839	NULL	NULL	NULL	1	NULL
188	8-A-2605	0.7002	0.6998	0.4512	0.4508	19878	0.406	0.005	6	0.078	19848	2	19721	20336	19852	NULL	19845	19839	NULL	NULL	NULL	1	NULL
189	8-A-2606	0.6952	0.6948	0.4562	0.4558	19872	0.406	0.005	6	0.078	19848	2	19721	20336	19852	NULL	19845	19839	NULL	NULL	NULL	1	NULL
190	8-A-2607	0.6952	0.6948	0.4512	0.4508	19873	0.406	0.005	6	0.078	19848	2	19721	20336	19852	NULL	19845	19839	NULL	NULL	NULL	1	NULL
191	8-A-2608	0.6952	0.6948	0.4462	0.4458	19874	0.406	0.005	6	0.078	19848	2	19721	20336	19852	NULL	19845	19839	NULL	NULL	NULL	1	NULL
192	8-A-2609	0.6952	0.6948	0.4412	0.4408	19875	0.406	0.005	6	0.078	19848	2	19721	20336	19852	NULL	19845	19839	NULL	NULL	NULL	1	NULL
193	8-A-2610	0.7002	0.6998	0.4612	0.4608	19876	0.406	0.005	6	0.078	19848	2	19721	20336	19852	NULL	19845	19839	NULL	NULL	NULL	1	NULL
194	8-A-2611	0.7002	0.6998	0.4562	0.4558	19877	0.406	0.005	6	0.078	19848	2	19721	20336	19852	NULL	19845	19839	NULL	NULL	NULL	1	NULL
195	8-A-2612	0.7002	0.6998	0.4462	0.4458	19879	0.406	0.005	6	0.078	19848	2	19721	20336	19852	NULL	19845	19839	NULL	NULL	NULL	1	NULL
196	8-A-2613	0.7002	0.6998	0.4412	0.4408	19880	0.406	0.005	6	0.078	19848	2	19721	20336	19852	NULL	19845	19839	NULL	NULL	NULL	1	NULL
197	8-A-2641	0.8058	0.8054	0.5132	0.5128	19871	0.505	0.005	4	0.078	19848	2	19721	20336	19852	NULL	19845	19839	NULL	NULL	NULL	1	NULL
198	8-A-2642	0.7958	0.7953	0.4983	0.4978	19864	0.505	0.005	6	0.078	19848	2	19721	20336	19852	NULL	19845	19839	NULL	NULL	NULL	1	NULL
199	8-A-2645	0.6190	0.6186	0.3961	0.3957	19857	0.407	0.005	4	0.076	19848	2	19721	20336	19852	NULL	19845	19839	NULL	NULL	NULL	1	NULL
200	8-A-2646	0.6190	0.6186	0.3911	0.3907	19858	0.407	0.005	4	0.076	19848	2	19721	20336	19852	NULL	19845	19839	NULL	NULL	NULL	1	NULL
201	8-A-2647	0.6240	0.6236	0.4011	0.4007	19861	0.407	0.005	4	0.076	19848	2	19721	20336	19852	NULL	19845	19839	NULL	NULL	NULL	1	NULL
202	8-A-2649	0.6240	0.6236	0.3911	0.3907	19863	0.407	0.005	4	0.076	19848	2	19721	20336	19852	NULL	19845	19839	NULL	NULL	NULL	1	NULL
203	8-A-2650	0.6290	0.6286	0.4011	0.4007	19866	0.407	0.005	4	0.076	19848	2	19721	20336	19852	NULL	19845	19839	NULL	NULL	NULL	1	NULL
204	8-A-2651	0.6290	0.6286	0.3961	0.3957	19867	0.407	0.005	4	0.076	19848	2	19721	20336	19852	NULL	19845	19839	NULL	NULL	NULL	1	NULL
205	8-A-2652	0.6290	0.6286	0.3911	0.3907	19868	0.407	0.005	4	0.076	19848	2	19721	20336	19852	NULL	19845	19839	NULL	NULL	NULL	1	NULL
206	8-A-2758	0.9935	0.9931	0.7922	0.7918	19873	0.568	0.005	6	0.096	19848	2	19721	20336	19852	NULL	19845	19839	NULL	NULL	NULL	1	NULL
207	8-A-2759	0.9935	0.9931	0.7822	0.7818	19875	0.568	0.005	6	0.096	19848	2	19721	20336	19852	NULL	19845	19839	NULL	NULL	NULL	1	NULL
208	8-A-2760	0.9985	0.9981	0.7872	0.7868	19879	0.568	0.005	6	0.096	19848	2	19721	20336	19852	NULL	19845	19839	NULL	NULL	NULL	1	NULL
209	8-A-2852	0.7958	0.7953	0.4933	0.4928	19865	0.505	0.005	6	0.078	19848	2	19721	20336	19852	NULL	19845	19839	NULL	NULL	NULL	1	NULL
210	8-A-2853	0.8058	0.8053	0.4933	0.4928	19875	0.505	0.005	6	0.078	19848	2	19721	20336	19852	NULL	19845	19839	NULL	NULL	NULL	1	NULL
211	8-A-2854	0.8108	0.8103	0.4983	0.4978	19879	0.505	0.005	6	0.078	19848	2	19721	20336	19852	NULL	19845	19839	NULL	NULL	NULL	1	NULL
212	8-A-2945	NULL	NULL	NULL	NULL	NULL	NULL	NULL	NULL	NULL	NULL	NULL	NULL	NULL	NULL	NULL	NULL	NULL	NULL	NULL	NULL	NULL	NULL
213	8-A-3035	0.9835	0.9830	0.7822	0.7818	19865	0.568	0.005	6	0.096	19848	2	19721	20336	19852	NULL	19845	19839	NULL	NULL	NULL	1	NULL
214	8-A-3036	0.9885	0.9880	0.7822	0.7818	19870	0.568	0.005	6	0.096	19848	2	19721	20336	19852	NULL	19845	19839	NULL	NULL	NULL	1	NULL
215	8-A-3037	0.9935	0.9930	0.7972	0.7968	19872	0.568	0.005	6	0.096	19848	2	19721	20336	19852	NULL	19845	19839	NULL	NULL	NULL	1	NULL
216	8-A-3038	0.9985	0.9980	0.7822	0.7818	19880	0.568	0.005	6	0.096	19848	2	19721	20336	19852	NULL	19845	19839	NULL	NULL	NULL	1	NULL
217	8-A-3039	0.9985	0.9980	0.7972	0.7968	19877	0.568	0.005	6	0.096	19848	2	19721	20336	19852	NULL	19845	19839	NULL	NULL	NULL	1	NULL
218	8-A-3040	1.2097	1.2092	0.8353	0.8348	19869	0.546	0.005	6	0.078	19848	2	19721	20336	19852	NULL	19845	19839	NULL	NULL	NULL	1	NULL
219	8-A-3041	1.2147	1.2142	0.8403	0.8398	19873	0.546	0.005	6	0.078	19848	2	19721	20336	19852	NULL	19845	19839	NULL	NULL	NULL	1	NULL
220	8-A-3042	1.2197	1.2192	0.8303	0.8298	19880	0.546	0.005	6	0.078	19848	2	19721	20336	19852	NULL	19845	19839	NULL	NULL	NULL	1	NULL
221	8-A-3139	NULL	NULL	NULL	NULL	NULL	NULL	NULL	NULL	NULL	NULL	NULL	NULL	NULL	NULL	NULL	NULL	NULL	NULL	NULL	NULL	NULL	NULL
222	8-A-3140	NULL	NULL	NULL	NULL	NULL	NULL	NULL	NULL	NULL	NULL	NULL	NULL	NULL	NULL	NULL	NULL	NULL	NULL	NULL	NULL	NULL	NULL
223	8-A-3176	1.2002	1.1997	0.8500	0.8496	19856	0.505	0.005	4	0.103	19848	2	19721	20336	19852	NULL	19845	19839	NULL	NULL	NULL	1	NULL
224	8-A-3177	1.2002	1.1997	0.8450	0.8446	19857	0.505	0.005	4	0.103	19848	2	19721	20336	19852	NULL	19845	19839	NULL	NULL	NULL	1	NULL
225	8-A-3178	1.2002	1.1997	0.8400	0.8396	19858	0.670	0.005	4	0.103	19848	2	19721	20336	19852	NULL	19845	19839	NULL	NULL	NULL	1	NULL
226	8-A-3179	1.2052	1.2047	0.8500	0.8496	19861	0.670	0.005	4	0.103	19848	2	19721	20336	19852	NULL	19845	19839	NULL	NULL	NULL	1	NULL
227	8-A-3180	1.2052	1.2047	0.8450	0.8446	19862	0.670	0.005	4	0.103	19848	2	19721	20336	19852	NULL	19845	19839	NULL	NULL	NULL	1	NULL
228	8-A-3181	1.2052	1.2047	0.8400	0.8396	19863	0.670	0.005	4	0.103	19848	2	19721	20336	19852	NULL	19845	19839	NULL	NULL	NULL	1	NULL
229	8-A-3182	1.2102	1.2097	0.8500	0.8496	19866	0.670	0.005	4	0.103	19848	2	19721	20336	19852	NULL	19845	19839	NULL	NULL	NULL	1	NULL
230	8-A-3183	1.2102	1.2097	0.8450	0.8446	19867	0.670	0.005	4	0.103	19848	2	19721	20336	19852	NULL	19845	19839	NULL	NULL	NULL	1	NULL
231	8-A-3184	1.2102	1.2097	0.8400	0.8396	19868	0.670	0.005	4	0.103	19848	2	19721	20336	19852	NULL	19845	19839	NULL	NULL	NULL	1	NULL
232	8-A-3210	1.2197	1.2192	0.8503	0.8498	19876	0.546	0.005	6	0.078	19848	2	19721	20336	19852	NULL	19845	19839	NULL	NULL	NULL	1	NULL
233	8-A-3211	1.2197	1.2192	0.8453	0.8448	19877	0.546	0.005	6	0.078	19848	2	19721	20336	19852	NULL	19845	19839	NULL	NULL	NULL	1	NULL
234	8-A-3212	1.2197	1.2192	0.8403	0.8398	19878	0.546	0.005	6	0.078	19848	2	19721	20336	19852	NULL	19845	19839	NULL	NULL	NULL	1	NULL
235	8-A-3213	1.2197	1.2192	0.8353	0.8348	19879	0.546	0.005	6	0.078	19848	2	19721	20336	19852	NULL	19845	19839	NULL	NULL	NULL	1	NULL
236	8-A-3397	0.9788	0.9783	0.6116	0.6111	19859	0.509	0.005	4	0.095	19848	2	19721	20336	19852	NULL	19845	19839	NULL	NULL	NULL	1	NULL
237	8-A-3398	0.9788	0.9783	0.6066	0.6061	19860	0.509	0.005	4	0.095	19848	2	19721	20336	19852	NULL	19845	19839	NULL	NULL	NULL	1	NULL
238	8-A-3399	0.9838	0.9833	0.6116	0.6111	19864	0.509	0.005	4	0.095	19848	2	19721	20336	19852	NULL	19845	19839	NULL	NULL	NULL	1	NULL
239	8-A-3400	0.9838	0.9833	0.6066	0.6061	19865	0.509	0.005	4	0.095	19848	2	19721	20336	19852	NULL	19845	19839	NULL	NULL	NULL	1	NULL
240	8-A-3401	0.9888	0.9883	0.6116	0.6111	19869	0.509	0.005	4	0.095	19848	2	19721	20336	19852	NULL	19845	19839	NULL	NULL	NULL	1	NULL
241	8-A-3402	0.9888	0.9883	0.6066	0.6061	19870	0.509	0.005	4	0.095	19848	2	19721	20336	19852	NULL	19845	19839	NULL	NULL	NULL	1	NULL
242	8-A-3403	0.9938	0.9933	0.6216	0.6211	19872	0.509	0.005	4	0.095	19848	2	19721	20336	19852	NULL	19845	19839	NULL	NULL	NULL	1	NULL
243	8-A-3404	0.9938	0.9933	0.6166	0.6161	19873	0.509	0.005	4	0.095	19848	2	19721	20336	19852	NULL	19845	19839	NULL	NULL	NULL	1	NULL
244	8-A-3405	0.9938	0.9933	0.6116	0.6111	19874	0.509	0.005	4	0.095	19848	2	19721	20336	19852	NULL	19845	19839	NULL	NULL	NULL	1	NULL
245	8-A-3406	0.9938	0.9933	0.6066	0.6061	19875	0.509	0.005	4	0.095	19848	2	19721	20336	19852	NULL	19845	19839	NULL	NULL	NULL	1	NULL
246	8-A-3407	0.9988	0.9983	0.6266	0.6261	19876	0.509	0.005	4	0.095	19848	2	19721	20336	19852	NULL	19845	19839	NULL	NULL	NULL	1	NULL
247	8-A-3408	0.9988	0.9983	0.6216	0.6211	19877	0.509	0.005	4	0.095	19848	2	19721	20336	19852	NULL	19845	19839	NULL	NULL	NULL	1	NULL
248	8-A-3409	0.9988	0.9983	0.6166	0.6161	19878	0.509	0.005	4	0.095	19848	2	19721	20336	19852	NULL	19845	19839	NULL	NULL	NULL	1	NULL
249	8-A-3410	0.9988	0.9983	0.6116	0.6111	19879	0.509	0.005	4	0.095	19848	2	19721	20336	19852	NULL	19845	19839	NULL	NULL	NULL	1	NULL
250	8-A-3425	1.2153	1.2148	0.8447	0.8442	19872	0.551	0.005	4	0.104	19848	2	19721	20336	19852	NULL	19845	19839	NULL	NULL	NULL	1	NULL
251	8-A-3426	1.2153	1.2148	0.8397	0.8392	19873	0.551	0.005	4	0.104	19848	2	19721	20336	19852	NULL	19845	19839	NULL	NULL	NULL	1	NULL
252	8-A-3427	1.2203	1.2198	0.8497	0.8492	19876	0.551	0.005	4	0.104	19848	2	19721	20336	19852	NULL	19845	19839	NULL	NULL	NULL	1	NULL
253	8-A-3428	1.2203	1.2198	0.8447	0.8442	19877	0.551	0.005	4	0.104	19848	2	19721	20336	19852	NULL	19845	19839	NULL	NULL	NULL	1	NULL
254	8-A-3429	1.2203	1.2198	0.8397	0.8392	19878	0.551	0.005	4	0.104	19848	2	19721	20336	19852	NULL	19845	19839	NULL	NULL	NULL	1	NULL
255	8-A-3505	0.7101	0.7096	0.4541	0.4537	19866	0.569	0.005	4	0.078	19848	2	19721	20336	19852	NULL	19845	19839	NULL	NULL	NULL	1	NULL
256	8-A-3635	0.7001	0.6996	0.4541	0.4537	19856	0.475	0.005	4	0.078	19848	2	19721	20336	19852	NULL	19845	19839	NULL	NULL	NULL	1	NULL
257	8-A-3789	0.5437	0.5432	0.2573	0.2586	19856	1.177	0.005	8	0.054	19849	1	19721	20336	19852	NULL	19845	19839	NULL	NULL	NULL	2	NULL
258	8-A-3943	0.5437	0.5432	0.3110	0.3105	19856	1.177	0.005	8	0.040	19849	1	19721	20336	19852	NULL	19845	19839	NULL	NULL	NULL	2	NULL
259	8-A-3978	0.7001	0.6996	0.4541	0.4537	19856	0.569	0.005	4	0.078	19848	2	19721	20336	19852	NULL	19845	19839	NULL	NULL	NULL	1	NULL
260	8-A-4062	0.7001	0.6996	0.4542	0.4537	19856	0.520	0.005	4	0.078	19848	2	19721	20336	19852	NULL	19845	19839	NULL	NULL	NULL	1	NULL
261	8-A-4132	0.5487	0.5482	0.3110	0.3105	19861	1.177	0.005	8	0.040	19849	1	19721	20336	19852	NULL	19845	19839	NULL	NULL	NULL	2	NULL
262	8-A-5210	0.4305	0.4300	0.2370	0.2365	19856	1.070	0.005	1	0.215	19849	1	19720	20336	19852	NULL	19844	19837	NULL	NULL	NULL	1	NULL
263	8-A-5809	NULL	NULL	NULL	NULL	NULL	NULL	NULL	NULL	NULL	NULL	NULL	NULL	NULL	NULL	NULL	NULL	NULL	NULL	NULL	NULL	NULL	NULL
264	8-A-6038	0.7905	0.7900	0.5126	0.5121	19856	0.590	0.005	4	0.080	19848	1	19720	20336	19852	NULL	19845	19839	NULL	NULL	NULL	1	NULL
265	8-A-6043	0.7955	0.7950	0.5126	0.5121	19861	0.590	0.005	4	0.080	19848	1	19720	20336	19852	NULL	19845	19839	NULL	NULL	NULL	1	NULL
266	8-A-6044	0.8005	0.8000	0.5126	0.5121	19866	0.590	0.005	4	0.080	19848	1	19720	20336	19852	NULL	19845	19839	NULL	NULL	NULL	1	NULL
267	8-B-0045	NULL	NULL	NULL	NULL	NULL	NULL	NULL	NULL	NULL	NULL	NULL	NULL	NULL	NULL	NULL	NULL	NULL	NULL	NULL	NULL	NULL	NULL
268	8-B-0076	0.8723	0.8718	0.5631	0.5626	19856	0.500	0.005	6	0.093	19848	2	19721	20336	19852	NULL	19845	19839	NULL	NULL	NULL	1	NULL
269	8-B-0082	0.6226	0.6221	0.4336	0.4332	19856	0.385	0.005	6	0.094	19848	2	19721	20336	19852	NULL	19845	19839	NULL	NULL	NULL	1	NULL
270	8-B-0085	0.7467	0.7462	0.4816	0.4812	19856	0.491	0.005	6	0.094	19848	2	19721	20336	19852	NULL	19845	19839	NULL	NULL	NULL	1	NULL
271	8-B-0090	1.0978	1.0973	0.6303	0.6299	19856	0.582	0.005	6	0.093	19848	2	19721	20336	19852	NULL	19845	19839	NULL	NULL	NULL	1	NULL
272	8-B-0385	0.8720	0.8715	0.4819	0.4814	19856	1.438	0.005	6	0.187	19848	1	19720	20336	19852	NULL	19842	19837	NULL	NULL	NULL	2	NULL
273	8-B-0424	0.6213	0.6208	0.3999	0.3995	19856	0.384	0.005	6	0.093	19848	2	19721	20336	19852	NULL	19845	19839	NULL	NULL	NULL	1	NULL
274	8-B-0883	0.8723	0.8718	0.5581	0.5577	19857	0.500	0.005	6	0.093	19848	2	19721	20336	19852	NULL	19845	19839	NULL	NULL	NULL	1	NULL
275	8-B-0884	0.8723	0.8718	0.5531	0.5527	19858	0.500	0.005	6	0.093	19848	2	19721	20336	19852	NULL	19845	19839	NULL	NULL	NULL	1	NULL
276	8-B-0885	0.8773	0.8768	0.5631	0.5627	19861	0.500	0.005	6	0.093	19848	2	19721	20336	19852	NULL	19845	19839	NULL	NULL	NULL	1	NULL
277	8-B-0886	0.8773	0.8768	0.5581	0.5577	19862	0.500	0.005	6	0.093	19848	2	19721	20336	19852	NULL	19845	19839	NULL	NULL	NULL	1	NULL
278	8-B-0887	0.8773	0.8768	0.5531	0.5527	19863	0.500	0.005	6	0.093	19848	2	19721	20336	19852	NULL	19845	19839	NULL	NULL	NULL	1	NULL
279	8-B-0888	0.8823	0.8818	0.5631	0.5627	19866	0.500	0.005	6	0.093	19848	2	19721	20336	19852	NULL	19845	19839	NULL	NULL	NULL	1	NULL
280	8-B-0889	0.8823	0.8818	0.5581	0.5577	19867	0.500	0.005	6	0.093	19848	2	19721	20336	19852	NULL	19845	19839	NULL	NULL	NULL	1	NULL
281	8-B-0890	0.8823	0.8818	0.5531	0.5527	19868	0.500	0.005	6	0.093	19848	2	19721	20336	19852	NULL	19845	19839	NULL	NULL	NULL	1	NULL
282	8-B-0891	0.6226	0.6221	0.4286	0.4282	19857	0.385	0.005	6	0.094	19848	2	19721	20336	19852	NULL	19845	19839	NULL	NULL	NULL	1	NULL
283	8-B-0892	0.6226	0.6221	0.4236	0.4232	19858	0.385	0.005	6	0.094	19848	2	19721	20336	19852	NULL	19845	19839	NULL	NULL	NULL	1	NULL
284	8-B-0893	0.6226	0.6221	0.4186	0.4182	19859	0.385	0.005	6	0.094	19848	2	19721	20336	19852	NULL	19845	19839	NULL	NULL	NULL	1	NULL
285	8-B-0894	0.6276	0.6271	0.4336	0.4332	19861	0.385	0.005	6	0.094	19848	2	19721	20336	19852	NULL	19845	19839	NULL	NULL	NULL	1	NULL
286	8-B-0895	0.6276	0.6271	0.4286	0.4282	19862	0.385	0.005	6	0.094	19848	2	19721	20336	19852	NULL	19845	19839	NULL	NULL	NULL	1	NULL
287	8-B-0896	0.6276	0.6271	0.4236	0.4232	19863	0.385	0.005	6	0.094	19848	2	19721	20336	19852	NULL	19845	19839	NULL	NULL	NULL	1	NULL
288	8-B-0897	0.6326	0.6321	0.4336	0.4332	19866	0.385	0.005	6	0.094	19848	2	19721	20336	19852	NULL	19845	19839	NULL	NULL	NULL	1	NULL
289	8-B-0898	0.6326	0.6321	0.4286	0.4282	19867	0.385	0.005	6	0.094	19848	2	19721	20336	19852	NULL	19845	19839	NULL	NULL	NULL	1	NULL
290	8-B-0899	0.6326	0.6321	0.4236	0.4232	19868	0.385	0.005	6	0.094	19848	2	19721	20336	19852	NULL	19845	19839	NULL	NULL	NULL	1	NULL
291	8-B-0900	0.6376	0.6371	0.4336	0.4332	19871	0.385	0.005	6	0.094	19848	2	19721	20336	19852	NULL	19845	19839	NULL	NULL	NULL	1	NULL
292	8-B-1016	1.1078	1.1073	0.6303	0.6299	19868	0.582	0.005	6	0.093	19848	2	19721	20336	19852	NULL	19845	19839	NULL	NULL	NULL	1	NULL
293	8-B-1017	1.1078	1.1073	0.6303	0.6299	19866	0.582	0.005	6	0.093	19848	2	19721	20336	19852	NULL	19845	19839	NULL	NULL	NULL	1	NULL
294	8-B-1025	0.8720	0.8715	0.4819	0.4815	19856	1.483	0.005	6	0.187	19848	1	19720	20335	19852	NULL	19842	19837	NULL	NULL	NULL	2	NULL
295	8-B-1097	0.8923	0.8918	0.5431	0.5427	19880	0.500	0.005	6	0.093	19848	2	19721	20336	19852	NULL	19845	19839	NULL	NULL	NULL	1	NULL
296	8-B-1098	0.8823	0.8818	0.5431	0.5427	19870	0.500	0.005	6	0.093	19848	2	19721	20336	19852	NULL	19845	19839	NULL	NULL	NULL	1	NULL
297	8-B-1099	0.8723	0.8718	0.5431	0.5427	19860	0.500	0.005	6	0.093	19848	2	19721	20336	19852	NULL	19845	19839	NULL	NULL	NULL	1	NULL
298	8-B-1129	0.8923	0.8918	0.5631	0.5627	19876	0.500	0.005	6	0.093	19848	2	19721	20336	19852	NULL	19845	19839	NULL	NULL	NULL	1	NULL
299	8-B-1177	0.7567	0.7562	0.4820	0.4816	19866	0.491	0.005	6	0.094	19848	2	19721	20336	19852	NULL	19845	19839	NULL	NULL	NULL	1	NULL
300	8-B-1178	0.7467	0.7462	0.4716	0.4712	19858	0.491	0.005	6	0.094	19848	2	19721	20336	19852	NULL	19845	19839	NULL	NULL	NULL	1	NULL
301	8-B-1179	0.7567	0.7562	0.4716	0.4712	19868	0.491	0.005	6	0.094	19848	2	19721	20336	19852	NULL	19845	19839	NULL	NULL	NULL	1	NULL
302	8-B-1188	0.8923	0.8918	0.5531	0.5527	19878	0.500	0.005	6	0.093	19848	2	19721	20336	19852	NULL	19845	19839	NULL	NULL	NULL	1	NULL
303	8-B-1200	0.8873	0.8868	0.5631	0.5627	19871	0.500	0.005	6	0.094	19848	2	19721	20336	19852	NULL	19845	19839	NULL	NULL	NULL	1	NULL
304	8-B-1268	0.8873	0.8868	0.5481	0.5477	19874	0.500	0.005	6	0.093	19848	2	19721	20336	19852	NULL	19845	19839	NULL	NULL	NULL	1	NULL
305	8-B-1397	1.0978	1.0973	0.6203	0.6199	19858	0.582	0.005	6	0.094	19848	2	19721	20336	19852	NULL	19845	19839	NULL	NULL	NULL	1	NULL
306	8-B-1398	0.8719	0.8714	0.4719	0.4715	19858	1.483	0.005	6	0.187	19848	1	19720	20335	19852	NULL	19842	19837	NULL	NULL	NULL	2	NULL
307	8-B-1557	0.8873	0.8868	0.5531	0.5527	19873	0.500	0.005	6	0.094	19848	2	19721	20336	19852	NULL	19845	19839	NULL	NULL	NULL	1	NULL
308	8-B-1920	0.6213	0.6208	0.3949	0.3945	19857	0.384	0.005	6	0.093	19848	2	19721	20336	19852	NULL	19845	19839	NULL	NULL	NULL	1	NULL
309	8-B-1921	0.6213	0.6208	0.3899	0.3895	19858	0.384	0.005	6	0.093	19848	2	19721	20336	19852	NULL	19845	19839	NULL	NULL	NULL	1	NULL
310	8-B-1922	0.6268	0.6263	0.3999	0.3995	19861	0.384	0.005	6	0.093	19848	2	19721	20336	19852	NULL	19845	19839	NULL	NULL	NULL	1	NULL
311	8-B-1923	0.6268	0.6263	0.3949	0.3945	19862	0.384	0.005	6	0.093	19848	2	19721	20336	19852	NULL	19845	19839	NULL	NULL	NULL	1	NULL
312	8-B-1924	0.6268	0.6263	0.3899	0.3895	19863	0.384	0.005	6	0.093	19848	2	19721	20336	19852	NULL	19845	19839	NULL	NULL	NULL	1	NULL
313	8-B-1925	0.6318	0.6313	0.3981	0.3977	19866	0.384	0.005	6	0.093	19848	2	19721	20336	19852	NULL	19845	19839	NULL	NULL	NULL	1	NULL
314	8-B-1926	0.6318	0.6313	0.3949	0.3945	19867	0.384	0.005	6	0.093	19848	2	19721	20336	19852	NULL	19845	19839	NULL	NULL	NULL	1	NULL
315	8-B-1927	0.6318	0.6313	0.3899	0.3895	19868	0.385	0.005	6	0.093	19848	2	19721	20336	19852	NULL	19845	19839	NULL	NULL	NULL	1	NULL
316	8-B-2111	0.8920	0.8915	0.4819	0.4815	19876	1.483	0.005	6	0.187	19848	1	19720	20335	19852	NULL	19842	19837	NULL	NULL	NULL	2	NULL
317	8-B-2401	0.7467	0.7462	0.4766	0.4762	19857	0.491	0.005	6	0.094	19848	2	19721	20336	19852	NULL	19845	19839	NULL	NULL	NULL	1	NULL
318	8-B-2402	0.7517	0.7512	0.4816	0.4812	19861	0.491	0.005	6	0.094	19848	2	19721	20336	19852	NULL	19845	19839	NULL	NULL	NULL	1	NULL
319	8-B-2403	0.7517	0.7512	0.4766	0.4762	19862	0.491	0.005	6	0.094	19848	2	19721	20336	19852	NULL	19845	19839	NULL	NULL	NULL	1	NULL
320	8-B-2404	0.7517	0.7512	0.4716	0.4712	19863	0.491	0.005	6	0.094	19848	2	19721	20336	19852	NULL	19845	19839	NULL	NULL	NULL	1	NULL
321	8-B-2405	0.7567	0.7562	0.4766	0.4762	19867	0.491	0.005	6	0.094	19848	2	19721	20336	19852	NULL	19845	19839	NULL	NULL	NULL	1	NULL
322	8-B-2510	1.0978	1.0973	0.6253	0.6249	19857	0.582	0.005	6	0.093	19848	2	19721	20336	19852	NULL	19845	19839	NULL	NULL	NULL	1	NULL
323	8-B-2511	1.1028	1.1023	0.6303	0.6299	19861	0.582	0.005	6	0.093	19848	2	19721	20336	19852	NULL	19845	19839	NULL	NULL	NULL	1	NULL
324	8-B-2513	1.1028	1.1023	0.6203	0.6199	19863	0.582	0.005	6	0.093	19848	2	19721	20336	19852	NULL	19845	19839	NULL	NULL	NULL	1	NULL
325	8-B-2514	1.1078	1.1073	0.6253	0.6249	19867	0.582	0.005	6	0.093	19848	2	19721	20336	19852	NULL	19845	19839	NULL	NULL	NULL	1	NULL
326	8-B-2839	1.1128	1.1123	0.6303	0.6299	19871	0.582	0.005	6	0.093	19848	2	19721	20336	19852	NULL	19845	19839	NULL	NULL	NULL	1	NULL
327	8-B-2840	1.1128	1.1123	0.6253	0.6249	19872	0.582	0.005	6	0.093	19848	2	19721	20336	19852	NULL	19845	19839	NULL	NULL	NULL	1	NULL
328	8-B-2841	1.1128	1.1123	0.6203	0.6199	19873	0.582	0.005	6	0.093	19848	2	19721	20336	19852	NULL	19845	19839	NULL	NULL	NULL	1	NULL
329	8-B-2842	1.1128	1.1123	0.6153	0.6149	19874	0.582	0.005	6	0.093	19848	2	19721	20336	19852	NULL	19845	19839	NULL	NULL	NULL	1	NULL
330	8-B-2843	1.1128	1.1123	0.6103	0.6099	19875	0.582	0.005	6	0.093	19848	2	19721	20336	19852	NULL	19845	19839	NULL	NULL	NULL	1	NULL
331	8-B-2844	1.1178	1.1173	0.6303	0.6299	19876	0.582	0.005	6	0.093	19848	2	19721	20336	19852	NULL	19845	19839	NULL	NULL	NULL	1	NULL
332	8-B-2845	1.1178	1.1173	0.6253	0.6249	19877	0.582	0.005	6	0.093	19848	2	19721	20336	19852	NULL	19845	19839	NULL	NULL	NULL	1	NULL
333	8-B-2846	1.1178	1.1173	0.6203	0.6199	19878	0.582	0.005	6	0.093	19848	2	19721	20336	19852	NULL	19845	19839	NULL	NULL	NULL	1	NULL
334	8-B-2847	1.1178	1.1173	0.6153	0.6149	19879	0.582	0.005	6	0.093	19848	2	19721	20336	19852	NULL	19845	19839	NULL	NULL	NULL	1	NULL
335	8-B-2848	1.1178	1.1173	0.6103	0.6099	19880	0.582	0.005	6	0.093	19848	2	19721	20336	19852	NULL	19845	19839	NULL	NULL	NULL	1	NULL
336	8-B-2885	0.8720	0.8715	0.4819	0.4815	19856	0.473	0.005	6	0.094	19848	2	19721	20336	19852	NULL	19845	19839	NULL	NULL	NULL	1	NULL
337	8-B-2954	0.8723	0.8718	0.5481	0.5477	19859	0.500	0.005	6	0.093	19848	2	19721	20336	19852	NULL	19845	19839	NULL	NULL	NULL	1	NULL
338	8-B-3043	1.0978	1.0973	0.6103	0.6099	19860	0.582	0.005	6	0.093	19848	2	19721	20336	19852	NULL	19845	19839	NULL	NULL	NULL	1	NULL
339	8-B-3044	1.1078	1.1073	0.6103	0.6099	19870	0.582	0.005	6	0.093	19848	2	19721	20336	19852	NULL	19845	19839	NULL	NULL	NULL	1	NULL
340	8-B-3186	0.8720	0.8715	0.4769	0.4765	19857	0.473	0.005	6	0.094	19848	2	19721	20336	19852	NULL	19845	19839	NULL	NULL	NULL	1	NULL
341	8-B-3187	0.8720	0.8715	0.4719	0.4715	19858	0.473	0.005	6	0.094	19848	2	19721	20336	19852	NULL	19845	19839	NULL	NULL	NULL	1	NULL
342	8-B-3188	0.8770	0.8765	0.4819	0.4815	19861	0.473	0.005	6	0.094	19848	2	19721	20336	19852	NULL	19845	19839	NULL	NULL	NULL	1	NULL
343	8-B-3189	0.8770	0.8765	0.4766	0.4762	19862	0.473	0.005	6	0.094	19848	2	19721	20336	19852	NULL	19845	19839	NULL	NULL	NULL	1	NULL
344	8-B-3190	0.8770	0.8765	0.4719	0.4715	19863	0.473	0.005	6	0.094	19848	2	19721	20336	19852	NULL	19845	19839	NULL	NULL	NULL	1	NULL
345	8-B-3191	0.8820	0.8815	0.4819	0.4815	19866	0.473	0.005	6	0.094	19848	2	19721	20336	19852	NULL	19845	19839	NULL	NULL	NULL	1	NULL
346	8-B-3192	0.8820	0.8815	0.4769	0.4765	19867	0.473	0.005	6	0.094	19848	2	19721	20336	19852	NULL	19845	19839	NULL	NULL	NULL	1	NULL
347	8-B-3193	0.8820	0.8815	0.4719	0.4715	19868	0.473	0.005	6	0.094	19848	2	19721	20336	19852	NULL	19845	19839	NULL	NULL	NULL	1	NULL
348	8-B-4146	0.6226	0.6221	0.4336	0.4331	19856	0.381	0.005	6	0.095	19848	2	19721	20336	19852	NULL	19845	19839	NULL	NULL	NULL	1	NULL
349	8-B-5225	0.6226	0.6221	0.4336	0.4331	19856	0.385	0.005	6	0.094	19848	2	19721	20336	19852	NULL	19845	19839	NULL	NULL	NULL	1	NULL
350	8-C-0045	1.0588	1.0583	0.6882	0.6878	19856	0.504	0.005	6	0.089	19848	2	19721	20336	19852	NULL	19845	19839	NULL	NULL	NULL	1	NULL
351	8-C-0068	0.7465	0.7460	0.4419	0.4415	19856	2.424	0.005	12	0.094	19848	1	19721	20336	19852	NULL	19842	19839	NULL	NULL	NULL	2	NULL
352	8-C-0901	0.7465	0.7460	0.4369	0.4365	19857	2.424	0.005	12	0.094	19848	1	19721	20336	19852	NULL	19842	19839	NULL	NULL	NULL	2	NULL
353	8-C-0902	0.7465	0.7460	0.4319	0.4315	19858	2.424	0.005	12	0.094	19848	1	19721	20336	19852	NULL	19842	19839	NULL	NULL	NULL	2	NULL
354	8-C-0903	0.7515	0.7510	0.4419	0.4415	19861	2.424	0.005	12	0.094	19848	1	19721	20336	19852	NULL	19842	19839	NULL	NULL	NULL	2	NULL
355	8-C-0904	0.7515	0.7510	0.4369	0.4365	19862	2.424	0.005	12	0.094	19848	1	19721	20336	19852	NULL	19842	19839	NULL	NULL	NULL	2	NULL
356	8-C-0905	0.7515	0.7510	0.4319	0.4315	19863	2.424	0.005	12	0.094	19848	1	19721	20336	19852	NULL	19842	19839	NULL	NULL	NULL	2	NULL
357	8-C-0906	0.7565	0.7560	0.4419	0.4415	19866	2.424	0.005	12	0.094	19848	1	19721	20336	19852	NULL	19842	19839	NULL	NULL	NULL	2	NULL
358	8-C-0908	0.7665	0.7660	0.4319	0.4315	19868	2.424	0.005	12	0.094	19848	1	19721	20336	19852	NULL	19842	19839	NULL	NULL	NULL	2	NULL
359	8-C-1196	1.0588	1.0583	0.6882	0.6878	19856	0.504	0.005	6	0.089	19848	2	19721	20336	19852	NULL	19842	19839	NULL	NULL	NULL	1	NULL
360	8-C-1197	1.0588	1.0583	0.6882	0.6878	19856	0.504	0.005	6	0.089	19848	2	19721	20336	19852	NULL	19842	19837	NULL	NULL	NULL	1	NULL
361	8-C-1216	0.8125	0.8120	0.5018	0.5014	19856	0.484	0.005	4	0.093	19848	2	19721	20336	19852	NULL	19845	19839	NULL	NULL	NULL	1	NULL
362	8-C-1217	0.6317	0.6312	0.9801	0.9797	19856	0.500	0.005	6	0.093	19848	2	19721	20336	19852	NULL	19845	19839	NULL	NULL	NULL	1	NULL
363	8-C-1219	0.8225	0.8220	0.4918	0.4914	19868	0.484	0.005	4	0.093	19848	2	19721	20336	19852	NULL	19845	19839	NULL	NULL	NULL	1	NULL
364	8-C-1220	0.8225	0.8220	0.5018	0.5014	19866	0.484	0.005	4	0.093	19848	2	19721	20336	19852	NULL	19845	19839	NULL	NULL	NULL	1	NULL
365	8-C-1221	0.8325	0.8320	0.5018	0.5014	19876	0.484	0.005	4	0.093	19848	2	19721	20336	19852	NULL	19845	19839	NULL	NULL	NULL	1	NULL
366	8-C-1222	0.8125	0.8120	0.4918	0.4914	19858	0.484	0.005	4	0.093	19848	2	19721	20336	19852	NULL	19845	19839	NULL	NULL	NULL	1	NULL
367	8-C-1223	0.8325	0.8320	0.4918	0.4914	19878	0.484	0.005	4	0.093	19848	2	19721	20336	19852	NULL	19845	19839	NULL	NULL	NULL	1	NULL
368	8-C-1225	0.6217	0.6212	0.9901	0.9897	19868	0.500	0.005	6	0.093	19848	2	19721	20336	19852	NULL	19845	19839	NULL	NULL	NULL	1	NULL
369	8-C-1226	0.6317	0.6312	0.9901	0.9897	19866	0.500	0.005	6	0.093	19848	2	19721	20336	19852	NULL	19845	19839	NULL	NULL	NULL	1	NULL
370	8-C-1227	0.6317	0.6312	1.0001	0.9997	19876	0.500	0.005	6	0.093	19848	2	19721	20336	19852	NULL	19845	19839	NULL	NULL	NULL	1	NULL
371	8-C-1228	0.6217	0.6212	0.9801	0.9797	19858	0.500	0.005	6	0.093	19848	2	19721	20336	19852	NULL	19845	19839	NULL	NULL	NULL	1	NULL
372	8-C-1229	0.6217	0.6212	1.0001	0.9997	19878	0.500	0.005	6	0.093	19848	2	19721	20336	19852	NULL	19845	19839	NULL	NULL	NULL	1	NULL
373	8-C-1247	0.6178	0.6173	0.3559	0.3555	19856	0.341	0.005	3	0.078	19848	2	19721	20336	19852	NULL	19845	19839	NULL	NULL	NULL	1	NULL
374	8-C-1270	0.7665	0.7660	0.4419	0.4415	19876	2.424	0.005	12	0.094	19848	1	19721	20336	19852	NULL	19842	19839	NULL	NULL	NULL	2	NULL
375	8-C-1273	NULL	NULL	NULL	NULL	NULL	NULL	NULL	NULL	NULL	NULL	NULL	NULL	NULL	NULL	NULL	NULL	NULL	NULL	NULL	NULL	NULL	NULL
376	8-C-1371	NULL	NULL	NULL	NULL	NULL	NULL	NULL	NULL	NULL	NULL	NULL	NULL	NULL	NULL	NULL	NULL	NULL	NULL	NULL	NULL	NULL	NULL
377	8-C-1393	1.0688	1.0683	0.6782	0.6778	19868	0.504	0.005	6	0.089	19848	2	19721	20336	19852	NULL	19842	19839	NULL	NULL	NULL	1	NULL
378	8-C-1394	0.7665	0.7660	0.4369	0.4365	19877	2.424	0.005	12	0.094	19848	1	19721	20336	19852	NULL	19842	19839	NULL	NULL	NULL	2	NULL
379	8-C-1395	0.7665	0.7660	0.4319	0.4315	19878	2.424	0.005	12	0.094	19848	1	19721	20336	19852	NULL	19842	19839	NULL	NULL	NULL	2	NULL
380	8-C-1399	0.6278	0.6273	0.3559	0.3555	19866	0.341	0.005	3	0.078	19848	2	19721	20336	19852	NULL	19845	19839	NULL	NULL	NULL	1	NULL
381	8-C-1401	0.6278	0.6273	0.3459	0.3455	19868	0.341	0.005	3	0.078	19848	2	19721	20336	19852	NULL	19845	19839	NULL	NULL	NULL	1	NULL
382	8-C-1402	0.6178	0.6173	0.3459	0.3455	19858	0.341	0.005	3	0.078	19848	2	19721	20336	19852	NULL	19845	19839	NULL	NULL	NULL	1	NULL
383	8-C-1496	1.0688	1.0683	0.6882	0.6878	19866	0.504	0.005	6	0.089	19848	2	19721	20336	19852	NULL	19842	19837	NULL	NULL	NULL	1	NULL
384	8-C-1497	1.0588	1.0583	0.6782	0.6778	19858	0.504	0.005	6	0.089	19848	2	19721	20336	19852	NULL	19842	19837	NULL	NULL	NULL	1	NULL
385	8-C-1626	1.0688	1.0683	0.6782	0.6778	19868	0.504	0.005	6	0.089	19848	2	19721	20336	19852	NULL	19842	19837	NULL	NULL	NULL	1	NULL
386	8-C-1658	1.0788	1.0783	0.6882	0.6878	19876	0.504	0.005	6	0.089	19848	2	19721	20336	19852	NULL	19842	19837	NULL	NULL	NULL	1	NULL
387	8-C-1667	1.0688	1.0683	0.6682	0.6678	19870	0.504	0.005	6	0.089	19848	2	19721	20336	19852	NULL	19842	19837	NULL	NULL	NULL	1	NULL
388	8-C-1704	0.7040	0.7035	0.4015	0.4011	19856	0.341	0.005	3	0.096	19848	2	19721	20336	19852	NULL	19845	19839	NULL	NULL	NULL	1	NULL
389	8-C-1741	1.0688	1.0683	0.6882	0.6878	19866	0.504	0.005	6	0.089	19848	2	19721	20336	19852	NULL	19842	19839	NULL	NULL	NULL	1	NULL
390	8-C-1743	1.0788	1.0783	0.6882	0.6878	19876	0.504	0.005	6	0.089	19848	2	19721	20336	19852	NULL	19842	19839	NULL	NULL	NULL	1	NULL
391	8-C-1744	1.0588	1.0583	0.6782	0.6778	19858	0.504	0.005	6	0.089	19848	2	19721	20336	19852	NULL	19842	19839	NULL	NULL	NULL	1	NULL
392	8-C-1745	1.0788	1.0783	0.6782	0.6778	19878	0.504	0.005	6	0.089	19848	2	19721	20336	19852	NULL	19842	19839	NULL	NULL	NULL	1	NULL
393	8-C-1746	1.0688	1.0683	0.6682	0.6678	19870	0.504	0.005	6	0.089	19848	2	19721	20336	19852	NULL	19842	19839	NULL	NULL	NULL	1	NULL
394	8-C-2024	0.7040	0.7035	0.3965	0.3961	19857	0.341	0.005	3	0.096	19848	2	19721	20336	19852	NULL	19845	19839	NULL	NULL	NULL	1	NULL
395	8-C-2025	0.7040	0.7035	0.3915	0.3911	19858	0.341	0.005	3	0.096	19848	2	19721	20336	19852	NULL	19845	19839	NULL	NULL	NULL	1	NULL
396	8-C-2026	0.7090	0.7085	0.4015	0.4011	19861	0.341	0.005	3	0.096	19848	2	19721	20336	19852	NULL	19845	19839	NULL	NULL	NULL	1	NULL
397	8-C-2028	0.7090	0.7085	0.3915	0.3911	19863	0.341	0.005	3	0.096	19848	2	19721	20336	19852	NULL	19845	19839	NULL	NULL	NULL	1	NULL
398	8-C-2029	0.7140	0.7135	0.4015	0.4011	19866	0.341	0.005	3	0.096	19848	2	19721	20336	19852	NULL	19845	19839	NULL	NULL	NULL	1	NULL
399	8-C-2030	0.7140	0.7135	0.3965	0.3961	19867	0.341	0.005	3	0.096	19848	2	19721	20336	19852	NULL	19845	19839	NULL	NULL	NULL	1	NULL
400	8-C-2031	0.7140	0.7135	0.3915	0.3911	19868	0.341	0.005	3	0.096	19848	2	19721	20336	19852	NULL	19845	19839	NULL	NULL	NULL	1	NULL
401	8-C-2094	0.7458	0.7453	0.4577	0.4573	19856	2.425	0.005	12	0.093	19848	1	19721	20336	19852	NULL	19845	19839	NULL	NULL	NULL	2	NULL
402	8-C-2095	0.7458	0.7453	0.4477	0.4473	19858	2.425	0.005	12	0.093	19848	1	19721	20336	19852	NULL	19845	19839	NULL	NULL	NULL	2	NULL
403	8-C-2096	0.7558	0.7553	0.4577	0.4573	19866	2.425	0.005	12	0.093	19848	1	19721	20336	19852	NULL	19845	19839	NULL	NULL	NULL	2	NULL
404	8-C-2097	0.7558	0.7553	0.4477	0.4473	19868	2.425	0.005	12	0.093	19848	1	19721	20336	19852	NULL	19845	19839	NULL	NULL	NULL	2	NULL
405	8-C-2267	1.0588	1.0583	0.6682	0.6678	NULL	0.504	0.005	6	NULL	NULL	NULL	NULL	NULL	NULL	NULL	NULL	NULL	NULL	NULL	NULL	1	NULL
406	8-C-2292	1.0788	1.0783	0.6682	0.6678	19880	0.504	0.005	6	0.089	19848	2	19721	20336	19852	NULL	19842	19837	NULL	NULL	NULL	1	NULL
407	8-C-2391	0.7040	0.7035	0.4015	0.0401	19856	0.385	0.005	3	0.096	19848	2	19721	20336	19852	NULL	19845	19839	NULL	NULL	NULL	1	NULL
408	8-C-2392	0.7040	0.7035	0.3965	0.3960	19857	0.385	0.005	3	0.096	19848	2	19721	20336	19852	NULL	19845	19839	NULL	NULL	NULL	1	NULL
409	8-C-2393	0.7040	0.7035	0.3915	0.3910	19858	0.385	0.005	3	0.096	19848	2	19721	20336	19852	NULL	19845	19839	NULL	NULL	NULL	1	NULL
410	8-C-2394	0.7090	0.7085	0.4015	0.4010	19861	0.385	0.005	3	0.096	19848	2	19721	20336	19852	NULL	19845	19839	NULL	NULL	NULL	1	NULL
411	8-C-2395	0.7090	0.7085	0.3965	0.3960	19862	0.385	0.005	3	0.096	19848	2	19721	20336	19852	NULL	19845	19839	NULL	NULL	NULL	1	NULL
412	8-C-2396	0.7090	0.7085	0.3915	0.3910	19863	0.385	0.005	3	0.096	19848	2	19721	20336	19852	NULL	19845	19839	NULL	NULL	NULL	1	NULL
413	8-C-2397	0.7140	0.7135	0.4015	0.4010	19866	0.385	0.005	3	0.096	19848	2	19721	20336	19852	NULL	19845	19839	NULL	NULL	NULL	1	NULL
414	8-C-2398	0.7140	0.7135	0.3965	0.3960	19867	0.385	0.005	3	0.096	19848	2	19721	20336	19852	NULL	19845	19839	NULL	NULL	NULL	1	NULL
415	8-C-2399	0.7140	0.7135	0.3915	0.3910	19868	0.385	0.005	3	0.096	19848	2	19721	20336	19852	NULL	19845	19839	NULL	NULL	NULL	1	NULL
416	8-C-2414	0.5788	0.5783	0.3301	0.3297	19858	0.365	0.005	6	0.064	19848	2	19721	20336	19852	NULL	19845	19839	NULL	NULL	NULL	1	NULL
417	8-C-2415	0.5888	0.5883	0.3401	0.3397	19866	0.365	0.005	6	0.064	19848	2	19721	20336	19852	NULL	19845	19839	NULL	NULL	NULL	1	NULL
418	8-C-2416	0.5888	0.5883	0.3301	0.3297	19868	0.365	0.005	6	0.064	19848	2	19721	20336	19852	NULL	19845	19839	NULL	NULL	NULL	1	NULL
419	8-C-2427	0.5788	0.5783	0.3401	0.3397	19856	0.365	0.005	6	0.064	19848	2	19721	20336	19852	NULL	19845	19839	NULL	NULL	NULL	1	NULL
420	8-C-2787	0.8175	0.8170	0.5018	0.5014	19861	0.484	0.005	4	0.093	19848	2	19721	20336	19852	NULL	19845	19839	NULL	NULL	NULL	1	NULL
421	8-C-3030	1.0788	1.0783	0.6682	0.6677	19880	0.504	0.005	6	0.089	19848	2	19721	20336	19852	NULL	19842	19839	NULL	NULL	NULL	1	NULL
422	8-C-3045	0.7465	0.7460	0.4219	0.4215	19860	2.424	0.005	12	0.094	19848	1	19721	20336	19852	NULL	19842	19839	NULL	NULL	NULL	2	NULL
423	8-C-3046	0.7615	0.7610	0.4369	0.4365	19872	2.424	0.005	12	0.094	19848	1	19721	20336	19852	NULL	19842	19839	NULL	NULL	NULL	2	NULL
424	8-C-3385	0.7515	0.7510	0.4574	0.4570	19856	0.453	0.005	6	0.082	19848	2	19721	20336	19852	NULL	19845	19839	NULL	NULL	NULL	1	NULL
425	8-C-3386	0.7515	0.7510	0.4524	0.4520	19857	0.453	0.005	6	0.082	19848	2	19721	20336	19852	NULL	19845	19839	NULL	NULL	NULL	1	NULL
426	8-C-3387	0.7515	0.7510	0.4474	0.4470	19858	0.453	0.005	6	0.082	19848	2	19721	20336	19852	NULL	19845	19839	NULL	NULL	NULL	1	NULL
427	8-C-3388	0.7565	0.7560	0.4574	0.4570	19861	0.453	0.005	6	0.082	19848	2	19721	20336	19852	NULL	19845	19839	NULL	NULL	NULL	1	NULL
428	8-C-3389	0.7565	0.7560	0.4524	0.4520	19862	0.453	0.005	6	0.082	19848	2	19721	20336	19852	NULL	19845	19839	NULL	NULL	NULL	1	NULL
429	8-C-3390	0.7565	0.7560	0.4474	0.4470	19863	0.453	0.005	6	0.082	19848	2	19721	20336	19852	NULL	19845	19839	NULL	NULL	NULL	1	NULL
430	8-C-3391	0.7615	0.7610	0.4574	0.4570	19866	0.453	0.005	6	0.082	19848	2	19721	20336	19852	NULL	19845	19839	NULL	NULL	NULL	1	NULL
431	8-C-3392	0.7615	0.7610	0.4524	0.4520	19867	0.453	0.005	6	0.082	19848	2	19721	20336	19852	NULL	19845	19839	NULL	NULL	NULL	1	NULL
432	8-C-3393	0.7615	0.7610	0.4474	0.4470	19868	0.453	0.005	6	0.082	19848	2	19721	20336	19852	NULL	19845	19839	NULL	NULL	NULL	1	NULL
433	8-C-3452	1.0588	1.0583	0.6682	0.6678	19860	0.504	0.005	6	0.089	19848	2	19721	20336	19852	NULL	19842	19839	NULL	NULL	NULL	1	NULL
434	8-C-3479	0.7119	0.7114	0.4176	0.4172	19856	0.431	0.005	6	0.068	19848	2	19721	20336	19852	NULL	19845	19839	NULL	NULL	NULL	1	NULL
435	8-C-3496	0.8716	0.8711	0.5719	0.5715	19856	0.493	0.005	6	0.070	19848	2	19721	20336	19852	NULL	19845	19839	NULL	NULL	NULL	1	NULL
436	8-C-3537	0.7465	0.7460	0.4269	0.4264	19859	2.424	0.005	12	0.094	19848	1	19721	20336	19852	NULL	19842	19839	NULL	NULL	NULL	2	NULL
437	8-C-3623	0.7169	0.7164	0.4176	0.4172	19861	0.431	0.005	6	0.068	19848	2	19721	20336	19852	NULL	19845	19839	NULL	NULL	NULL	1	NULL
438	8-C-3624	0.7219	0.7214	0.4176	0.4172	19866	0.431	0.005	6	0.068	19848	2	19721	20336	19852	NULL	19845	19839	NULL	NULL	NULL	1	NULL
439	8-C-3625	0.7319	0.7314	0.4176	0.4172	19876	0.431	0.005	6	0.068	19848	2	19721	20336	19852	NULL	19845	19839	NULL	NULL	NULL	1	NULL
440	8-C-3626	0.7169	0.7164	0.4126	0.4122	19862	0.431	0.005	6	0.068	19848	2	19721	20336	19852	NULL	19845	19839	NULL	NULL	NULL	1	NULL
441	8-C-3627	0.7219	0.7214	0.4076	0.4072	19868	0.431	0.005	6	0.068	19848	2	19721	20336	19852	NULL	19845	19839	NULL	NULL	NULL	1	NULL
442	8-C-3700	0.7119	0.7114	0.4126	0.4122	19857	0.431	0.005	6	0.068	19848	2	19721	20336	19852	NULL	19845	19839	NULL	NULL	NULL	1	NULL
443	8-C-3701	0.7119	0.7114	0.4076	0.4072	19858	0.431	0.005	6	0.068	19848	2	19721	20336	19852	NULL	19845	19839	NULL	NULL	NULL	1	NULL
444	8-C-3744	1.0588	1.0583	0.6832	0.6828	19857	0.504	0.005	6	0.089	19848	2	19721	20336	19852	NULL	19845	19839	NULL	NULL	NULL	1	NULL
445	8-C-3745	1.0588	1.0583	0.6782	0.6778	19858	0.504	0.005	6	0.089	19848	2	19721	20336	19852	NULL	19845	19839	NULL	NULL	NULL	1	NULL
446	8-C-3747	1.0688	1.0683	0.6882	0.6878	19866	0.504	0.005	6	0.089	19848	2	19721	20336	19852	NULL	19845	19839	NULL	NULL	NULL	1	NULL
447	8-C-3749	1.0688	1.0683	0.6782	0.6778	19868	0.504	0.005	6	0.089	19848	2	19721	20336	19852	NULL	19845	19839	NULL	NULL	NULL	1	NULL
448	8-C-3775	0.8816	0.8811	0.5719	0.5715	19866	0.493	0.005	6	0.070	19848	2	19721	20336	19852	NULL	19845	19839	NULL	NULL	NULL	1	NULL
449	8-C-4083	0.8126	0.8121	0.5015	0.5011	19856	0.494	0.005	6	0.080	19848	2	19721	20336	19852	NULL	19845	19839	NULL	NULL	NULL	1	NULL
450	8-C-4154	0.8816	0.8811	0.5619	0.5615	19868	0.493	0.005	6	0.070	19848	2	19721	20336	19852	NULL	19845	19839	NULL	NULL	NULL	1	NULL
451	8-C-4160	0.8716	0.8711	0.5619	0.5615	19858	0.493	0.005	6	0.070	19848	2	19721	20336	19852	NULL	19845	19839	NULL	NULL	NULL	1	NULL
452	8-C-6209	NULL	NULL	NULL	NULL	NULL	NULL	NULL	NULL	NULL	NULL	NULL	NULL	NULL	NULL	NULL	NULL	NULL	NULL	NULL	NULL	NULL	NULL
453	8-D-0381	0.6395	0.6390	0.3836	0.3832	19868	0.447	0.005	4	0.081	19848	2	19721	20336	19852	NULL	19845	19839	NULL	NULL	NULL	1	NULL
454	8-D-0392	0.6295	0.6290	0.3936	0.3932	19856	0.447	0.005	4	0.081	19848	2	19721	20336	19852	NULL	19845	19839	NULL	NULL	NULL	1	NULL
455	8-D-0670	0.6295	0.6290	0.3936	0.3932	19856	0.447	0.005	4	0.052	19848	2	19721	20336	19852	NULL	19845	19839	NULL	NULL	NULL	1	NULL
456	8-D-0818	0.7465	0.7460	0.4419	0.4415	19856	0.456	0.005	6	0.078	19848	2	19721	20336	19852	NULL	19845	19839	NULL	NULL	NULL	1	NULL
457	8-D-0836	0.6345	0.6340	0.3936	0.3932	19861	0.447	0.005	4	0.081	19848	2	19721	20336	19852	NULL	19845	19839	NULL	NULL	NULL	1	NULL
458	8-D-0837	0.6345	0.6340	0.3886	0.3882	19862	0.447	0.005	4	0.081	19848	2	19721	20336	19852	NULL	19845	19839	NULL	NULL	NULL	1	NULL
459	8-D-0838	0.6395	0.6390	0.3936	0.3932	19866	0.447	0.005	4	0.081	19848	2	19721	20336	19852	NULL	19845	19839	NULL	NULL	NULL	1	NULL
460	8-D-0840	0.6295	0.6290	0.3836	0.3832	19858	0.447	0.005	4	0.081	19848	2	19721	20336	19852	NULL	19845	19839	NULL	NULL	NULL	1	NULL
461	8-D-0859	0.6295	0.6290	0.3886	0.3882	19857	0.447	0.005	4	0.081	19848	2	19721	20336	19852	NULL	19845	19839	NULL	NULL	NULL	1	NULL
462	8-D-0860	0.6245	0.6240	0.3836	0.3832	19863	0.447	0.005	4	0.081	19848	2	19721	20336	19852	NULL	19845	19839	NULL	NULL	NULL	1	NULL
463	8-D-0861	0.6395	0.6390	0.3886	0.3882	19867	0.447	0.005	4	0.081	19848	2	19721	20336	19852	NULL	19845	19839	NULL	NULL	NULL	1	NULL
464	8-D-0862	0.6445	0.6440	0.3936	0.3932	19871	0.447	0.005	4	0.081	19848	2	19721	20336	19852	NULL	19845	19839	NULL	NULL	NULL	1	NULL
465	8-D-0910	0.5118	0.5113	0.3352	0.3348	19856	0.377	0.005	4	0.040	19848	2	19721	20336	19852	NULL	19845	19839	NULL	NULL	NULL	1	NULL
466	8-D-1405	0.5118	0.5113	0.3252	0.3248	19858	0.377	0.005	4	0.040	19848	2	19721	20336	19852	NULL	19845	19839	NULL	NULL	NULL	1	NULL
467	8-D-1406	0.5218	0.5213	0.3252	0.3248	19868	0.377	0.005	4	0.040	19848	2	19721	20336	19852	NULL	19845	19839	NULL	NULL	NULL	1	NULL
468	8-D-1408	0.5318	0.5313	0.3252	0.3248	19878	0.377	0.005	4	0.040	19848	2	19721	20336	19852	NULL	19845	19839	NULL	NULL	NULL	1	NULL
469	8-D-1409	0.5218	0.5213	0.3352	0.3348	19866	0.377	0.005	4	0.040	19848	2	19721	20336	19852	NULL	19845	19839	NULL	NULL	NULL	1	NULL
470	8-D-1410	0.5118	0.5113	0.3152	0.3148	19860	0.377	0.005	4	0.040	19848	2	19721	20336	19852	NULL	19845	19839	NULL	NULL	NULL	1	NULL
471	8-D-1525	0.5168	0.5163	0.3302	0.3298	19862	0.377	0.005	4	0.040	19848	2	19721	20336	19852	NULL	19845	19839	NULL	NULL	NULL	1	NULL
472	8-D-1594	0.5168	0.5163	0.3252	0.3248	19863	0.377	0.005	4	0.040	19848	2	19721	20336	19852	NULL	19845	19839	NULL	NULL	NULL	1	NULL
473	8-D-1596	0.5168	0.5163	0.3352	0.3348	19861	0.377	0.005	4	0.040	19848	2	19721	20336	19852	NULL	19845	19839	NULL	NULL	NULL	1	NULL
474	8-D-1616	NULL	NULL	NULL	NULL	NULL	NULL	NULL	NULL	NULL	NULL	NULL	NULL	NULL	NULL	NULL	NULL	NULL	NULL	NULL	NULL	NULL	NULL
475	8-D-1816	0.5182	0.5177	0.2765	0.2761	19856	1.095	0.005	2	0.080	19848	1	19720	20336	19852	NULL	19842	19838	NULL	NULL	NULL	2	NULL
476	8-D-1882	0.7565	0.7560	0.4419	0.4415	19866	0.456	0.005	6	0.078	19848	2	19721	20336	19852	NULL	19845	19839	NULL	NULL	NULL	1	NULL
477	8-D-1883	0.7565	0.7560	0.4319	0.4315	19868	0.456	0.005	6	0.078	19848	2	19721	20336	19852	NULL	19845	19839	NULL	NULL	NULL	1	NULL
478	8-D-2022	0.5182	0.5177	0.2716	0.2712	19861	1.095	0.005	2	0.080	19848	1	19720	20336	19852	NULL	19842	19838	NULL	NULL	NULL	2	NULL
479	8-D-2023	0.5182	0.5177	0.2666	0.2662	19866	1.095	0.005	2	0.080	19848	1	19720	20336	19852	NULL	19842	19838	NULL	NULL	NULL	2	NULL
480	8-D-2036	0.5118	0.5113	0.3302	0.3298	19857	0.377	0.005	4	0.040	19848	2	19721	20336	19852	NULL	19845	19839	NULL	NULL	NULL	1	NULL
481	8-D-2498	0.5115	0.5110	0.2766	0.2761	19856	1.093	0.005	8	0.054	19848	1	19721	20336	19852	NULL	19842	19838	NULL	NULL	NULL	2	NULL
482	8-D-2499	0.5115	0.5110	0.2716	0.2711	19861	1.093	0.005	8	0.054	19848	1	19721	20336	19852	NULL	19842	19838	NULL	NULL	NULL	2	NULL
483	8-D-2500	0.5115	0.5110	0.2666	0.2661	19866	1.093	0.005	8	0.054	19848	1	19721	20336	19852	NULL	19842	19838	NULL	NULL	NULL	2	NULL
484	8-D-3325	0.7465	0.7460	0.4369	0.4365	19857	0.456	0.005	6	0.078	19848	2	19721	20336	19852	NULL	19845	19839	NULL	NULL	NULL	1	NULL
485	8-D-3326	0.7465	0.7460	0.4319	0.4315	19858	0.456	0.005	6	0.078	19848	2	19721	20336	19852	NULL	19845	19839	NULL	NULL	NULL	1	NULL
486	8-D-3545	NULL	NULL	NULL	NULL	NULL	NULL	NULL	NULL	NULL	NULL	NULL	NULL	NULL	NULL	NULL	NULL	NULL	NULL	NULL	NULL	NULL	NULL
487	8-D-3546	0.3758	0.3753	0.3753	0.3749	19856	0.283	0.005	6	0.043	19848	2	19721	20336	19852	NULL	19845	19839	NULL	NULL	NULL	1	NULL
488	8-D-3800	0.3299	0.3294	0.5120	0.5116	19861	1.246	0.005	2	0.080	19849	1	19720	20336	19852	NULL	19842	19838	NULL	NULL	NULL	2	NULL
489	8-D-4520	0.5182	0.5177	0.2766	0.2762	19856	1.095	0.005	2	0.080	19848	1	19720	20337	19852	NULL	19842	19838	NULL	NULL	NULL	2	NULL
490	8-D-5579	0.7469	0.7464	0.4726	0.4721	19856	0.542	0.005	4	0.070	19848	2	19721	20336	19852	NULL	19845	19839	NULL	NULL	NULL	1	NULL
491	8-E-0357	0.6136	0.6131	0.3559	0.3555	19856	0.148	0.005	12	0.093	19848	1	19721	20336	19852	NULL	19842	19839	NULL	NULL	NULL	2	NULL
492	8-E-0363	0.5093	0.5088	0.2965	0.2960	19856	1.319	0.005	12	0.078	19848	1	19721	20336	19852	NULL	19842	19839	NULL	NULL	NULL	2	NULL
493	8-E-0371	0.5093	0.5088	0.2965	0.2960	19856	0.315	0.005	6	0.052	19848	2	19721	20336	19852	NULL	19845	19839	NULL	NULL	NULL	1	NULL
494	8-E-0376	0.6144	0.6139	0.3556	0.3551	19856	0.370	0.005	6	0.062	19848	2	19721	20336	19852	NULL	19845	19839	NULL	NULL	NULL	1	NULL
495	8-E-0591	0.5143	0.5134	0.2965	0.2960	19861	0.315	0.005	6	0.052	19848	2	19721	20336	19852	NULL	19845	19839	NULL	NULL	NULL	2	NULL
496	8-E-0592	0.5093	0.5088	0.2915	0.2910	19857	0.315	0.005	6	0.052	19848	2	19721	20336	19852	NULL	19845	19839	NULL	NULL	NULL	2	NULL
497	8-E-0593	0.5143	0.5138	0.2915	0.2910	19862	0.315	0.005	6	0.052	19848	2	19721	20336	19852	NULL	19845	19839	NULL	NULL	NULL	2	NULL
498	8-E-0594	0.5193	0.5188	0.2965	0.2960	19866	0.315	0.005	6	0.052	19848	2	19721	20336	19852	NULL	19845	19839	NULL	NULL	NULL	2	NULL
499	8-E-0595	0.5093	0.5088	0.2865	0.2860	19858	0.315	0.005	6	0.052	19848	2	19721	20336	19852	NULL	19845	19839	NULL	NULL	NULL	2	NULL
500	8-E-0596	0.5193	0.5188	0.2865	0.2860	19868	0.315	0.005	6	0.052	19848	2	19721	20336	19852	NULL	19845	19839	NULL	NULL	NULL	2	NULL
501	8-E-0800	0.6194	0.6189	0.3506	0.3501	19862	0.370	0.005	6	0.062	19848	2	19721	20336	19852	NULL	19845	19839	NULL	NULL	NULL	2	NULL
502	8-E-0813	0.6194	0.6189	0.3556	0.3551	19861	0.370	0.005	6	0.062	19848	2	19721	20336	19852	NULL	19845	19839	NULL	NULL	NULL	2	NULL
503	8-E-0814	0.6244	0.6239	0.3556	0.3551	19866	0.370	0.005	6	0.062	19848	2	19721	20336	19852	NULL	19845	19839	NULL	NULL	NULL	2	NULL
504	8-E-0816	0.6144	0.6139	0.3451	0.3456	19858	0.370	0.005	6	0.062	19848	2	19721	20336	19852	NULL	19845	19839	NULL	NULL	NULL	2	NULL
505	8-E-0817	0.6244	0.6239	0.3456	0.3451	19868	0.370	0.005	6	0.062	19848	2	19721	20336	19852	NULL	19845	19839	NULL	NULL	NULL	2	NULL
506	8-E-0863	0.5093	0.5088	0.2915	0.2911	19857	1.319	0.005	12	0.078	19848	1	19721	20336	19852	NULL	19842	19839	NULL	NULL	NULL	2	NULL
507	8-E-0864	0.5093	0.5088	0.2865	0.2861	19858	1.319	0.005	12	0.078	19848	1	19721	20336	19852	NULL	19842	19839	NULL	NULL	NULL	2	NULL
508	8-E-0865	0.5143	0.5138	0.2965	0.2961	19861	1.319	0.005	12	0.078	19848	1	19721	20336	19852	NULL	19842	19839	NULL	NULL	NULL	2	NULL
509	8-E-0866	0.5143	0.5138	0.2915	0.2911	19862	1.319	0.005	12	0.078	19848	1	19721	20336	19852	NULL	19842	19839	NULL	NULL	NULL	2	NULL
510	8-E-0867	0.5193	0.5188	0.2965	0.2961	19866	1.319	0.005	12	0.078	19848	1	19721	20336	19852	NULL	19842	19839	NULL	NULL	NULL	2	NULL
511	8-E-0868	0.5193	0.5188	0.2915	0.2911	19867	1.319	0.005	12	0.078	19848	1	19721	20336	19852	NULL	19842	19839	NULL	NULL	NULL	2	NULL
512	8-E-0869	0.5193	0.5188	0.2865	0.2861	19868	1.319	0.005	12	0.078	19848	1	19721	20336	19852	NULL	19842	19839	NULL	NULL	NULL	2	NULL
513	8-E-0870	0.5193	0.5188	0.2915	0.2910	19867	0.315	0.005	6	0.052	19848	2	19721	20336	19852	NULL	19845	19839	NULL	NULL	NULL	1	NULL
514	8-E-0872	0.6136	0.6131	0.3459	0.3455	19858	0.148	0.005	12	0.093	19848	1	19721	20336	19852	NULL	19842	19839	NULL	NULL	NULL	2	NULL
515	8-E-0873	0.6186	0.6181	0.3559	0.3555	19861	0.148	0.005	12	0.093	19848	1	19721	20336	19852	NULL	19842	19839	NULL	NULL	NULL	2	NULL
516	8-E-0874	0.6186	0.6181	0.3509	0.3505	19862	0.148	0.005	12	0.093	19848	1	19721	20336	19852	NULL	19842	19839	NULL	NULL	NULL	2	NULL
517	8-E-0875	0.6236	0.6231	0.3559	0.3555	19866	0.148	0.005	12	0.093	19848	1	19721	20336	19852	NULL	19842	19839	NULL	NULL	NULL	2	NULL
518	8-E-0876	0.6236	0.6231	0.3509	0.3505	19867	0.148	0.005	12	0.093	19848	1	19721	20336	19852	NULL	19842	19839	NULL	NULL	NULL	2	NULL
519	8-E-0877	0.6236	0.6231	0.3459	0.3455	19868	0.148	0.005	12	0.093	19848	1	19721	20336	19852	NULL	19842	19839	NULL	NULL	NULL	2	NULL
520	8-E-0878	0.6144	0.6139	0.3506	0.3501	19857	0.370	0.005	6	0.062	19848	2	19721	20336	19852	NULL	19845	19839	NULL	NULL	NULL	1	NULL
521	8-E-0879	0.6244	0.6239	0.3506	0.3501	19867	0.370	0.005	6	0.062	19848	2	19721	20336	19852	NULL	19845	19839	NULL	NULL	NULL	1	NULL
522	8-E-1190	0.5143	0.5138	0.2865	0.2860	19863	0.315	0.005	6	0.052	19848	2	19721	20336	19852	NULL	19845	19839	NULL	NULL	NULL	1	NULL
523	8-E-1382	0.6194	0.6189	0.3456	0.3451	19863	0.370	0.005	6	0.062	19848	2	19721	20336	19852	NULL	19845	19839	NULL	NULL	NULL	1	NULL
524	8-E-1411	0.5143	0.5138	0.2865	0.2861	19863	1.319	0.005	12	0.078	19848	1	19721	20336	19852	NULL	19842	19839	NULL	NULL	NULL	2	NULL
525	8-E-1412	0.6186	0.6181	0.3459	0.3455	19863	0.148	0.005	12	0.093	19848	1	19721	20336	19852	NULL	19842	19839	NULL	NULL	NULL	2	NULL
526	8-E-2081	0.5243	0.5238	0.2965	0.2961	19871	1.319	0.005	12	0.078	19848	1	19721	20336	19852	NULL	19842	19839	NULL	NULL	NULL	2	NULL
527	8-E-2412	0.5093	0.5088	0.2765	0.2760	19856	0.315	0.005	6	0.052	19848	2	19721	20336	19852	NULL	19845	19839	NULL	NULL	NULL	1	NULL
528	8-E-2616	0.5093	0.5088	0.2815	0.2810	19859	0.315	0.005	6	0.052	19848	2	19721	20336	19852	NULL	19845	19839	NULL	NULL	NULL	1	NULL
529	8-E-2772	0.4306	0.4301	0.2373	0.2369	19856	0.148	0.005	6	0.054	19848	2	19721	20336	19852	NULL	19845	19839	NULL	NULL	NULL	1	NULL
530	8-E-2773	0.4306	0.4301	0.2323	0.2319	19857	0.148	0.005	6	0.054	19848	2	19721	20336	19852	NULL	19845	19839	NULL	NULL	NULL	1	NULL
531	8-E-2774	0.4306	0.4301	0.2273	0.2269	19858	0.148	0.005	6	0.054	19848	2	19721	20336	19852	NULL	19845	19839	NULL	NULL	NULL	1	NULL
532	8-E-2775	0.4356	0.4351	0.2373	0.2369	19861	0.148	0.005	6	0.054	19848	2	19721	20336	19852	NULL	19845	19839	NULL	NULL	NULL	1	NULL
533	8-E-2776	0.4356	0.4351	0.2373	0.2369	19862	0.148	0.005	6	0.054	19848	2	19721	20336	19852	NULL	19845	19839	NULL	NULL	NULL	1	NULL
534	8-E-2777	0.4356	0.4351	0.2373	0.2369	19863	0.148	0.005	6	0.054	19848	2	19721	20336	19852	NULL	19845	19839	NULL	NULL	NULL	1	NULL
535	8-E-2778	0.4406	0.4401	0.2373	0.2369	19866	0.148	0.005	6	0.054	19848	2	19721	20336	19852	NULL	19845	19839	NULL	NULL	NULL	1	NULL
536	8-E-2780	0.4406	0.4401	0.2373	0.2369	19868	0.148	0.005	6	0.054	19848	2	19721	20336	19852	NULL	19845	19839	NULL	NULL	NULL	1	NULL
537	8-E-2813	0.6652	0.6648	0.3955	0.3951	19856	0.429	0.005	6	0.054	19848	2	19721	20336	19852	NULL	19845	19839	NULL	NULL	NULL	1	NULL
538	8-E-2814	0.6652	0.6648	0.3905	0.3901	19857	0.429	0.005	6	0.054	19848	2	19721	20336	19852	NULL	19845	19839	NULL	NULL	NULL	1	NULL
539	8-E-2816	0.6702	0.6698	0.3955	0.3951	19861	0.429	0.005	6	0.054	19848	2	19721	20336	19852	NULL	19845	19839	NULL	NULL	NULL	1	NULL
540	8-E-2817	0.6702	0.6698	0.3905	0.3901	19862	0.429	0.005	6	0.054	19848	2	19721	20336	19852	NULL	19845	19839	NULL	NULL	NULL	1	NULL
541	8-E-2818	0.6702	0.6698	0.3855	0.3851	19863	0.429	0.005	6	0.054	19848	2	19721	20336	19852	NULL	19845	19839	NULL	NULL	NULL	1	NULL
542	8-E-2819	0.6752	0.6748	0.3955	0.3951	19866	0.429	0.005	6	0.054	19848	2	19721	20336	19852	NULL	19845	19839	NULL	NULL	NULL	1	NULL
543	8-E-2821	0.6752	0.6748	0.3855	0.3851	19868	0.429	0.005	6	0.054	19848	2	19721	20336	19852	NULL	19845	19839	NULL	NULL	NULL	1	NULL
544	8-E-2894	0.8029	0.8025	0.4742	0.4738	19856	0.473	0.005	6	0.078	19848	2	19721	20336	19852	NULL	19845	19839	NULL	NULL	NULL	1	NULL
545	8-E-2911	0.8029	0.8025	0.4642	0.4638	19858	0.473	0.005	6	0.078	19848	2	19721	20336	19852	NULL	19845	19839	NULL	NULL	NULL	1	NULL
546	8-E-2912	0.8079	0.8075	0.4742	0.4738	19861	0.473	0.005	6	0.078	19848	2	19721	20336	19852	NULL	19845	19839	NULL	NULL	NULL	1	NULL
547	8-E-2913	0.8079	0.8075	0.4692	0.4688	19862	0.473	0.005	6	0.078	19848	2	19721	20336	19852	NULL	19845	19839	NULL	NULL	NULL	1	NULL
548	8-E-2914	0.8079	0.8075	0.4642	0.4638	19863	0.473	0.005	6	0.078	19848	2	19721	20336	19852	NULL	19845	19839	NULL	NULL	NULL	1	NULL
549	8-E-2915	0.8129	0.8125	0.4742	0.4738	19866	0.473	0.005	6	0.078	19848	2	19721	20336	19852	NULL	19845	19839	NULL	NULL	NULL	1	NULL
550	8-E-2916	0.8129	0.8125	0.4692	0.4688	19867	0.473	0.005	6	0.078	19848	2	19721	20336	19852	NULL	19845	19839	NULL	NULL	NULL	1	NULL
551	8-E-2917	0.8129	0.8125	0.4642	0.4638	19868	0.473	0.005	6	0.078	19848	2	19721	20336	19852	NULL	19845	19839	NULL	NULL	NULL	1	NULL
552	8-E-2932	0.6663	0.6658	0.3945	0.3940	19856	0.426	0.005	6	0.078	19848	2	19721	20336	19852	NULL	19845	19839	NULL	NULL	NULL	1	NULL
553	8-F-0036	0.6696	0.6691	0.4855	0.4851	19856	0.345	0.005	6	0.062	19848	2	19721	20336	19852	NULL	19845	19839	NULL	NULL	NULL	1	NULL
554	8-F-0041	0.6012	0.6007	0.4107	0.4103	19866	0.334	0.005	6	0.078	19848	2	19721	20336	19852	NULL	19845	19839	NULL	NULL	NULL	1	NULL
555	8-F-0427	0.3918	0.3913	0.2475	0.2471	19856	0.228	0.005	6	0.055	19848	2	19721	20336	19852	NULL	19845	19839	NULL	NULL	NULL	1	NULL
556	8-F-0434	0.3918	0.3913	0.2475	0.2471	19856	0.188	0.005	6	0.055	19848	2	19721	20336	19852	NULL	19845	19839	NULL	NULL	NULL	1	NULL
557	8-F-0439	0.4856	0.4851	0.3163	0.3159	19856	0.235	0.005	6	0.062	19848	2	19721	20336	19852	NULL	19845	19839	NULL	NULL	NULL	1	NULL
558	8-F-0471	0.5912	0.5907	0.4109	0.4105	19856	0.295	0.005	6	0.070	19848	2	19721	20336	19852	NULL	19845	19839	NULL	NULL	NULL	1	NULL
559	8-F-0699	0.4856	0.4851	0.3163	0.3158	19856	0.275	0.005	6	0.062	19848	2	19721	20336	19852	NULL	19845	19839	NULL	NULL	NULL	1	NULL
560	8-F-0880	0.4856	0.4851	0.3108	0.3104	19857	0.235	0.005	6	0.062	19848	2	19721	20336	19852	NULL	19845	19839	NULL	NULL	NULL	1	NULL
561	8-F-0881	0.4856	0.4851	0.3063	0.3059	19858	0.235	0.005	6	0.062	19848	2	19721	20336	19852	NULL	19845	19839	NULL	NULL	NULL	1	NULL
562	8-F-0882	0.4906	0.4901	0.3163	0.3159	19861	0.235	0.005	6	0.062	19848	2	19721	20336	19852	NULL	19845	19839	NULL	NULL	NULL	1	NULL
563	8-F-0995	0.5912	0.5907	0.4107	0.4103	19856	0.334	0.005	6	0.078	19848	2	19721	20336	19852	NULL	19845	19839	NULL	NULL	NULL	1	NULL
564	8-F-1198	0.5962	0.5957	0.4109	0.4104	19861	0.295	0.005	6	0.070	19848	2	19721	20336	19852	NULL	19845	19839	NULL	NULL	NULL	1	NULL
565	8-F-1199	0.6012	0.6007	0.4109	0.4105	19866	0.295	0.005	6	0.070	19848	2	19721	20336	19852	NULL	19845	19839	NULL	NULL	NULL	1	NULL
566	8-F-1413	0.5912	0.5907	0.4109	0.4105	19858	0.295	0.005	6	0.070	19848	2	19721	20336	19852	NULL	19845	19839	NULL	NULL	NULL	1	NULL
567	8-F-1414	0.6012	0.6007	0.4109	0.4105	19868	0.295	0.005	6	0.070	19848	2	19721	20336	19852	NULL	19845	19839	NULL	NULL	NULL	1	NULL
568	8-F-1415	0.4956	0.4951	0.3063	0.3059	19868	0.235	0.005	6	0.062	19848	2	19721	20336	19852	NULL	19845	19839	NULL	NULL	NULL	1	NULL
569	8-F-1416	0.4956	0.4951	0.3163	0.3159	19866	0.235	0.005	6	0.062	19848	2	19721	20336	19852	NULL	19845	19839	NULL	NULL	NULL	1	NULL
570	8-F-1417	0.6696	0.6691	0.4755	0.4751	19858	0.345	0.005	6	0.062	19848	2	19721	20336	19852	NULL	19845	19839	NULL	NULL	NULL	1	NULL
571	8-F-1418	0.6796	0.6791	0.4755	0.4751	19868	0.345	0.005	6	0.062	19848	2	19721	20336	19852	NULL	19845	19839	NULL	NULL	NULL	1	NULL
572	8-F-1419	0.6796	0.6791	0.4855	0.4851	19866	0.345	0.005	6	0.062	19848	2	19721	20336	19852	NULL	19845	19839	NULL	NULL	NULL	1	NULL
573	8-F-1420	0.5912	0.5907	0.4007	0.4003	19858	0.334	0.005	6	0.078	19848	2	19721	20336	19852	NULL	19845	19839	NULL	NULL	NULL	1	NULL
574	8-F-1421	0.6012	0.6007	0.4007	0.4003	19868	0.334	0.005	6	0.078	19848	2	19721	20336	19852	NULL	19845	19839	NULL	NULL	NULL	1	NULL
575	8-F-1491	0.5912	0.5907	0.4059	0.4055	19857	0.295	0.005	6	0.070	19848	2	19721	20336	19852	NULL	19845	19839	NULL	NULL	NULL	1	NULL
576	8-F-1570	0.4856	0.4851	0.4856	0.4852	19858	0.275	0.005	6	0.062	19848	2	19721	20336	19852	NULL	19845	19839	NULL	NULL	NULL	1	NULL
577	8-F-1902	0.4906	0.4901	0.3113	0.3109	19862	0.235	0.005	6	0.062	19848	2	19721	20336	19852	NULL	19845	19839	NULL	NULL	NULL	1	NULL
578	8-F-1903	0.4906	0.4901	0.3063	0.3059	19863	0.235	0.005	6	0.062	19848	2	19721	20336	19852	NULL	19845	19839	NULL	NULL	NULL	1	NULL
579	8-F-1904	0.4956	0.4951	0.3113	0.3109	19867	0.235	0.005	6	0.062	19848	2	19721	20336	19852	NULL	19845	19839	NULL	NULL	NULL	1	NULL
580	8-F-1905	0.4856	0.4851	0.4856	0.4852	19857	0.275	0.005	6	0.062	19848	2	19721	20336	19852	NULL	19845	19839	NULL	NULL	NULL	1	NULL
581	8-F-1906	0.4906	0.4901	0.4906	0.4902	19861	0.275	0.005	6	0.062	19848	2	19721	20336	19852	NULL	19845	19839	NULL	NULL	NULL	1	NULL
582	8-F-1907	0.4906	0.4901	0.4906	0.4902	19862	0.275	0.005	6	0.062	19848	2	19721	20336	19852	NULL	19845	19839	NULL	NULL	NULL	1	NULL
583	8-F-1908	0.4906	0.4901	0.4906	0.4902	19863	0.275	0.005	6	0.062	19848	2	19721	20336	19852	NULL	19845	19839	NULL	NULL	NULL	1	NULL
584	8-F-1909	0.4956	0.4951	0.4956	0.4952	19866	0.275	0.005	6	0.062	19848	2	19721	20336	19852	NULL	19845	19839	NULL	NULL	NULL	1	NULL
585	8-F-1910	0.4956	0.4951	0.4956	0.4952	19867	0.275	0.005	6	0.062	19848	2	19721	20336	19852	NULL	19845	19839	NULL	NULL	NULL	1	NULL
586	8-F-1911	0.4956	0.4951	0.4956	0.4952	19868	0.275	0.005	6	0.062	19848	2	19721	20336	19852	NULL	19845	19839	NULL	NULL	NULL	1	NULL
587	8-F-2071	0.5912	0.5907	0.4057	0.4053	19857	0.334	0.005	6	0.078	19848	2	19721	20336	19852	NULL	19845	19839	NULL	NULL	NULL	1	NULL
588	8-F-2072	0.5962	0.5957	0.4107	0.4103	19861	0.334	0.005	6	0.078	19848	2	19721	20336	19852	NULL	19845	19839	NULL	NULL	NULL	1	NULL
589	8-F-2073	0.5962	0.5957	0.4057	0.4053	19862	0.334	0.005	6	0.078	19848	2	19721	20336	19852	NULL	19845	19839	NULL	NULL	NULL	1	NULL
590	8-F-2074	0.5962	0.5957	0.4007	0.4003	19863	0.334	0.005	6	0.078	19848	2	19721	20336	19852	NULL	19845	19839	NULL	NULL	NULL	1	NULL
591	8-F-2075	0.6012	0.6007	0.4057	0.4053	19867	0.334	0.005	6	0.078	19848	2	19721	20336	19852	NULL	19845	19839	NULL	NULL	NULL	1	NULL
592	8-F-2076	0.6696	0.6691	0.4805	0.4801	19857	0.345	0.005	6	0.062	19848	2	19721	20336	19852	NULL	19845	19839	NULL	NULL	NULL	1	NULL
593	8-F-2077	0.6746	0.6741	0.4855	0.4851	19861	0.345	0.005	6	0.062	19848	2	19721	20336	19852	NULL	19845	19839	NULL	NULL	NULL	1	NULL
594	8-F-2078	0.6746	0.6741	0.4805	0.4801	19862	0.345	0.005	6	0.062	19848	2	19721	20336	19852	NULL	19845	19839	NULL	NULL	NULL	1	NULL
595	8-F-2079	0.6746	0.6741	0.4755	0.4751	19863	0.345	0.005	6	0.062	19848	2	19721	20336	19852	NULL	19845	19839	NULL	NULL	NULL	1	NULL
596	8-F-2080	0.6796	0.6791	0.4805	0.4801	19867	0.345	0.005	6	0.062	19848	2	19721	20336	19852	NULL	19845	19839	NULL	NULL	NULL	1	NULL
597	8-F-2441	0.4544	0.4539	0.2922	0.2918	19856	0.260	0.005	6	0.054	19848	2	19721	20336	19852	NULL	19845	19839	NULL	NULL	NULL	1	NULL
598	8-F-2442	0.4544	0.4539	0.2782	0.2778	19857	0.260	0.005	6	0.054	19848	2	19721	20336	19852	NULL	19845	19839	NULL	NULL	NULL	1	NULL
599	8-F-2443	0.4544	0.4539	0.2822	0.2818	19858	0.260	0.005	6	0.054	19848	2	19721	20336	19852	NULL	19845	19839	NULL	NULL	NULL	1	NULL
600	8-F-2444	0.4594	0.4589	0.2922	0.2918	19861	0.260	0.005	6	0.054	19848	2	19721	20336	19852	NULL	19845	19839	NULL	NULL	NULL	1	NULL
601	8-F-2445	0.4594	0.4589	0.2872	0.2868	19862	0.260	0.005	6	0.054	19848	2	19721	20336	19852	NULL	19845	19839	NULL	NULL	NULL	1	NULL
602	8-F-2447	0.4644	0.4639	0.2922	0.2918	19866	0.260	0.005	6	0.054	19848	2	19721	20336	19852	NULL	19845	19839	NULL	NULL	NULL	1	NULL
603	8-F-2448	0.4644	0.4639	0.2872	0.2868	19867	0.260	0.005	6	0.054	19848	2	19721	20336	19852	NULL	19845	19839	NULL	NULL	NULL	1	NULL
604	8-F-2449	0.4644	0.4639	0.2822	0.2818	19868	0.260	0.005	6	0.054	19848	2	19721	20336	19852	NULL	19845	19839	NULL	NULL	NULL	1	NULL
605	8-F-2850	0.5962	0.5957	0.4059	0.4055	19862	0.295	0.005	6	0.070	19848	2	19721	20336	19852	NULL	19845	19839	NULL	NULL	NULL	1	NULL
606	8-F-2851	0.5962	0.5957	0.4009	0.4005	19863	0.295	0.005	6	0.070	19848	2	19721	20336	19852	NULL	19845	19839	NULL	NULL	NULL	1	NULL
607	8-F-3149	0.6112	0.6107	0.4107	0.4103	19876	0.334	0.005	6	0.078	19848	2	19721	20336	19852	NULL	19845	19839	NULL	NULL	NULL	1	NULL
608	8-F-3559	0.6300	0.6295	0.4501	0.4497	19856	0.468	0.005	6	0.095	19848	1	19721	20336	19852	NULL	19845	19839	NULL	NULL	NULL	1	NULL
609	8-F-4133	0.4544	0.4539	0.2822	0.2818	19856	0.260	0.005	6	0.087	19848	2	19721	20336	19852	NULL	19845	19839	NULL	NULL	NULL	1	NULL
610	8-F-4242	0.5368	0.5363	0.3556	0.3552	19856	0.315	0.005	6	0.068	19848	2	19721	20336	19852	NULL	19845	19839	NULL	NULL	NULL	1	NULL
611	8-F-5223	0.4930	0.4925	0.2930	0.2926	19856	1.204	0.005	2	0.098	19848	1	19720	20336	19852	NULL	19845	19839	NULL	NULL	NULL	1	NULL
612	8-G-0516	0.6271	0.6266	0.3950	0.3946	19856	0.352	0.005	6	0.093	19848	2	19721	20336	19852	NULL	19842	19839	NULL	NULL	NULL	1	NULL
613	8-G-0597	0.6371	0.6366	0.3950	0.3946	19868	0.352	0.005	6	0.093	19848	2	19721	20336	19852	NULL	19842	19839	NULL	NULL	NULL	1	NULL
614	8-G-0598	0.6321	0.6316	0.3900	0.3896	19862	0.352	0.005	6	0.093	19848	2	19721	20336	19852	NULL	19842	19839	NULL	NULL	NULL	1	NULL
615	8-G-0599	0.6321	0.6316	0.3950	0.3946	19861	0.352	0.005	6	0.093	19848	2	19721	20336	19852	NULL	19842	19839	NULL	NULL	NULL	1	NULL
616	8-G-0600	0.6271	0.6266	0.3850	0.3846	19858	0.352	0.005	6	0.093	19848	2	19721	20336	19852	NULL	19842	19839	NULL	NULL	NULL	1	NULL
617	8-G-0601	0.6271	0.6266	0.3850	0.3846	19857	0.352	0.005	6	0.093	19848	2	19721	20336	19852	NULL	19842	19839	NULL	NULL	NULL	1	NULL
618	8-G-0602	0.6371	0.6366	0.3950	0.3946	19866	0.352	0.005	6	0.093	19848	2	19721	20336	19852	NULL	19842	19839	NULL	NULL	NULL	1	NULL
619	8-G-0603	0.6371	0.6366	0.3900	0.3896	19867	0.352	0.005	6	0.093	19848	2	19721	20336	19852	NULL	19842	19839	NULL	NULL	NULL	1	NULL
620	8-G-0604	0.6321	0.6316	0.3850	0.3846	19863	0.352	0.005	6	0.093	19848	2	19721	20336	19852	NULL	19842	19839	NULL	NULL	NULL	1	NULL
621	8-G-0736	0.5327	0.5322	0.3361	0.3357	19856	0.353	0.005	6	0.089	19848	2	19721	20336	19852	NULL	19842	19839	NULL	NULL	NULL	1	NULL
622	8-G-1759	0.5327	0.5322	0.3311	0.3307	19857	0.353	0.005	6	0.089	19848	2	19721	20336	19852	NULL	19842	19839	NULL	NULL	NULL	1	NULL
623	8-G-1760	0.5327	0.5322	0.3261	0.3257	19858	0.353	0.005	6	0.089	19848	2	19721	20336	19852	NULL	19842	19839	NULL	NULL	NULL	1	NULL
624	8-G-1761	0.5377	0.5372	0.3361	0.3357	19861	0.353	0.005	6	0.089	19848	2	19721	20336	19852	NULL	19842	19839	NULL	NULL	NULL	1	NULL
625	8-G-1762	0.5377	0.5372	0.3311	0.3307	19862	0.353	0.005	6	0.089	19848	2	19721	20336	19852	NULL	19842	19839	NULL	NULL	NULL	1	NULL
626	8-G-1763	0.5377	0.5372	0.3261	0.3257	19863	0.353	0.005	6	0.089	19848	2	19721	20336	19852	NULL	19842	19839	NULL	NULL	NULL	1	NULL
627	8-G-1764	0.5427	0.5422	0.3361	0.3357	19866	0.353	0.005	6	0.089	19848	2	19721	20336	19852	NULL	19842	19839	NULL	NULL	NULL	1	NULL
628	8-G-1765	0.5427	0.5422	0.3311	0.3307	19867	0.353	0.005	6	0.089	19848	2	19721	20336	19852	NULL	19842	19839	NULL	NULL	NULL	1	NULL
629	8-G-1766	0.5427	0.5422	0.3261	0.3257	19868	0.353	0.005	6	0.089	19848	2	19721	20336	19852	NULL	19842	19839	NULL	NULL	NULL	1	NULL
630	8-G-2149	0.5325	0.5320	0.2965	0.2961	19856	0.353	0.005	6	0.094	19848	2	19721	20336	19852	NULL	19842	19839	NULL	NULL	NULL	1	NULL
631	8-G-2151	0.4697	0.4692	0.2961	0.2956	19856	0.313	0.005	6	0.089	19848	2	19721	20336	19852	NULL	19842	19839	NULL	NULL	NULL	1	NULL
632	8-G-2214	0.5375	0.5370	0.2965	0.2961	19861	0.353	0.005	6	0.094	19848	2	19721	20336	19852	NULL	19842	19839	NULL	NULL	NULL	1	NULL
633	8-G-2215	0.5375	0.5370	0.2910	0.2906	19862	0.353	0.005	6	0.094	19848	2	19721	20336	19852	NULL	19842	19839	NULL	NULL	NULL	1	NULL
634	8-G-2216	0.5375	0.5370	0.2910	0.2906	19857	0.353	0.005	6	0.094	19848	2	19721	20336	19852	NULL	19842	19839	NULL	NULL	NULL	1	NULL
635	8-G-2217	0.5425	0.5420	0.2960	0.2956	19866	0.353	0.005	6	0.094	19848	2	19721	20336	19852	NULL	19842	19839	NULL	NULL	NULL	1	NULL
636	8-G-2218	0.5325	0.5320	0.2860	0.2856	19858	0.353	0.005	6	0.094	19848	2	19721	20336	19852	NULL	19842	19839	NULL	NULL	NULL	1	NULL
637	8-G-2225	0.4747	0.4742	0.2961	0.2957	19861	0.313	0.005	6	0.089	19848	2	19721	20336	19852	NULL	19842	19839	NULL	NULL	NULL	1	NULL
638	8-G-2227	0.4697	0.4692	0.2911	0.2907	19857	0.313	0.005	6	0.089	19848	2	19721	20336	19852	NULL	19842	19839	NULL	NULL	NULL	1	NULL
639	8-G-2228	0.4797	0.4792	0.2961	0.2957	19866	0.313	0.005	6	0.089	19848	2	19721	20336	19852	NULL	19842	19839	NULL	NULL	NULL	1	NULL
640	8-G-2229	0.4797	0.4792	0.2911	0.2907	19867	0.313	0.005	6	0.089	19848	2	19721	20336	19852	NULL	19842	19839	NULL	NULL	NULL	1	NULL
641	8-G-2849	0.6421	0.6416	0.3950	0.3946	19871	0.352	0.005	6	0.093	19848	2	19721	20336	19852	NULL	19842	19839	NULL	NULL	NULL	1	NULL
642	8-G-2955	0.6421	0.6416	0.3900	0.3896	19872	0.352	0.005	6	0.093	19848	2	19721	20336	19852	NULL	19842	19839	NULL	NULL	NULL	1	NULL
643	8-G-2980	0.6471	0.6466	0.3950	0.3946	19876	0.352	0.005	6	0.093	19848	2	19721	20336	19852	NULL	19842	19839	NULL	NULL	NULL	1	NULL
644	8-G-3842	0.4704	0.4699	0.2966	0.2962	19856	0.275	0.005	6	0.078	19848	2	19721	20336	19852	NULL	19845	19839	NULL	NULL	NULL	1	NULL
645	8-G-4725	0.3760	0.3755	0.2370	0.2365	19856	0.274	0.005	6	0.050	19848	2	19721	20336	19852	NULL	19845	19839	NULL	NULL	NULL	1	NULL
646	8-G-4726	0.4705	0.4700	0.2970	0.2966	19856	0.274	0.005	6	0.050	19848	2	19721	20336	19852	NULL	19845	19839	NULL	NULL	NULL	1	NULL
647	8-G-4746	NULL	NULL	NULL	NULL	NULL	NULL	NULL	NULL	NULL	NULL	NULL	NULL	NULL	NULL	NULL	NULL	NULL	NULL	NULL	NULL	NULL	NULL
648	8-G-4780	0.4705	0.4700	0.2970	0.2966	19856	0.354	0.005	6	0.100	19848	2	19721	20336	19852	NULL	19845	19839	NULL	NULL	NULL	1	NULL
649	8-H-1232	1.2729	1.2724	0.7523	0.7518	19856	3.078	0.005	2	0.250	19849	1	19720	20336	19853	NULL	19842	19837	NULL	NULL	NULL	2	NULL
650	8-K-1001	0.4699	0.4694	0.3080	0.3076	19856	0.278	0.005	6	0.062	19848	2	19721	20336	19852	NULL	19845	19839	NULL	NULL	NULL	1	NULL
651	8-K-1234	0.5874	0.5869	0.3560	0.3556	19856	0.278	0.005	6	0.070	19848	2	19721	20336	19852	NULL	19845	19839	NULL	NULL	NULL	1	NULL
652	8-K-1734	0.5874	0.5869	0.3510	0.3506	19857	0.278	0.005	6	0.070	19848	2	19721	20336	19852	NULL	19845	19839	NULL	NULL	NULL	1	NULL
653	8-K-1735	0.5874	0.5869	0.3460	0.3456	19858	0.278	0.005	6	0.070	19848	2	19721	20336	19852	NULL	19845	19839	NULL	NULL	NULL	1	NULL
654	8-K-1736	0.5929	0.5924	0.3560	0.3556	19861	0.278	0.005	6	0.070	19848	2	19721	20336	19852	NULL	19845	19839	NULL	NULL	NULL	1	NULL
655	8-K-1737	0.5929	0.5924	0.3510	0.3506	19862	0.278	0.005	6	0.070	19848	2	19721	20336	19852	NULL	19845	19839	NULL	NULL	NULL	1	NULL
656	8-K-1738	0.5929	0.5924	0.3460	0.3456	19863	0.278	0.005	6	0.070	19848	2	19721	20336	19852	NULL	19845	19839	NULL	NULL	NULL	1	NULL
657	8-K-1739	0.5979	0.5974	0.3560	0.3556	19866	0.278	0.005	6	0.070	19848	2	19721	20336	19852	NULL	19845	19839	NULL	NULL	NULL	1	NULL
658	8-K-1740	0.5979	0.5974	0.3510	0.3506	19867	0.278	0.005	6	0.070	19848	2	19721	20336	19852	NULL	19845	19839	NULL	NULL	NULL	1	NULL
659	8-K-1750	0.5979	0.5974	0.3460	0.3456	19868	0.278	0.005	6	0.070	19848	2	19721	20336	19852	NULL	19845	19839	NULL	NULL	NULL	1	NULL
660	8-K-1751	0.4699	0.4694	0.3030	0.3026	19857	0.274	0.005	6	0.062	19848	2	19721	20336	19852	NULL	19845	19839	NULL	NULL	NULL	1	NULL
661	8-K-1752	0.4699	0.4694	0.2980	0.2976	19858	0.274	0.005	6	0.062	19848	2	19721	20336	19852	NULL	19845	19839	NULL	NULL	NULL	1	NULL
662	8-K-1753	0.4749	0.4744	0.3080	0.3076	19861	0.274	0.005	6	0.062	19848	2	19721	20336	19852	NULL	19845	19839	NULL	NULL	NULL	1	NULL
663	8-K-1754	0.4749	0.4744	0.3030	0.3026	19862	0.274	0.005	6	0.062	19848	2	19721	20336	19852	NULL	19845	19839	NULL	NULL	NULL	1	NULL
664	8-K-1756	0.4799	0.4794	0.3080	0.3076	19866	0.274	0.005	6	0.062	19848	2	19721	20336	19852	NULL	19845	19839	NULL	NULL	NULL	1	NULL
665	8-K-1757	0.4799	0.4794	0.3030	0.3026	19867	0.274	0.005	6	0.062	19848	2	19721	20336	19852	NULL	19845	19839	NULL	NULL	NULL	1	NULL
666	8-K-1758	0.4799	0.4794	0.2980	0.2976	19868	0.274	0.005	6	0.062	19848	2	19721	20336	19852	NULL	19845	19839	NULL	NULL	NULL	1	NULL
667	8-L-2243	0.9035	0.9030	0.5905	0.5901	19856	2.716	0.005	12	0.078	19848	1	19721	20336	19852	NULL	19842	19837	NULL	NULL	NULL	2	NULL
668	8-L-2244	0.9135	0.9130	0.5805	0.5801	19868	2.716	0.005	12	0.078	19848	1	19721	20336	19852	NULL	19842	19837	NULL	NULL	NULL	2	NULL
669	8-L-2245	NULL	NULL	NULL	NULL	NULL	NULL	NULL	NULL	NULL	NULL	NULL	NULL	NULL	NULL	NULL	NULL	NULL	NULL	NULL	NULL	NULL	NULL
670	8-L-2246	0.9035	0.9030	0.5805	0.5801	19858	2.716	0.005	12	0.078	19848	1	19721	20336	19852	NULL	19842	19837	NULL	NULL	NULL	2	NULL
671	8-L-2251	1.1781	1.1777	0.7872	0.7868	19856	3.132	0.005	16	0.080	19848	1	19721	20336	19852	NULL	19842	19837	NULL	NULL	NULL	2	NULL
672	8-L-2252	1.1881	1.1877	0.7772	0.7768	19868	3.132	0.005	16	0.080	19848	1	19721	20336	19852	NULL	19842	19837	NULL	NULL	NULL	2	NULL
673	8-L-2253	1.1881	1.1877	0.7872	0.7868	19866	3.132	0.005	16	0.080	19848	1	19721	20336	19852	NULL	19842	19837	NULL	NULL	NULL	2	NULL
674	8-L-2254	1.1785	1.1780	0.7805	0.7801	19858	3.130	0.005	16	0.078	19848	1	19721	20336	19852	NULL	19842	19837	NULL	NULL	NULL	2	NULL
675	8-L-2260	0.9920	0.9915	0.6691	0.6687	19856	2.990	0.005	16	0.078	19848	1	19721	20336	19852	NULL	19842	19837	NULL	NULL	NULL	2	NULL
676	8-L-2262	1.0020	1.0015	0.6691	0.6687	19866	2.990	0.005	16	0.078	19848	1	19721	20336	19852	NULL	19842	19837	NULL	NULL	NULL	2	NULL
677	8-L-2263	0.9920	0.9915	0.6591	0.6587	19858	2.990	0.005	16	0.078	19848	1	19721	20336	19852	NULL	19842	19837	NULL	NULL	NULL	2	NULL
678	8-L-4181	0.9803	0.9798	0.5903	0.5898	19856	2.990	0.005	16	0.078	19848	1	19721	20336	19852	NULL	19845	19839	NULL	NULL	NULL	2	NULL
679	9-Z-9999	NULL	NULL	NULL	NULL	NULL	NULL	NULL	NULL	NULL	NULL	NULL	NULL	NULL	NULL	NULL	NULL	NULL	NULL	NULL	NULL	NULL	NULL
