id	part	cd_inducer_dia_a	cd_inducer_dia_a_tol	cd_exducer_dia_b	cd_exducer_dia_b_tol	cd_tip_height_c	cd_tip_height_c_tol	cd_platform_height_h	cd_shroud_type	cd_blade_height	cd_blade_count	cd_journal_type	cd_max_journal_diameter_d	cd_min_journal_diameter_d	cd_max_stem_diameter_e	cd_min_stem_diameter_e	cd_stem_length_f	cd_stem_length_f_tol	cd_thread_hand	cd_thread_length_g	cd_piston_ring_groove_major_dia_i	cd_piston_ring_groove_major_dia_i_tol	cd_piston_ring_groove_minor_dia_j	cd_piston_ring_groove_minor_dia_j_tol	cd_piston_ring_groove_width_k	cd_piston_ring_groove_width_k_tol	cd_2nd_piston_ring_groove_major_dia	cd_2nd_piston_ring_groove_major_dia_tol	cd_2nd_piston_ring_groove_minor_dia	cd_2nd_piston_ring_groove_minor_dia_tol	cd_2nd_piston_ring_groove_width	cd_2nd_piston_ring_groove_width_tol	cd_rotation	cd_weight	cd_thread	cd_extended_tips	cd_diagram_
1	2-A-0296	2.324	0.005	1.800	0.002	0.385	0.005	2.63	20376	3.02	11	19892	0.3999	0.3996	0.2499	0.2496	2.71	0.01	20402	0.95	0.684	0.003	0.566	0.005	0.066	0.001	-99.000	0.003	-99.000	0.005	-99.000	0.001	20336	261.8	20520	NULL	NULL
2	2-A-1051	1.855	0.005	1.397	0.002	0.300	0.005	2.06	20376	2.36	11	19892	0.3621	0.3618	0.2362	0.2359	1.96	0.01	20403	1.55	0.602	0.003	0.498	0.005	0.065	0.001	-99.000	0.003	-99.000	0.005	-99.000	0.001	20336	123.3	20908	NULL	NULL
3	2-A-1889	2.559	0.005	1.819	0.002	0.382	0.005	2.64	20376	3.02	11	19892	0.4000	0.3997	0.2497	0.2494	2.45	0.01	20403	0.51	0.682	0.003	0.570	0.005	0.067	0.001	-99.000	0.003	-99.000	0.005	-99.000	0.001	20336	270.0	20520	NULL	NULL
4	2-A-1890	2.642	0.005	1.933	0.002	0.400	0.005	2.64	20376	3.04	11	19891	0.4000	0.3997	0.2497	0.2494	2.66	0.01	20403	0.80	0.682	0.003	0.570	0.005	0.067	0.001	-99.000	0.003	-99.000	0.005	-99.000	0.001	20336	257.0	20520	NULL	NULL
5	2-A-1893	2.336	0.005	1.894	0.002	0.436	0.005	2.64	20376	3.08	11	19892	0.4000	0.3997	0.2500	0.2497	2.68	0.01	20403	0.80	0.682	0.003	0.570	0.005	0.067	0.001	-99.000	0.003	-99.000	0.005	-99.000	0.001	20336	263.0	20520	NULL	NULL
6	2-A-1894	2.319	0.005	1.917	0.002	0.438	0.005	2.64	20376	3.08	11	19892	0.4000	0.3997	0.2499	0.2496	2.64	0.01	20403	0.76	0.682	0.003	0.570	0.005	0.067	0.001	-99.000	0.003	-99.000	0.005	-99.000	0.001	20336	261.0	20520	NULL	NULL
7	2-A-1916	NULL	NULL	NULL	NULL	NULL	NULL	NULL	NULL	NULL	NULL	NULL	NULL	NULL	NULL	NULL	NULL	NULL	NULL	NULL	NULL	NULL	NULL	NULL	NULL	NULL	NULL	NULL	NULL	NULL	NULL	NULL	NULL	NULL	NULL	NULL	NULL
8	2-A-2048	2.556	0.005	2.230	0.002	0.367	0.005	2.64	20376	3.01	11	19891	0.4000	0.3997	0.2497	0.2494	2.65	0.01	20403	0.75	0.682	NULL	0.570	NULL	0.067	0.001	-99.000	0.003	-99.000	0.005	-99.000	0.001	20336	278.0	20520	NULL	NULL
9	2-A-2175	1.665	0.005	1.268	0.002	0.233	0.005	1.67	20376	1.91	10	19891	0.3101	0.3098	0.2001	0.1998	1.84	0.01	20403	0.42	0.600	0.003	0.500	0.005	0.067	0.001	-99.000	0.003	-99.000	0.005	-99.000	0.001	20336	85.6	20896	NULL	NULL
10	2-A-2335	1.850	0.005	1.319	0.002	0.255	0.005	2.07	20376	2.33	11	19891	0.3621	0.3618	0.2362	0.2359	1.97	0.01	20403	0.50	0.602	0.003	0.498	0.005	0.067	0.001	-99.000	0.003	-99.000	0.005	-99.000	0.001	20336	118.0	20908	NULL	NULL
11	2-A-2337	1.850	0.005	1.531	0.002	0.213	0.005	2.07	20376	2.29	11	19891	0.3621	0.3618	0.2362	0.2359	1.95	0.01	20403	0.38	0.602	0.003	0.498	0.005	0.067	0.001	-99.000	0.003	-99.000	0.005	-99.000	0.001	20336	121.2	20908	NULL	NULL
12	2-A-2338	2.079	0.005	1.548	0.002	0.224	0.005	2.06	20376	2.29	11	19891	0.3621	0.3618	0.2362	0.2359	1.96	0.01	20403	0.42	0.602	0.003	0.498	0.005	0.067	0.001	-99.000	0.003	-99.000	0.005	-99.000	0.001	20336	151.0	20908	NULL	NULL
13	2-A-2507	2.087	0.005	1.520	0.002	0.291	0.005	2.06	20376	2.35	9	19891	0.3621	0.3618	0.2362	0.2359	1.96	0.01	20403	0.42	0.602	0.003	0.498	0.005	0.067	0.001	-99.000	0.003	-99.000	0.005	-99.000	0.001	20336	133.0	20908	NULL	NULL
14	2-A-2508	1.853	0.005	1.612	0.002	0.259	0.005	2.06	20376	2.32	11	19891	0.3621	0.3618	0.2362	0.2359	1.96	0.01	20403	0.41	0.602	0.003	0.498	0.005	0.067	0.001	-99.000	0.003	-99.000	0.005	-99.000	0.001	20336	143.0	20908	NULL	NULL
15	2-A-2528	2.560	0.005	1.934	0.002	0.410	0.005	2.64	20376	3.05	11	19891	0.4000	0.3997	0.2499	0.2496	2.64	0.01	20403	0.78	0.682	0.003	0.568	0.005	0.067	0.001	-99.000	0.003	-99.000	0.005	-99.000	0.001	20336	249.8	20520	NULL	NULL
16	2-A-2617	2.556	0.005	2.120	0.002	0.351	0.005	2.65	20376	3.00	11	19892	0.4000	0.3997	0.2497	0.2494	2.65	0.01	20403	0.75	0.682	0.003	0.570	0.005	0.067	0.001	-99.000	0.003	-99.000	0.005	-99.000	0.001	20336	283.1	20520	NULL	NULL
17	2-A-3166	4.386	0.005	3.823	0.002	0.630	0.005	3.69	20376	4.32	11	19891	0.6254	0.6251	0.3752	0.3749	3.49	0.01	20402	1.34	0.796	0.003	0.680	0.005	0.067	0.001	-99.000	0.003	-99.000	0.005	-99.000	0.001	20336	1255.0	20572	NULL	NULL
18	2-A-3167	4.386	0.005	3.454	0.002	0.549	0.005	3.69	20376	4.24	11	19891	0.6254	0.6251	0.3752	0.3749	3.45	0.01	20402	1.15	0.796	0.003	0.680	0.005	0.067	0.001	-99.000	0.003	-99.000	0.005	-99.000	0.001	20336	1383.0	20572	NULL	NULL
19	2-A-3168	4.129	0.005	3.654	0.002	0.594	0.005	3.69	20376	4.28	11	19891	0.6254	0.6251	0.3752	0.3749	3.49	0.01	20402	1.23	0.796	0.003	0.690	0.005	0.067	0.001	-99.000	0.003	-99.000	0.005	-99.000	0.001	20336	1390.0	20572	NULL	NULL
20	2-A-3255	1.693	0.005	1.476	0.002	0.242	0.005	1.67	20376	1.92	9	19891	0.3101	0.3098	0.2001	0.1998	1.97	0.01	20403	0.60	0.600	0.003	0.500	0.005	0.065	0.001	-99.000	0.003	-99.000	0.005	-99.000	0.001	20336	107.9	20896	NULL	NULL
21	2-A-3257	1.693	0.005	1.418	0.002	0.241	0.005	1.67	20376	1.94	9	19891	0.3101	0.3098	0.2001	0.1998	1.97	0.01	20403	0.60	0.600	0.003	0.500	0.005	0.065	0.001	-99.000	0.003	-99.000	0.005	-99.000	0.001	20336	106.6	20896	NULL	NULL
22	2-A-3260	1.754	0.005	1.476	0.002	0.290	0.005	1.67	20376	1.96	9	19891	0.3101	0.3098	0.2001	0.1998	1.97	0.01	20403	0.60	0.600	0.003	0.500	0.005	0.065	0.001	-99.000	0.003	-99.000	0.005	-99.000	0.001	20336	118.7	20896	NULL	NULL
23	2-A-3265	1.850	0.005	1.520	0.002	0.303	0.005	2.06	20376	2.37	9	19892	0.3621	0.3618	0.2362	0.2359	1.96	0.01	20403	0.41	0.602	0.003	0.498	0.005	0.065	0.001	-99.000	0.003	-99.000	0.005	-99.000	0.001	20336	135.0	20908	NULL	NULL
24	2-A-3266	1.968	0.005	1.804	0.002	0.345	0.005	1.67	20376	2.02	9	19891	0.3101	0.3098	0.2001	0.1998	2.21	0.01	20403	0.47	0.602	0.003	0.500	0.005	0.065	0.001	-99.000	0.003	-99.000	0.005	-99.000	0.001	20336	165.5	20896	NULL	NULL
25	2-A-3320	1.625	0.005	1.334	0.002	0.284	0.005	1.67	20376	1.96	9	19891	0.3101	0.3098	0.2001	0.1998	1.97	0.01	20403	0.60	0.600	0.003	0.500	0.005	0.065	0.001	-99.000	0.003	-99.000	0.005	-99.000	0.001	20336	93.5	20896	NULL	NULL
26	2-A-3321	2.076	0.005	1.642	0.002	0.249	0.005	2.06	20376	2.31	11	19891	0.3621	0.3618	0.2362	0.2359	1.96	0.01	20403	0.45	0.602	0.003	0.498	0.005	0.065	0.001	-99.000	0.003	-99.000	0.005	-99.000	0.001	20336	154.1	20908	NULL	NULL
27	2-A-3342	2.087	0.005	1.849	0.002	0.289	0.005	2.06	20376	2.35	9	19891	0.3621	0.3618	0.2362	0.2359	1.96	0.01	20403	0.41	0.602	0.003	0.498	0.005	0.065	0.001	-99.000	0.003	-99.000	0.005	-99.000	0.001	20336	187.0	20908	NULL	NULL
28	2-A-3344	1.745	0.005	1.569	0.002	0.322	0.005	1.67	20376	2.00	9	19891	0.3101	0.3098	0.2001	0.1998	1.97	0.01	20403	0.56	0.600	0.003	0.500	0.005	0.065	0.001	-99.000	0.003	-99.000	0.005	-99.000	0.001	20336	119.6	20896	NULL	NULL
29	2-A-3456	4.386	0.005	3.454	0.002	0.550	0.005	3.69	20376	4.24	11	19891	0.6254	0.6251	0.3752	0.3749	3.45	0.01	20402	1.15	0.796	0.003	0.680	0.005	0.067	0.001	-99.000	0.003	-99.000	0.005	-99.000	0.001	20336	1242.9	20572	NULL	NULL
30	2-A-3468	2.119	0.005	1.849	0.002	0.360	0.005	2.07	20376	2.43	9	19891	0.3621	0.3618	0.2362	0.2359	1.96	0.01	20403	0.41	0.602	0.003	0.498	0.005	0.065	0.001	-99.000	0.003	-99.000	0.005	-99.000	0.001	20336	179.4	20908	NULL	NULL
31	2-A-3508	1.622	0.005	1.378	0.002	0.278	0.005	1.67	20376	1.95	9	19891	0.3101	0.3098	0.2001	0.1998	1.97	0.01	20403	0.60	0.600	0.003	0.500	0.005	0.065	0.001	-99.000	0.003	-99.000	0.005	-99.000	0.001	20336	93.5	20896	NULL	NULL
32	2-A-3568	1.966	0.005	1.804	0.002	0.353	0.005	1.67	20376	2.02	9	19891	0.3100	0.3097	0.2000	0.1997	1.67	0.01	20403	0.38	0.602	0.003	0.500	0.005	0.072	0.001	-99.000	0.003	-99.000	0.005	-99.000	0.001	20336	160.0	20896	NULL	NULL
33	2-A-3582	NULL	NULL	NULL	NULL	NULL	NULL	NULL	NULL	NULL	NULL	NULL	NULL	NULL	NULL	NULL	NULL	NULL	NULL	NULL	NULL	NULL	NULL	NULL	NULL	NULL	NULL	NULL	NULL	NULL	NULL	NULL	NULL	NULL	NULL	NULL	NULL
34	2-A-3583	1.980	0.005	1.681	0.002	0.336	0.005	1.67	20376	2.01	9	19891	0.3101	0.3098	0.2001	0.1998	1.97	0.01	20403	0.56	0.600	0.003	0.500	0.005	0.065	0.001	-99.000	0.003	-99.000	0.005	-99.000	0.001	20336	114.1	20896	NULL	NULL
35	2-A-3695	1.980	0.005	1.681	0.002	0.321	0.005	1.67	20376	1.99	9	19891	0.3101	0.3098	0.2001	0.1998	2.21	0.01	20403	0.47	0.602	NULL	0.500	NULL	0.065	0.001	-99.000	0.003	-99.000	0.005	-99.000	0.001	20336	133.1	20896	NULL	NULL
36	2-A-3741	NULL	NULL	NULL	NULL	NULL	NULL	NULL	NULL	NULL	NULL	NULL	NULL	NULL	NULL	NULL	NULL	NULL	NULL	NULL	NULL	NULL	NULL	NULL	NULL	NULL	NULL	NULL	NULL	NULL	NULL	NULL	NULL	NULL	NULL	NULL	NULL
37	2-A-3754	1.740	0.005	1.476	0.002	0.296	0.005	1.67	20376	1.97	9	19891	0.3101	0.3098	0.2001	0.1998	1.97	0.01	20403	0.60	0.600	0.003	0.500	0.005	0.065	0.001	-99.000	0.003	-99.000	0.005	-99.000	0.001	20336	107.4	20896	NULL	NULL
38	2-A-3829	1.693	0.005	1.418	0.002	0.228	0.005	1.67	20376	1.90	9	19891	0.3101	0.3098	0.2001	0.1998	1.97	0.01	20403	0.60	0.600	0.003	0.500	0.005	0.065	0.001	-99.000	0.003	-99.000	0.005	-99.000	0.001	20336	109.0	20896	NULL	NULL
39	2-A-3915	1.743	0.005	1.516	0.002	0.296	0.005	1.67	20376	1.97	9	19891	0.3101	0.3098	0.2001	0.1998	1.97	0.01	20403	0.60	0.600	NULL	0.500	NULL	0.065	0.001	-99.000	0.003	-99.000	0.005	-99.000	0.001	20336	108.7	20896	NULL	NULL
40	2-A-3999	1.966	0.005	1.670	0.002	0.324	0.005	1.67	20376	1.99	9	19891	0.3101	0.3098	0.2001	0.1998	2.21	0.01	20403	0.50	0.600	0.003	0.500	0.005	0.065	0.001	-99.000	0.003	-99.000	0.005	-99.000	0.001	20336	162.6	20896	NULL	NULL
41	2-A-4006	1.730	0.005	1.465	0.002	0.228	0.005	1.67	20376	1.90	12	19891	0.3101	0.3098	0.2001	0.1998	1.97	0.01	20403	0.60	0.600	0.003	0.500	0.005	0.065	0.001	-99.000	0.003	-99.000	0.005	-99.000	0.001	20336	104.1	20896	NULL	NULL
42	2-A-4304	1.652	0.005	1.508	0.002	0.213	0.005	1.67	20376	1.89	12	19891	0.3101	0.3098	0.2001	0.1998	1.83	0.01	20403	0.55	0.600	0.003	0.500	0.005	0.065	0.001	-99.000	0.003	-99.000	0.005	-99.000	0.001	20336	111.9	20896	NULL	NULL
43	2-A-4365	2.015	0.005	1.849	0.002	0.365	0.005	1.67	20376	2.04	9	19891	0.3101	0.3098	0.2001	0.1998	2.21	0.01	20403	0.47	0.602	0.003	0.500	0.005	0.065	0.001	-99.000	0.003	-99.000	0.005	-99.000	0.001	20336	173.3	20896	NULL	NULL
44	2-A-4395	1.532	0.005	1.304	0.002	0.212	0.005	1.67	20376	1.88	11	19891	0.2559	0.2556	0.1999	0.1996	1.99	0.01	20403	0.60	0.601	0.003	0.497	0.005	0.066	0.001	-99.000	0.003	-99.000	0.005	-99.000	0.001	20336	79.6	20896	NULL	NULL
45	2-A-4399	NULL	NULL	NULL	NULL	NULL	NULL	NULL	NULL	NULL	NULL	NULL	NULL	NULL	NULL	NULL	NULL	NULL	NULL	NULL	NULL	NULL	NULL	NULL	NULL	NULL	NULL	NULL	NULL	NULL	NULL	NULL	NULL	NULL	NULL	NULL	NULL
46	2-A-4401	1.575	0.005	1.575	0.002	-99.000	0.005	1.67	20375	-99.00	9	19891	0.3101	0.3098	0.2001	0.1998	1.99	0.01	20403	0.58	0.600	0.003	0.500	0.005	0.067	0.001	-99.000	0.003	-99.000	0.005	-99.000	0.001	20336	138.4	20896	NULL	NULL
47	2-A-4409	1.694	0.005	1.384	0.002	0.244	0.005	1.67	20376	1.91	9	19891	0.3101	0.3098	0.2001	0.1998	1.97	0.01	20403	0.60	0.602	0.003	0.497	0.005	0.065	0.001	-99.000	0.003	-99.000	0.005	-99.000	0.001	20336	101.2	20896	NULL	NULL
48	2-A-4413	1.852	0.005	1.517	0.002	0.310	0.005	1.67	20376	1.98	9	19891	0.3101	0.3098	0.2001	0.1998	1.97	0.01	20403	0.60	0.603	0.003	0.503	0.005	0.066	0.001	-99.000	0.003	-99.000	0.005	-99.000	0.001	20336	136.4	20896	NULL	NULL
49	2-A-4421	1.613	0.005	1.339	0.002	0.256	0.005	1.67	20376	1.92	9	19891	0.3101	0.3098	0.2001	0.1998	1.99	0.01	20403	0.61	0.601	NULL	0.497	NULL	0.065	0.001	-99.000	0.003	-99.000	0.005	-99.000	0.001	20336	87.9	20896	NULL	NULL
50	2-A-4451	1.691	0.005	1.551	0.002	0.325	0.005	1.67	20376	2.00	9	19892	0.3101	0.3098	0.2001	0.1998	0.20	0.01	20403	0.69	0.602	0.003	0.499	0.005	0.066	0.001	-99.000	0.003	-99.000	0.005	-99.000	0.001	20336	122.0	20896	NULL	NULL
51	2-A-4530	1.693	0.005	1.477	0.002	0.249	0.005	1.67	20376	1.92	9	19891	0.3101	0.3098	0.2001	0.1998	1.98	0.01	20403	0.69	0.600	0.003	0.500	0.005	0.065	0.001	-99.000	0.003	-99.000	0.005	-99.000	0.001	20336	108.5	20896	0	NULL
52	2-A-4531	1.683	0.005	1.556	0.002	0.355	0.005	1.67	20375	2.02	9	19891	0.3101	0.3098	0.2001	0.1998	1.97	0.01	20403	0.69	0.600	0.003	0.500	0.005	0.067	0.001	-99.000	0.003	-99.000	0.005	-99.000	0.001	20336	123.4	20896	0	NULL
53	2-A-4532	1.693	0.005	1.555	0.002	0.354	0.005	1.67	20375	2.02	11	19891	0.3101	0.3098	0.2001	0.1998	1.97	0.01	20403	0.74	0.600	0.003	0.500	0.005	0.066	0.001	0.600	0.003	0.500	0.005	0.066	0.001	20336	118.2	20896	0	NULL
54	2-A-4533	1.693	0.005	1.496	0.002	0.290	0.005	1.66	20376	1.95	9	19891	0.3101	0.3098	0.2001	0.1998	1.97	0.01	20403	0.72	0.600	0.003	0.500	0.005	0.066	0.001	-99.000	0.003	-99.000	0.005	-99.000	0.001	20336	119.7	20896	0	NULL
55	2-A-4534	1.692	0.005	1.476	0.002	0.240	0.005	1.67	20376	1.91	9	19891	0.3101	0.3098	0.2001	0.1998	1.97	0.01	20403	0.72	0.600	0.003	0.500	0.005	0.065	0.001	-99.000	0.003	-99.000	0.005	-99.000	0.001	20336	120.2	20896	0	NULL
56	2-A-4535	1.693	0.005	1.457	0.002	0.314	0.005	1.67	20375	1.98	9	19891	0.3101	0.3098	0.2001	0.1998	1.97	0.01	20403	0.72	0.600	0.003	0.500	0.005	0.065	0.001	-99.000	0.003	-99.000	0.005	-99.000	0.001	20336	118.3	20896	0	NULL
57	2-A-4536	1.692	0.005	1.496	0.002	0.311	0.005	1.67	20376	1.98	9	19891	0.3101	0.3098	0.2001	0.1998	1.97	0.01	20403	0.72	0.600	0.003	0.495	0.005	0.065	0.001	-99.000	0.003	-99.000	0.005	-99.000	0.001	20336	119.3	20896	0	NULL
58	2-A-4537	1.693	0.005	1.472	0.002	0.350	0.005	1.67	20375	NULL	9	19891	NULL	-0.0003	NULL	-0.0003	NULL	0.01	20403	NULL	NULL	0.003	NULL	0.005	NULL	0.001	0.600	0.003	0.500	0.005	0.067	0.001	20336	121.7	20896	0	NULL
59	2-A-4538	1.850	0.005	1.519	0.002	0.319	0.005	1.67	20376	1.99	9	19891	0.3101	0.3098	0.2001	0.1998	1.98	0.01	20403	0.72	0.600	0.003	0.500	0.005	0.065	0.001	-99.000	0.003	-99.000	0.005	-99.000	0.001	20336	139.1	20896	0	NULL
60	2-A-4539	3.012	0.005	2.672	0.002	0.480	0.005	2.64	20376	3.12	10	19891	0.4000	0.3997	0.2498	0.2495	2.65	0.01	20402	0.60	0.679	0.003	0.568	0.005	0.066	0.001	-99.000	0.003	-99.000	0.005	-99.000	0.001	20337	399.0	20520	0	NULL
61	2-A-4540	1.969	0.005	1.681	0.002	0.309	0.005	1.67	20376	1.98	9	19891	0.3101	0.3098	0.2001	0.1998	1.98	0.01	20403	0.72	0.600	0.003	0.500	0.005	0.065	0.001	-99.000	0.003	-99.000	0.005	-99.000	0.001	20336	141.2	20896	0	NULL
62	2-A-4541	3.012	0.005	2.748	0.002	0.522	0.005	2.64	20376	3.16	10	19891	0.4000	0.3997	0.2500	0.2497	2.63	0.01	20402	0.66	0.680	0.003	0.627	0.005	0.070	0.001	-99.000	0.003	-99.000	0.005	-99.000	0.001	20337	403.8	20520	0	NULL
63	2-A-4542	1.693	0.005	1.477	0.002	0.330	0.005	1.67	20376	2.00	9	19891	0.3101	0.3098	0.2001	0.1998	1.97	0.01	20403	0.72	0.600	0.003	0.500	0.005	0.065	0.001	-99.000	0.003	-99.000	0.005	-99.000	0.001	20336	111.4	20896	0	NULL
64	2-A-4889	1.655	0.005	1.267	0.002	0.237	0.005	1.67	20376	1.90	10	19891	0.2561	0.2558	0.2001	0.1998	1.98	0.01	20403	0.72	0.600	0.003	0.500	0.005	0.065	0.001	-99.000	0.003	-99.000	0.005	-99.000	0.001	20336	79.5	20896	0	NULL
65	2-A-4890	1.977	0.005	1.681	0.002	0.340	0.005	2.07	20376	2.41	9	19892	0.3620	0.3617	0.2361	0.2358	1.91	0.01	20403	0.35	0.600	0.003	0.500	0.005	0.065	0.001	-99.000	0.003	-99.000	0.005	-99.000	0.001	20336	155.6	20908	0	NULL
66	2-A-4891	2.087	0.005	1.820	0.002	0.327	0.005	2.06	20376	2.39	10	19891	0.3620	0.3617	0.2361	0.2358	1.91	0.01	20403	0.40	0.600	0.003	0.500	0.005	0.066	0.001	-99.000	0.003	-99.000	0.005	-99.000	0.001	20336	161.6	20908	0	NULL
67	2-A-4892	1.537	0.005	1.298	0.002	0.188	0.005	1.67	20376	1.86	12	19891	0.2556	0.2553	0.2000	0.1997	1.98	0.01	20403	0.72	0.600	0.003	0.500	0.005	0.065	0.001	-99.000	0.003	-99.000	0.005	-99.000	0.001	20336	74.7	20896	0	NULL
68	2-A-4893	1.850	0.005	1.574	0.002	0.293	0.005	1.67	20376	1.96	12	19891	0.3101	0.3098	0.2001	0.1998	1.98	0.01	20403	0.72	0.600	0.003	0.500	0.005	0.065	0.001	-99.000	0.003	-99.000	0.005	-99.000	0.001	20336	111.3	20896	0	NULL
69	2-A-4894	NULL	NULL	NULL	NULL	NULL	NULL	NULL	NULL	NULL	NULL	NULL	NULL	NULL	NULL	NULL	NULL	NULL	NULL	NULL	NULL	NULL	NULL	NULL	NULL	NULL	NULL	NULL	NULL	NULL	NULL	NULL	NULL	NULL	NULL	NULL	NULL
70	2-A-4895	1.848	0.005	1.574	0.002	0.241	0.005	1.67	20376	1.91	12	19891	0.3101	0.3098	0.2001	0.1998	1.97	0.01	20403	0.72	0.600	0.003	0.500	0.005	0.065	0.001	-99.000	0.003	-99.000	0.005	-99.000	0.001	20336	110.0	20896	0	NULL
71	2-A-4897	1.535	0.005	1.173	0.002	0.205	0.005	1.67	20376	1.87	11	19891	0.2557	0.2554	0.2001	0.1998	1.97	0.01	20403	0.72	0.600	0.003	0.500	0.005	0.065	0.001	-99.000	0.003	-99.000	0.005	-99.000	0.001	20336	76.5	20896	0	NULL
72	2-A-4932	1.398	0.005	1.118	0.002	0.158	0.005	1.46	20376	1.62	12	19891	0.2362	0.2359	0.1602	0.1599	1.36	0.01	20403	0.48	0.470	0.003	0.382	0.005	0.050	0.001	-99.000	0.003	-99.000	0.005	-99.000	0.001	20336	55.1	20888	0	NULL
73	2-A-4933	1.396	0.005	1.183	0.002	0.163	0.005	1.47	20376	1.64	12	19891	0.2362	0.2359	0.1609	0.1606	1.55	0.01	20403	0.67	0.470	0.003	0.382	0.005	0.050	0.001	-99.000	0.003	-99.000	0.005	-99.000	0.001	20336	56.1	20888	0	NULL
74	2-A-4934	1.748	0.005	1.571	0.002	0.372	0.005	1.67	20376	1.99	9	19891	0.3101	0.3098	0.2001	0.1998	1.99	0.01	20403	0.75	0.600	NULL	0.500	NULL	0.065	0.001	-99.000	0.003	-99.000	0.005	-99.000	0.001	20336	117.8	20896	0	NULL
75	2-A-4935	1.748	0.005	1.571	0.002	0.328	0.005	1.67	20376	1.99	9	19891	0.3101	0.3098	0.2001	0.1998	1.99	0.01	20403	0.75	0.600	0.003	0.500	0.005	0.066	0.001	0.600	0.003	0.500	0.005	0.066	0.001	20336	117.2	20896	0	NULL
76	2-A-4936	1.850	0.005	1.510	0.002	0.338	0.005	1.67	20376	2.01	9	19891	0.3101	0.3098	0.2001	0.1998	1.98	0.01	20403	0.75	0.600	0.003	0.500	0.005	0.066	0.001	-99.000	0.003	-99.000	0.005	-99.000	0.001	20336	119.3	20896	0	NULL
77	2-A-4937	1.850	0.005	1.681	0.002	0.365	0.005	1.67	20376	2.04	12	19891	0.3101	0.3098	0.2001	0.1998	2.23	0.01	20403	0.66	0.600	0.003	0.500	0.005	0.065	0.001	-99.000	0.003	-99.000	0.005	-99.000	0.001	20336	124.6	20896	0	NULL
78	2-A-4938	1.969	0.005	1.681	0.002	0.300	0.005	1.67	20376	1.97	9	19891	0.3101	0.3098	0.2001	0.1998	2.21	0.01	20403	0.68	0.600	0.003	0.500	0.005	0.067	0.001	-99.000	0.003	-99.000	0.005	-99.000	0.001	20336	142.8	20896	0	NULL
79	2-A-4939	1.980	0.005	1.673	0.002	0.328	0.005	1.67	20376	2.00	12	19891	0.3101	0.3098	0.2001	0.1998	2.21	0.01	20403	0.64	0.600	0.003	0.500	0.005	0.067	0.001	-99.000	0.003	-99.000	0.005	-99.000	0.001	20336	157.5	20896	0	NULL
80	2-A-4940	1.965	0.005	1.807	0.002	0.377	0.005	1.67	20376	2.04	9	19891	0.3101	0.3098	0.2001	0.1998	2.21	0.01	20403	0.64	0.600	0.003	0.500	0.005	0.067	0.001	-99.000	0.003	-99.000	0.005	-99.000	0.001	20336	170.0	20896	0	NULL
81	2-A-5186	1.850	0.005	1.571	0.002	0.331	0.005	1.66	20376	1.99	9	19891	0.3101	0.3098	0.2001	0.1998	1.98	0.01	20403	0.74	0.600	0.003	0.500	0.005	0.065	0.001	-99.000	0.003	-99.000	0.005	-99.000	0.001	20336	120.2	20896	0	NULL
82	2-A-5193	1.864	0.005	1.522	0.002	0.310	0.005	1.67	20376	1.98	9	19891	0.3101	0.3098	0.2001	0.1998	2.00	0.01	20403	0.73	0.600	0.003	0.500	0.005	0.065	0.001	0.600	0.003	0.500	0.005	0.051	0.001	20336	121.0	20896	0	NULL
83	2-A-5233	1.615	0.005	1.398	0.002	0.321	0.005	1.67	20375	1.99	9	19891	0.3101	0.3098	0.2001	0.1998	1.98	0.01	20403	0.75	0.600	0.003	0.500	0.005	0.066	0.001	0.600	0.003	0.500	0.005	0.066	0.001	20336	105.6	20896	0	NULL
84	2-A-5234	1.842	0.005	1.590	0.002	0.289	0.005	1.67	20376	1.96	9	19891	0.3101	0.3098	0.2001	0.1998	1.97	0.01	20403	0.73	0.600	0.003	0.500	0.005	0.067	0.001	-99.000	0.003	-99.000	0.005	-99.000	0.001	20336	156.1	20896	0	NULL
85	2-A-5235	1.852	0.005	1.520	0.002	0.331	0.005	1.67	20376	2.00	9	19891	0.3101	0.3098	0.2001	0.1998	2.21	0.01	20403	0.64	0.600	0.003	0.500	0.005	0.064	0.001	-99.000	0.003	-99.000	0.005	-99.000	0.001	20336	122.8	20896	0	NULL
86	2-A-5270	1.661	0.005	1.269	0.002	0.229	0.005	1.47	20376	1.70	10	19891	0.3101	0.3098	0.2001	0.1998	2.21	0.01	20403	0.64	0.600	0.003	0.500	0.005	0.064	0.001	-99.000	0.003	-99.000	0.005	-99.000	0.001	20336	67.7	20888	0	NULL
87	2-A-5271	1.845	0.005	1.664	0.002	0.332	0.005	1.67	20376	2.00	9	19891	0.3101	0.3098	0.2001	0.1998	2.21	0.01	20403	0.65	0.600	0.003	0.500	0.005	0.066	0.001	-99.000	0.003	-99.000	0.005	-99.000	0.001	20336	157.1	20896	0	NULL
88	2-A-5322	1.846	0.005	1.575	0.002	0.245	0.005	1.66	20376	1.91	12	19891	0.3101	0.3098	0.2001	0.1998	2.21	0.01	20403	0.64	0.600	0.003	0.500	0.005	0.063	0.001	-99.000	0.003	-99.000	0.005	-99.000	0.001	20336	115.1	20896	0	NULL
89	2-A-5330	1.772	0.005	1.496	0.002	0.285	0.005	1.67	20376	1.95	9	19891	0.3101	0.3098	0.2001	0.1998	1.95	0.01	20403	0.71	0.600	0.003	0.500	0.005	0.065	0.001	-99.000	0.003	-99.000	0.005	-99.000	0.001	20336	111.1	20896	0	NULL
90	2-A-5351	2.087	0.005	1.520	0.002	0.208	0.005	2.07	20376	2.28	9	19891	0.3618	0.3615	0.2358	0.2355	1.89	0.01	20403	0.39	0.600	0.003	0.500	0.005	0.071	0.001	-99.000	0.003	-99.000	0.005	-99.000	0.001	20336	141.0	20908	0	NULL
91	2-A-5353	1.846	0.005	1.516	0.002	0.245	0.005	1.67	NULL	1.92	12	19891	0.3101	0.3098	0.2001	0.1998	1.96	0.01	20403	0.73	0.600	0.003	0.500	0.005	0.065	0.001	-99.000	0.003	-99.000	0.005	-99.000	0.001	20336	130.2	20896	0	NULL
92	2-A-5356	2.913	0.005	2.544	0.002	0.425	0.005	2.63	20376	3.06	11	19891	0.4000	0.3997	0.2498	0.2495	2.66	0.01	20403	1.10	0.685	0.003	0.567	0.005	0.065	0.001	-99.000	0.003	-99.000	0.005	-99.000	0.001	20336	371.2	20520	0	NULL
93	2-A-5362	2.925	0.005	2.295	0.002	0.362	0.005	2.64	20376	3.00	11	19891	0.4000	0.3997	0.2498	0.2495	2.66	0.01	20403	0.86	0.685	0.003	0.567	0.005	0.067	0.001	-99.000	0.003	-99.000	0.005	-99.000	0.001	20336	376.4	20520	0	NULL
94	2-A-5564	1.845	0.005	1.665	0.002	0.332	0.005	1.67	20376	2.00	9	19891	0.3101	0.3098	0.2001	0.1998	2.21	0.01	20403	0.65	0.600	0.003	0.500	0.005	0.065	0.001	-99.000	0.003	-99.000	0.005	-99.000	0.001	20336	155.0	20896	0	NULL
95	2-A-5588	1.614	0.005	1.369	0.002	0.321	0.005	1.67	20375	1.99	9	19891	0.3101	0.3098	0.2001	0.1998	1.99	0.01	20403	0.75	0.600	0.003	0.500	0.005	0.065	0.001	0.600	0.003	0.500	0.005	0.065	0.001	20336	105.8	20896	0	NULL
96	2-A-5601	1.657	0.005	1.399	0.002	0.224	0.005	1.67	20376	1.89	12	19891	0.3101	0.3098	0.2001	0.1998	1.97	0.01	20403	0.74	0.600	0.003	0.500	0.005	0.069	0.001	-99.000	0.003	-99.000	0.005	-99.000	0.001	20336	98.9	20896	0	NULL
97	2-A-5608	2.676	0.005	2.362	0.002	0.429	0.005	2.32	20376	2.75	10	19891	0.4002	0.3999	0.2502	0.2499	2.47	0.01	20403	0.29	0.680	0.003	0.570	0.005	0.067	0.001	-99.000	0.003	-99.000	0.005	-99.000	0.001	20336	345.5	20908	0	NULL
98	2-A-5613	1.849	0.005	1.573	0.002	0.322	0.005	1.67	20376	1.99	9	19891	0.3101	0.3098	0.2001	0.1998	2.22	0.01	20403	0.66	0.600	0.003	0.500	0.005	0.065	0.001	-99.000	0.003	-99.000	0.005	-99.000	0.001	20336	124.0	20896	0	NULL
99	2-A-5630	NULL	NULL	NULL	NULL	NULL	NULL	NULL	NULL	NULL	NULL	NULL	NULL	NULL	NULL	NULL	NULL	NULL	NULL	NULL	NULL	NULL	NULL	NULL	NULL	NULL	NULL	NULL	NULL	NULL	NULL	NULL	NULL	NULL	NULL	NULL	NULL
100	2-A-5635	NULL	0.005	1.800	0.002	0.284	0.005	1.67	20376	1.95	12	19891	0.3101	0.3098	0.2001	0.1998	2.22	0.01	20403	0.65	0.600	0.003	0.500	0.005	0.066	0.001	-99.000	0.003	-99.000	0.005	-99.000	0.001	20336	155.4	20896	0	NULL
101	2-A-5638	2.126	0.005	1.520	0.002	0.311	0.005	1.67	20376	1.98	9	19891	0.3101	0.3098	0.2001	0.1998	1.98	0.01	20403	0.75	0.600	0.003	0.500	0.005	0.067	0.001	-99.000	0.003	-99.000	0.005	-99.000	0.001	20336	138.2	20896	0	NULL
102	2-A-5664	1.850	0.005	1.801	0.002	0.392	0.005	1.67	20375	2.06	9	19891	0.3101	0.3098	0.2001	0.1998	2.21	0.01	20403	0.64	0.600	0.003	0.500	0.005	0.065	0.001	0.600	0.003	0.500	0.005	0.065	0.001	20336	172.6	20896	0	NULL
103	2-A-5674	1.969	0.005	1.688	0.002	0.335	0.005	1.67	20376	2.01	9	19891	0.3101	0.3098	0.2001	0.1998	2.22	0.01	20403	0.66	0.600	0.003	0.500	0.005	0.070	0.001	-99.000	0.003	-99.000	0.005	-99.000	0.001	20336	158.0	20896	0	NULL
104	2-A-5677	1.842	0.005	3.059	0.002	0.500	0.005	3.40	20376	2.90	11	19892	0.5116	0.5113	0.3118	0.3115	3.00	0.01	20403	0.77	0.785	0.003	0.689	0.005	0.065	0.001	-99.000	0.003	-99.000	0.005	-99.000	0.001	20336	606.6	20542	0	NULL
105	2-A-5721	3.500	0.005	2.780	0.002	0.584	0.005	2.56	20376	3.14	10	19891	0.4530	0.4527	0.2940	0.2937	2.96	0.01	20403	1.07	0.791	NULL	0.687	NULL	0.066	0.001	-99.000	0.003	-99.000	0.005	-99.000	0.001	20336	503.2	20914	0	NULL
106	2-A-5767	3.030	0.005	NULL	0.002	NULL	0.005	NULL	NULL	NULL	NULL	NULL	NULL	-0.0003	NULL	-0.0003	NULL	0.01	NULL	NULL	NULL	0.003	NULL	0.005	NULL	0.001	-99.000	0.003	-99.000	0.005	-99.000	0.001	NULL	NULL	NULL	NULL	NULL
107	2-A-5776	NULL	0.005	1.516	0.002	0.342	0.005	2.07	20376	2.41	9	19891	0.3624	0.3621	0.2364	0.2361	1.91	0.01	20403	0.40	0.600	0.003	0.500	0.005	0.066	0.001	-99.000	0.003	-99.000	0.005	-99.000	0.001	20336	142.5	20908	0	NULL
108	2-A-5804	2.086	0.005	NULL	0.002	NULL	0.005	NULL	NULL	NULL	NULL	NULL	NULL	-0.0003	NULL	-0.0003	NULL	0.01	NULL	NULL	NULL	0.003	NULL	0.005	NULL	NULL	-99.000	NULL	-99.000	NULL	-99.000	0.001	20336	NULL	NULL	NULL	NULL
109	2-A-5810	NULL	0.005	1.802	0.002	0.381	0.005	1.67	20376	2.05	12	19891	0.3098	0.3095	0.2001	0.1998	2.21	0.01	20403	0.65	0.600	0.003	0.500	0.005	0.065	0.001	-99.000	0.003	-99.000	0.005	-99.000	0.001	20336	155.1	20896	0	NULL
110	2-A-5840	1.969	0.005	NULL	0.002	NULL	0.005	NULL	NULL	NULL	NULL	NULL	NULL	-0.0003	NULL	-0.0003	NULL	0.01	NULL	NULL	NULL	0.003	NULL	0.005	NULL	NULL	-99.000	NULL	-99.000	NULL	-99.000	0.001	NULL	NULL	NULL	NULL	NULL
111	2-A-5862	NULL	NULL	NULL	NULL	NULL	NULL	NULL	NULL	NULL	NULL	NULL	NULL	NULL	NULL	NULL	NULL	NULL	NULL	NULL	NULL	NULL	NULL	NULL	NULL	NULL	NULL	NULL	NULL	NULL	NULL	NULL	NULL	NULL	NULL	NULL	NULL
112	2-A-5870	NULL	0.005	NULL	0.002	NULL	0.005	NULL	NULL	NULL	NULL	NULL	NULL	-0.0003	NULL	-0.0003	NULL	0.01	NULL	NULL	NULL	0.003	NULL	0.005	NULL	NULL	-99.000	NULL	-99.000	NULL	-99.000	0.001	NULL	NULL	NULL	NULL	NULL
113	2-A-5885	NULL	0.005	2.154	0.002	0.404	0.005	2.33	20376	2.73	10	19891	0.3997	0.3994	0.2500	0.2497	2.48	0.01	20403	0.97	0.681	0.003	0.566	0.005	0.075	0.001	-99.000	0.003	-99.000	0.005	-99.000	0.001	20336	298.9	20908	0	NULL
114	2-A-5897	2.516	0.005	1.682	0.002	0.339	0.005	1.67	20376	2.01	9	19891	0.3101	0.3098	0.2001	0.1998	2.21	0.01	20403	0.64	0.600	0.003	0.500	0.005	0.067	0.001	-99.000	0.003	-99.000	0.005	-99.000	0.001	20336	141.7	20896	0	NULL
115	2-A-5903	1.980	0.005	1.807	0.002	0.367	0.005	1.67	20376	2.04	9	19891	0.3101	0.3098	0.2001	0.1998	2.21	0.01	20403	0.70	0.600	NULL	0.500	NULL	0.066	0.001	0.600	0.003	0.500	0.005	0.066	0.001	20336	168.5	20896	0	NULL
116	2-A-5916	1.966	0.005	NULL	0.002	NULL	0.005	NULL	NULL	NULL	NULL	NULL	NULL	-0.0003	NULL	-0.0003	NULL	0.01	NULL	NULL	NULL	0.003	NULL	0.005	NULL	NULL	-99.000	NULL	-99.000	NULL	-99.000	0.001	NULL	NULL	NULL	NULL	NULL
117	2-A-5929	NULL	0.005	1.413	0.002	0.298	0.005	1.67	20376	1.97	9	19891	0.3101	0.3098	0.2001	0.1998	1.82	0.01	20403	0.58	0.600	NULL	0.500	NULL	0.068	0.001	-99.000	0.003	-99.000	0.005	-99.000	0.001	20336	109.1	20896	0	NULL
118	2-A-5941	1.752	0.005	NULL	0.002	NULL	0.005	NULL	NULL	NULL	NULL	NULL	NULL	-0.0003	NULL	-0.0003	NULL	0.01	NULL	NULL	NULL	NULL	NULL	NULL	NULL	NULL	-99.000	NULL	-99.000	NULL	-99.000	0.001	NULL	NULL	NULL	NULL	NULL
119	2-A-5942	NULL	0.005	2.756	0.002	0.609	0.005	2.90	20376	3.51	10	19891	0.5120	0.5117	0.3250	0.3247	2.95	0.01	20403	0.86	0.787	NULL	0.689	NULL	0.066	0.001	-99.000	0.003	-99.000	0.005	-99.000	0.001	20336	592.7	20924	0	NULL
120	2-A-5947	3.248	0.005	2.055	0.002	0.395	0.005	2.65	20376	3.04	10	19891	0.4000	0.3997	0.2001	0.1998	2.66	0.01	20403	1.09	0.682	0.003	0.567	0.005	0.070	0.001	-99.000	0.003	-99.000	0.005	-99.000	0.001	20336	592.7	20520	0	NULL
121	2-A-5950	2.421	0.005	1.354	0.002	0.212	0.005	1.67	20376	1.88	9	19891	0.3101	0.3098	0.2001	0.1998	1.93	0.01	20403	0.70	0.600	0.003	0.500	0.005	0.064	0.001	-99.000	0.003	-99.000	0.005	-99.000	0.001	20336	97.9	20896	0	NULL
122	2-A-6011	1.663	0.005	1.746	0.002	0.338	0.005	1.67	NULL	NULL	10	19891	NULL	-0.0003	NULL	-0.0003	NULL	0.01	20403	NULL	NULL	0.003	NULL	0.005	NULL	0.001	-99.000	0.003	-99.000	0.005	-99.000	0.001	NULL	NULL	20896	NULL	NULL
123	2-A-6014	2.087	0.005	3.062	0.002	0.562	0.005	2.89	20376	3.46	10	19892	0.5120	0.5117	0.3255	0.3252	0.94	0.01	20403	0.32	0.785	NULL	0.691	NULL	0.068	0.001	-99.000	0.003	-99.000	0.005	-99.000	0.001	20336	597.7	20922	0	NULL
124	2-A-6021	3.430	0.005	2.441	0.002	0.473	0.005	2.56	20376	3.03	10	19891	0.4533	0.4530	0.2947	0.2944	2.98	0.01	20403	0.79	0.792	0.003	0.686	0.005	0.069	NULL	-99.000	NULL	-99.000	NULL	-99.000	0.001	20336	NULL	20914	NULL	NULL
125	2-A-6060	2.862	0.005	2.520	0.002	0.561	0.005	2.56	20376	3.12	13	19891	0.4533	0.4530	0.2947	0.2944	2.94	0.01	20403	1.05	0.794	NULL	0.684	NULL	0.066	0.001	0.794	0.003	0.684	0.005	0.082	0.001	20336	557.3	20914	0	NULL
126	2-A-6068	2.854	0.005	NULL	0.002	NULL	0.005	NULL	NULL	NULL	NULL	NULL	NULL	-0.0003	NULL	-0.0003	NULL	0.01	NULL	NULL	NULL	0.003	NULL	0.005	NULL	NULL	-99.000	NULL	-99.000	NULL	-99.000	NULL	NULL	NULL	NULL	NULL	NULL
127	2-A-6107	1.622	0.005	1.374	0.002	0.281	0.005	1.67	20376	1.95	9	19891	0.3101	0.3098	0.2001	0.1998	1.96	0.01	20403	0.72	0.600	0.003	0.500	0.005	0.067	0.001	-99.000	0.003	-99.000	0.005	-99.000	0.001	20336	94.2	20896	0	NULL
128	2-A-6121	1.622	0.005	2.595	0.002	NULL	0.005	NULL	NULL	NULL	10	NULL	NULL	-0.0003	NULL	-0.0003	NULL	0.01	NULL	NULL	NULL	0.003	NULL	0.005	NULL	0.001	-99.000	0.003	-99.000	0.005	-99.000	0.001	NULL	NULL	NULL	NULL	NULL
129	2-A-6140	3.031	0.005	2.958	0.002	0.623	0.005	2.89	NULL	3.52	10	19891	0.5120	0.5117	0.3241	0.3238	2.97	0.01	20403	0.88	0.784	0.003	0.688	0.005	0.066	0.001	-99.000	0.003	-99.000	0.005	-99.000	0.001	20336	615.4	20924	0	NULL
130	2-A-6144	3.228	0.005	2.596	0.002	0.503	0.005	2.55	NULL	3.06	10	19891	0.4532	0.4529	0.3255	0.3252	0.93	0.01	20403	0.57	0.792	0.003	0.688	0.005	0.066	NULL	-99.000	NULL	-99.000	NULL	-99.000	0.001	NULL	NULL	20922	NULL	NULL
131	2-A-6159	3.036	0.005	1.304	0.002	0.212	0.005	1.67	NULL	1.88	10	19891	NULL	-0.0003	0.0000	-0.0003	0.00	0.01	20403	NULL	0.000	NULL	NULL	NULL	NULL	NULL	-99.000	NULL	-99.000	NULL	-99.000	0.001	20336	81.3	20896	0	NULL
132	2-A-6164	1.536	0.005	2.819	0.002	0.468	0.005	2.90	20376	3.37	11	19891	0.5120	0.5117	0.3124	0.3121	2.98	0.01	20403	0.75	0.785	0.003	0.688	0.005	0.066	0.001	-99.000	0.003	-99.000	0.005	-99.000	0.001	20336	509.2	20542	0	NULL
133	2-A-6172	3.228	0.005	1.550	0.002	0.327	0.005	1.67	NULL	NULL	NULL	19891	NULL	-0.0003	NULL	-0.0003	NULL	0.01	20403	NULL	NULL	NULL	NULL	NULL	NULL	0.001	-99.000	0.003	-99.000	0.005	-99.000	0.001	NULL	NULL	20896	NULL	NULL
134	2-A-6229	1.690	0.005	3.097	0.002	0.562	0.005	2.89	NULL	3.45	10	19891	0.5120	0.5117	0.3250	0.3247	3.45	0.01	20403	0.90	0.788	0.003	0.682	0.005	0.116	NULL	-99.000	NULL	-99.000	NULL	-99.000	0.001	NULL	NULL	20924	NULL	NULL
135	2-A-6259	3.309	0.005	NULL	0.002	NULL	0.005	NULL	NULL	NULL	NULL	NULL	NULL	-0.0003	NULL	-0.0003	NULL	0.01	NULL	NULL	NULL	0.003	NULL	0.005	NULL	NULL	-99.000	NULL	-99.000	NULL	-99.000	0.001	NULL	NULL	NULL	NULL	NULL
136	2-A-6398	1.693	0.005	1.417	0.002	0.244	0.005	1.67	20376	1.91	9	19891	0.3104	0.3100	0.2002	0.1998	1.26	0.01	20403	0.72	0.600	0.003	0.500	0.005	0.065	0.001	0.600	0.003	0.500	0.005	0.065	0.001	20336	103.0	20896	0	NULL
137	2-A-6400	1.969	0.005	1.740	0.002	0.366	0.005	1.67	20376	2.04	9	19891	0.3102	0.3100	0.2002	0.1998	1.58	0.01	20403	0.62	0.600	0.003	0.500	0.005	0.065	0.001	-99.000	0.003	-99.000	0.005	-99.000	0.001	20336	169.8	20896	0	NULL
138	2-B-3916	NULL	0.005	2.362	0.002	0.433	0.005	2.84	20376	3.28	12	19892	0.4322	0.4319	0.2756	0.2753	2.67	0.01	20403	0.97	0.734	0.003	0.641	0.005	0.066	0.001	-99.000	0.003	-99.000	0.005	-99.000	0.001	20336	387.0	20914	NULL	NULL
139	2-B-4042	2.758	0.005	2.520	0.002	0.410	0.005	2.84	20376	3.25	12	19892	0.4322	0.4319	0.2756	0.2753	2.67	0.01	20403	0.87	0.734	NULL	0.641	NULL	0.066	0.001	-99.000	0.003	-99.000	0.005	-99.000	0.001	20336	428.0	20914	NULL	NULL
140	2-B-4941	2.989	0.005	2.164	0.002	0.431	0.005	2.84	20376	3.27	12	19892	0.4322	0.4319	0.2756	0.2753	2.67	0.01	20403	0.85	0.736	0.003	0.640	0.005	0.069	0.001	-99.000	0.003	-99.000	0.005	-99.000	0.001	20336	380.1	20914	0	NULL
141	2-B-5197	2.580	0.005	2.282	0.002	0.434	0.005	2.84	20376	3.27	12	19891	0.4322	0.4319	0.2756	0.2753	2.60	0.01	20403	0.79	0.736	0.003	0.643	0.005	0.066	0.001	-99.000	0.003	-99.000	0.005	-99.000	0.001	20336	352.0	20914	0	NULL
142	2-B-5340	2.567	0.005	3.150	0.002	0.509	0.005	3.16	20376	3.67	12	19892	0.4805	0.4802	0.3152	0.3149	3.05	0.01	20403	0.99	0.852	0.003	0.726	0.005	0.128	0.001	-99.000	0.003	-99.000	0.005	-99.000	0.001	20336	674.9	20924	0	NULL
143	2-B-5646	3.406	0.005	3.036	0.002	0.506	0.005	3.16	20376	3.67	12	19892	0.4802	0.4799	0.3148	0.3145	3.06	0.01	20403	0.99	0.852	NULL	0.726	NULL	0.131	0.001	-99.000	0.003	-99.000	0.005	-99.000	0.001	20336	670.8	20924	0	NULL
144	2-B-5647	3.386	0.005	2.838	0.002	0.489	0.005	3.15	20376	3.64	12	19892	0.4802	0.4799	0.3148	0.3145	3.08	0.01	20403	0.94	0.854	NULL	0.728	NULL	0.066	0.001	0.854	0.003	0.728	0.005	0.066	0.001	20336	662.2	20924	0	NULL
145	2-B-5742	3.380	0.005	2.519	0.002	0.395	0.005	2.85	20376	3.24	10	19892	0.4322	0.4319	0.2756	0.2753	2.69	0.01	20403	0.99	0.738	0.003	0.640	0.005	0.066	NULL	-99.000	NULL	-99.000	NULL	-99.000	0.001	20336	NULL	20914	NULL	NULL
146	2-B-5854	2.988	0.005	NULL	0.002	NULL	0.005	NULL	NULL	NULL	NULL	NULL	NULL	-0.0003	NULL	-0.0003	NULL	0.01	NULL	NULL	NULL	0.003	NULL	0.005	NULL	NULL	-99.000	NULL	-99.000	NULL	-99.000	0.001	20336	NULL	NULL	NULL	NULL
147	2-B-5857	NULL	0.005	2.048	0.002	0.425	0.005	2.85	20376	3.27	12	19892	0.4322	0.4319	0.2756	0.2753	2.67	0.01	20403	0.93	0.738	0.003	0.640	0.005	0.067	0.001	-99.000	0.003	-99.000	0.005	-99.000	0.001	20336	336.1	20914	0	NULL
148	2-B-5958	2.562	0.005	3.148	0.002	0.520	0.005	NULL	NULL	NULL	NULL	NULL	0.4800	0.4797	0.3146	0.3143	NULL	0.01	20403	NULL	NULL	0.003	NULL	0.005	NULL	NULL	-99.000	NULL	-99.000	NULL	-99.000	0.001	20336	NULL	20924	NULL	NULL
149	2-B-5962	3.388	0.005	NULL	0.002	NULL	0.005	NULL	NULL	NULL	NULL	NULL	NULL	-0.0003	NULL	-0.0003	NULL	0.01	NULL	NULL	NULL	0.003	NULL	0.005	NULL	NULL	-99.000	NULL	-99.000	NULL	-99.000	0.001	20336	NULL	NULL	NULL	NULL
150	2-B-5964	NULL	0.005	2.835	0.002	0.473	0.005	2.79	20376	3.26	12	19892	0.4805	0.4802	0.3152	0.3149	2.83	0.01	20403	0.85	0.734	0.003	0.620	0.005	0.140	0.001	-99.000	0.003	-99.000	0.005	-99.000	0.001	20336	612.7	20924	0	NULL
151	2-B-5975	3.384	0.005	NULL	0.002	NULL	0.005	NULL	NULL	NULL	NULL	NULL	NULL	-0.0003	NULL	-0.0003	NULL	0.01	NULL	NULL	NULL	0.003	NULL	0.005	NULL	NULL	-99.000	NULL	-99.000	NULL	-99.000	0.001	20336	NULL	NULL	NULL	NULL
152	2-B-6034	NULL	0.005	2.640	0.002	0.485	0.005	2.85	20376	3.34	12	19892	0.4322	0.4319	0.2756	0.2753	2.71	0.01	20403	0.88	0.736	NULL	0.640	NULL	0.067	0.001	-99.000	0.003	-99.000	0.005	-99.000	0.001	20336	404.1	20914	0	NULL
153	2-B-6059	2.990	0.005	2.954	0.002	0.400	0.005	3.95	20376	4.35	12	19892	0.4805	0.4802	0.3152	0.3149	3.39	0.01	20403	1.13	0.855	NULL	0.726	NULL	0.128	0.001	-99.000	0.003	-99.000	0.005	-99.000	0.001	20336	715.7	20924	0	NULL
154	2-C-3857	3.386	0.005	2.625	0.002	0.465	0.005	2.73	20376	3.19	10	19892	0.4559	0.4556	0.3144	0.3141	3.16	0.01	20403	0.86	0.830	0.003	0.687	0.005	0.082	0.001	-99.000	0.003	-99.000	0.005	-99.000	0.001	20336	546.7	20924	NULL	NULL
155	2-C-3858	3.000	0.005	2.788	0.002	0.514	0.005	2.73	20376	3.24	10	19892	0.4559	0.4556	0.3144	0.3141	3.16	0.01	20403	0.86	0.830	NULL	0.687	NULL	0.082	0.001	-99.000	0.003	-99.000	0.005	-99.000	0.001	20336	566.2	20924	NULL	NULL
156	2-C-3859	3.140	0.005	2.926	0.002	0.527	0.005	3.13	20376	3.66	10	19892	0.5704	0.5701	0.3935	0.3932	3.79	0.01	20403	1.07	0.980	NULL	0.814	NULL	0.082	0.001	-99.000	0.003	-99.000	0.005	-99.000	0.001	20336	712.0	20944	NULL	NULL
157	2-C-3860	3.285	0.005	3.161	0.002	0.602	0.005	3.13	20376	3.73	10	19892	0.5704	0.5701	0.3935	0.3932	3.79	0.01	20403	1.07	0.980	0.003	0.814	0.005	0.082	0.001	-99.000	0.003	-99.000	0.005	-99.000	0.001	20336	749.1	20944	NULL	NULL
158	2-C-4060	3.439	0.005	2.543	0.002	0.408	0.005	2.73	20376	3.14	11	19892	0.4559	0.4556	0.3144	0.3141	3.16	0.01	20403	0.86	0.830	NULL	0.687	NULL	0.082	0.001	-99.000	0.003	-99.000	0.005	-99.000	0.001	20336	453.9	20924	NULL	NULL
159	2-C-4178	2.923	0.005	2.656	0.002	0.506	0.005	2.71	20376	3.22	10	19892	NULL	-0.0003	NULL	-0.0003	NULL	0.01	20403	NULL	NULL	0.003	NULL	0.005	NULL	0.001	-99.000	0.003	-99.000	0.005	-99.000	0.001	20336	485.1	20924	NULL	NULL
160	2-C-5334	3.000	0.005	1.820	0.002	0.306	0.005	2.79	20376	3.09	10	19892	0.4617	0.4614	0.2756	0.2753	2.95	0.01	20403	0.95	0.755	0.003	0.610	0.005	0.068	0.001	-99.000	0.003	-99.000	0.005	-99.000	0.001	20336	243.7	20914	0	NULL
161	2-C-5625	2.282	0.005	3.070	0.002	0.462	0.005	3.11	20376	3.58	10	19892	0.5712	0.5709	0.3939	0.3936	3.79	0.01	NULL	1.00	0.985	0.003	0.807	0.005	0.082	0.001	-99.000	0.003	-99.000	0.005	-99.000	0.001	20336	786.7	20944	0	NULL
162	2-C-5684	3.438	0.005	2.300	0.002	0.364	0.005	2.62	20376	2.99	11	19892	0.4002	0.3999	0.2756	0.2753	2.87	0.01	20403	0.74	0.743	0.003	0.622	0.005	0.068	0.001	-99.000	0.003	-99.000	0.005	-99.000	0.001	20336	419.3	20914	0	NULL
163	2-C-5693	2.903	0.005	1.575	0.002	0.240	0.005	2.20	20376	2.44	12	19892	0.3396	0.3393	0.2364	0.2361	2.26	0.01	20403	0.96	0.600	0.003	0.492	0.005	0.066	0.001	-99.000	0.003	-99.000	0.005	-99.000	0.001	20336	133.8	20896	0	NULL
164	2-C-5701	1.850	0.005	2.658	0.002	0.497	0.005	2.72	20376	3.22	10	19892	0.4561	0.4558	0.3152	0.3149	3.06	0.01	20403	0.81	0.830	0.003	0.680	0.005	0.085	0.001	-99.000	0.003	-99.000	0.005	-99.000	0.001	20336	509.9	20924	0	NULL
165	2-C-5706	3.000	0.005	1.799	0.002	0.288	0.005	2.22	20376	2.50	11	19892	0.3396	0.3393	0.2364	0.2361	2.29	0.01	20403	0.86	0.594	0.003	0.429	0.005	0.065	0.001	-99.000	0.003	-99.000	0.005	-99.000	0.001	20336	NULL	20908	NULL	NULL
166	2-C-5875	2.085	0.005	2.923	0.002	0.545	0.005	3.11	20376	3.65	10	19892	0.5703	0.5700	0.3939	0.3936	3.58	0.01	20403	0.81	0.928	0.003	0.810	0.005	0.080	0.001	-99.000	0.003	-99.000	0.005	-99.000	0.001	20336	713.1	20942	0	NULL
167	2-D-1101	3.292	0.005	1.592	0.002	0.292	0.005	1.95	20375	2.24	9	19892	0.2756	0.2753	0.1814	0.1811	1.95	0.01	20402	0.64	0.528	0.003	0.448	0.005	0.060	0.001	-99.000	0.003	-99.000	0.005	-99.000	0.001	20337	112.6	20890	0	NULL
168	2-D-2272	1.772	0.005	1.652	0.002	0.300	0.005	1.98	20376	2.28	12	19892	0.2756	0.2753	0.1814	0.1811	1.90	0.01	20403	0.51	0.527	0.003	0.448	0.005	0.057	0.001	-99.000	0.003	-99.000	0.005	-99.000	0.001	20336	143.1	20890	NULL	NULL
169	2-D-2793	1.968	0.005	1.652	0.002	0.249	0.005	1.98	20376	2.23	12	19892	0.2756	0.2753	0.1814	0.1811	1.90	0.01	20403	0.51	0.527	0.003	0.448	0.005	0.057	0.001	-99.000	0.003	-99.000	0.005	-99.000	0.001	20336	136.9	20890	NULL	NULL
170	2-D-3123	1.968	0.005	1.324	0.002	0.267	0.005	1.98	20376	2.25	11	19892	0.2756	0.2753	0.1814	0.1811	1.90	0.01	20403	0.48	0.527	0.003	0.453	0.005	0.055	0.001	-99.000	0.003	-99.000	0.005	-99.000	0.001	20336	102.1	20890	NULL	NULL
171	2-D-3130	1.773	0.005	1.489	0.002	0.270	0.005	1.98	20376	2.25	11	19892	0.2756	0.2753	0.1814	0.1811	1.90	0.01	20403	0.48	0.527	0.003	0.453	0.005	0.055	0.001	-99.000	0.003	-99.000	0.005	-99.000	0.001	20336	103.6	20890	NULL	NULL
172	2-D-3195	1.773	0.005	1.588	0.002	0.268	0.005	1.98	20376	2.25	11	19892	0.2756	0.2753	0.1814	0.1811	1.90	0.01	20403	0.48	0.527	0.003	0.453	0.005	0.055	0.001	-99.000	0.003	-99.000	0.005	-99.000	0.001	20336	104.7	20890	NULL	NULL
173	2-D-3599	1.773	0.005	1.752	0.002	0.297	0.005	1.98	20375	2.28	12	19892	0.2756	0.2753	0.1814	0.1811	1.90	0.01	20403	0.51	0.527	0.003	0.448	0.005	0.057	0.001	-99.000	0.003	-99.000	0.005	-99.000	0.001	20336	149.2	20890	NULL	NULL
174	2-D-3609	1.968	0.005	1.752	0.002	0.244	0.005	1.98	20376	2.23	12	19892	0.2756	0.2753	0.1814	0.1811	1.90	0.01	20403	0.51	0.527	0.003	0.448	0.005	0.057	0.001	-99.000	0.003	-99.000	0.005	-99.000	0.001	20336	148.8	20890	NULL	NULL
175	2-D-3817	1.968	0.005	1.149	0.002	0.215	0.005	1.59	20376	1.80	9	19892	0.2361	0.2358	0.1616	0.1613	1.69	0.01	20403	0.43	0.370	0.003	0.318	0.005	0.057	0.001	-99.000	0.003	-99.000	0.005	-99.000	0.001	20336	57.5	20886	NULL	NULL
176	2-D-3882	1.366	0.005	1.478	0.002	0.255	0.005	1.60	20375	1.85	9	19892	0.2361	0.2358	0.1616	0.1613	1.69	0.01	20403	0.43	0.370	0.003	0.318	0.005	0.057	0.001	-99.000	0.003	-99.000	0.005	-99.000	0.001	20336	74.6	20886	NULL	NULL
177	2-D-3887	1.515	0.005	1.088	0.002	0.213	0.005	1.59	20375	1.80	9	19892	0.2361	0.2358	0.1616	0.1613	1.69	0.01	20403	0.43	0.370	0.003	0.318	0.005	0.057	0.001	-99.000	0.003	-99.000	0.005	-99.000	0.001	20336	58.1	20886	NULL	NULL
178	2-D-3888	1.366	0.005	1.359	0.002	0.259	0.005	1.57	20375	1.83	9	19892	0.2361	0.2358	0.1616	0.1613	1.69	0.01	20403	0.43	0.370	0.003	0.318	0.005	0.057	0.001	-99.000	0.003	-99.000	0.005	-99.000	0.001	20336	87.0	20886	NULL	NULL
179	2-D-4134	1.515	NULL	NULL	NULL	NULL	NULL	NULL	NULL	NULL	NULL	NULL	NULL	NULL	NULL	NULL	NULL	NULL	NULL	NULL	NULL	NULL	NULL	NULL	NULL	NULL	NULL	NULL	NULL	NULL	-99.000	NULL	NULL	NULL	NULL	NULL	NULL
180	2-D-4543	NULL	0.005	1.590	0.002	0.270	0.005	1.94	20375	2.21	9	19892	0.2756	0.2753	0.1813	0.1810	1.94	0.01	20403	0.70	0.527	0.003	0.456	0.005	0.057	0.001	-99.000	0.003	-99.000	0.005	-99.000	0.001	20336	131.3	20890	0	NULL
181	2-D-4544	1.690	0.005	1.358	0.002	0.256	0.005	1.60	20375	1.86	9	19892	0.2362	0.2359	0.1614	0.1611	1.72	0.01	20403	0.61	0.370	0.003	0.305	0.005	0.061	0.001	-99.000	0.003	-99.000	0.005	-99.000	0.001	20336	75.3	20886	0	NULL
182	2-D-4545	1.516	0.005	1.507	0.002	0.274	0.005	1.94	20375	2.21	9	19892	0.2756	0.2753	0.1813	0.1810	1.94	0.01	20403	0.71	0.527	0.003	0.456	0.005	0.058	0.001	-99.000	0.003	-99.000	0.005	-99.000	0.001	20336	129.4	20890	0	NULL
183	2-D-4942	1.694	0.005	1.220	0.002	0.201	0.005	1.60	20375	1.80	9	19892	0.2362	0.2359	0.1614	0.1611	1.72	0.01	20403	0.61	0.370	0.003	0.305	0.005	0.058	0.001	-99.000	0.003	-99.000	0.005	-99.000	0.001	20336	59.5	20886	0	NULL
184	2-D-5236	1.366	0.005	1.588	0.002	0.311	0.005	1.93	20375	2.24	11	19892	0.2756	0.2753	0.1813	0.1810	1.94	0.01	20403	0.70	0.527	0.003	0.456	0.005	0.057	0.001	-99.000	0.003	-99.000	0.005	-99.000	0.001	20336	110.4	20890	0	NULL
185	2-D-5267	1.770	0.005	1.272	0.002	0.228	0.005	1.60	20375	1.82	9	19892	0.2362	0.2359	0.1614	0.1611	1.72	0.01	20403	0.61	0.370	0.003	0.306	0.005	0.045	0.001	0.370	0.003	-99.000	0.005	0.045	0.001	20336	74.1	20886	0	NULL
186	2-D-5272	1.516	0.005	1.752	0.002	0.294	0.005	1.98	20376	2.28	12	19892	0.2756	0.2753	0.1813	0.1810	1.89	0.01	20403	0.66	0.527	0.003	0.456	0.005	0.058	0.001	-99.000	0.003	-99.000	0.005	-99.000	0.001	20336	153.0	20890	0	NULL
187	2-D-5273	1.969	0.005	1.754	0.002	0.246	0.005	1.98	20375	2.23	12	19892	0.2756	0.2753	0.1813	0.1810	1.91	0.01	20403	0.67	0.527	NULL	0.456	NULL	0.057	0.001	-99.000	0.003	-99.000	0.005	-99.000	0.001	20336	144.5	20890	0	NULL
188	2-D-5372	1.969	0.005	NULL	0.002	NULL	0.005	NULL	NULL	NULL	NULL	NULL	NULL	-0.0003	NULL	-0.0003	NULL	0.01	NULL	NULL	NULL	0.003	NULL	0.005	NULL	NULL	-99.000	NULL	-99.000	NULL	-99.000	NULL	20336	NULL	NULL	NULL	NULL
189	2-D-5567	NULL	NULL	1.752	NULL	0.300	NULL	2.28	NULL	NULL	11	19892	NULL	-0.0003	NULL	-0.0003	NULL	NULL	20403	NULL	NULL	0.003	NULL	0.005	NULL	0.001	-99.000	0.003	-99.000	0.005	-99.000	0.001	NULL	144.5	20890	0	NULL
190	2-D-5569	1.968	0.005	2.944	0.002	0.496	0.005	2.89	20375	3.39	9	19892	0.4708	0.4705	0.3122	0.3119	2.96	0.01	20403	0.73	0.733	0.003	0.627	0.005	0.113	0.001	-99.000	0.003	-99.000	0.005	-99.000	0.001	20336	632.4	20924	0	NULL
191	2-D-5583	3.385	0.005	1.466	0.002	0.234	0.005	2.22	20376	2.45	12	19892	0.3338	0.3335	0.2124	0.2121	2.02	0.01	20403	0.82	0.525	0.003	0.457	0.005	0.058	0.001	-99.000	0.003	-99.000	0.005	-99.000	0.001	20336	147.2	20896	0	NULL
192	2-D-5592	1.966	0.005	1.487	0.002	0.296	0.005	2.24	20375	1.94	11	19892	0.2756	0.2753	0.1813	0.1810	1.94	0.01	20403	0.70	0.527	0.003	0.456	0.005	0.057	0.001	-99.000	0.003	-99.000	0.005	-99.000	0.001	20336	111.7	20890	0	NULL
193	2-D-5594	1.772	0.005	1.819	0.002	0.240	0.005	2.22	20376	2.46	12	19892	0.3338	0.3335	0.2127	0.2124	2.03	0.01	20403	0.81	0.525	0.003	0.456	0.005	0.060	0.001	-99.000	0.003	-99.000	0.005	-99.000	0.001	20336	176.2	20896	0	NULL
194	2-D-5606	2.165	0.005	1.358	0.002	0.264	0.005	1.60	20375	1.86	9	19892	0.2364	0.2361	0.1614	0.1611	1.73	0.01	20403	0.62	0.370	0.003	0.305	0.005	0.056	0.001	-99.000	0.003	-99.000	0.005	-99.000	0.001	20336	87.7	20886	0	NULL
195	2-D-5617	1.515	0.005	0.990	0.002	0.175	0.005	1.61	20375	1.78	10	19891	0.2364	0.2361	0.1614	0.1611	1.71	0.01	20403	0.60	0.370	0.003	0.306	0.005	0.060	0.001	-99.000	0.003	-99.000	0.005	-99.000	0.001	20336	42.8	20886	0	NULL
196	2-D-5726	1.222	0.005	NULL	0.002	NULL	0.005	NULL	NULL	NULL	9	NULL	NULL	-0.0003	NULL	-0.0003	NULL	0.01	NULL	NULL	NULL	NULL	NULL	NULL	NULL	0.001	-99.000	0.003	-99.000	0.005	-99.000	0.001	20336	NULL	NULL	NULL	NULL
197	2-D-5733	NULL	0.005	1.752	0.002	0.333	0.005	1.94	20375	2.27	9	19892	0.2756	0.2753	0.1813	0.1810	1.94	0.01	20403	0.70	0.530	0.003	0.450	0.005	0.057	0.001	-99.000	0.003	-99.000	0.005	-99.000	0.001	20336	184.0	20890	0	NULL
198	2-D-5749	1.969	0.005	2.315	0.002	0.401	0.005	2.96	NULL	3.36	12	19892	0.3923	0.3920	0.2758	0.2755	2.78	0.01	20403	0.71	0.736	0.003	0.630	0.005	0.113	0.001	-99.000	0.003	-99.000	0.005	-99.000	0.001	20336	360.8	20914	0	NULL
199	2-D-5755	2.758	0.005	2.466	0.002	0.416	0.005	2.96	20376	3.37	12	19892	0.3923	0.3920	0.2756	0.2753	2.74	0.01	20403	0.77	0.736	0.003	0.634	0.005	0.114	0.001	-99.000	0.003	-99.000	0.005	-99.000	0.001	20336	369.0	20914	0	NULL
200	2-D-5759	2.754	0.005	2.681	0.002	0.461	0.005	2.96	20376	3.42	11	19892	0.3923	0.3920	0.2756	0.2753	2.79	0.01	20403	0.70	0.734	0.003	0.629	0.005	0.112	0.001	-99.000	0.003	-99.000	0.005	-99.000	0.001	20336	446.3	20914	0	NULL
201	2-D-5778	2.992	0.005	1.272	0.002	0.228	0.005	1.60	20375	1.82	9	19892	0.2362	0.2359	0.1614	0.1611	1.72	0.01	20403	0.61	0.370	0.003	0.306	0.005	0.060	NULL	-99.000	NULL	-99.000	NULL	-99.000	0.001	20336	NULL	20886	NULL	NULL
202	2-D-5783	1.516	0.005	NULL	0.002	NULL	0.005	NULL	NULL	NULL	NULL	NULL	NULL	-0.0003	NULL	-0.0003	NULL	0.01	NULL	NULL	NULL	0.003	NULL	0.005	NULL	NULL	-99.000	NULL	-99.000	NULL	-99.000	0.001	20336	NULL	NULL	NULL	NULL
203	2-D-5784	NULL	NULL	NULL	NULL	NULL	NULL	NULL	NULL	NULL	NULL	NULL	NULL	NULL	NULL	NULL	NULL	NULL	NULL	NULL	NULL	NULL	NULL	NULL	NULL	NULL	NULL	NULL	NULL	NULL	-99.000	NULL	NULL	NULL	NULL	NULL	NULL
204	2-D-5785	NULL	0.005	NULL	0.002	NULL	0.005	NULL	NULL	NULL	NULL	NULL	NULL	-0.0003	NULL	-0.0003	NULL	0.01	NULL	NULL	NULL	0.003	NULL	0.005	NULL	NULL	-99.000	NULL	-99.000	NULL	-99.000	0.001	20336	NULL	NULL	NULL	NULL
205	2-D-5909	NULL	0.005	1.654	0.002	0.248	0.005	2.22	20376	2.47	12	19892	0.3341	0.3338	0.2128	0.2125	2.04	0.01	20403	0.83	0.525	0.003	0.450	0.005	0.060	0.001	-99.000	0.003	-99.000	0.005	-99.000	0.001	20336	150.9	20896	0	NULL
206	2-D-6066	1.969	0.005	NULL	0.002	NULL	0.005	NULL	NULL	NULL	NULL	NULL	NULL	-0.0003	NULL	-0.0003	NULL	0.01	20403	NULL	NULL	0.003	NULL	0.005	NULL	NULL	-99.000	NULL	-99.000	NULL	-99.000	0.001	20336	NULL	20896	NULL	NULL
207	2-D-6123	NULL	0.005	1.654	0.002	0.336	0.005	1.94	NULL	2.28	9	19892	0.2756	0.2753	0.1813	0.1810	1.95	0.01	20403	0.83	0.526	0.003	0.452	0.005	0.059	0.001	-99.000	0.003	-99.000	0.005	-99.000	0.001	20336	180.5	20890	0	NULL
208	2-D-6194	1.971	0.005	1.503	0.002	0.273	0.005	1.94	20375	2.21	11	NULL	0.2756	0.2753	0.1813	0.1810	1.94	0.01	20403	0.71	0.527	0.003	0.456	0.005	0.059	NULL	-99.000	NULL	-99.000	NULL	-99.000	0.001	20336	NULL	20890	NULL	NULL
209	2-E-4172	1.691	0.005	1.796	0.002	0.330	0.005	1.74	20376	2.07	12	19892	0.2955	0.2952	0.1970	0.1967	1.93	0.01	20403	0.61	0.605	0.003	0.500	0.005	0.066	0.001	-99.000	0.003	-99.000	0.005	-99.000	0.001	20336	153.0	20896	NULL	NULL
210	2-E-4184	2.042	0.005	1.741	0.002	0.297	0.005	1.74	20376	2.03	12	19892	0.2955	0.2952	0.1973	0.1970	1.93	0.01	20403	0.61	0.605	NULL	0.500	NULL	0.066	0.001	-99.000	0.003	-99.000	0.005	-99.000	0.001	20336	151.0	20896	NULL	NULL
211	2-E-4206	2.045	0.005	1.624	0.002	0.390	0.005	1.74	20376	2.13	12	19892	0.2955	0.2952	0.1973	0.1970	1.93	0.01	20402	0.61	0.605	NULL	0.500	NULL	0.066	0.001	-99.000	0.003	-99.000	0.005	-99.000	0.001	20336	123.9	20896	NULL	NULL
212	2-E-4308	1.852	0.005	1.091	0.002	0.180	0.005	1.54	20375	1.72	11	19892	0.2362	0.2359	0.1576	0.1573	1.68	0.01	20403	0.51	0.468	NULL	0.376	NULL	0.050	0.001	-99.000	0.003	-99.000	0.005	-99.000	0.001	20336	60.1	20888	NULL	NULL
213	2-E-4546	1.458	0.005	1.421	0.002	0.244	0.005	1.74	20376	1.99	11	19892	0.2756	0.2753	0.1970	0.1967	1.92	0.01	20403	0.55	0.603	NULL	0.502	NULL	0.066	0.001	-99.000	0.003	-99.000	0.005	-99.000	0.001	20336	89.1	20896	0	NULL
214	2-E-4547	1.701	0.005	1.575	0.002	0.254	0.005	1.74	20376	2.00	12	19892	0.2953	0.2950	0.1970	0.1967	1.92	0.01	20403	0.60	0.603	0.003	0.502	0.005	0.066	0.001	-99.000	0.003	-99.000	0.005	-99.000	0.001	20336	122.2	20896	0	NULL
215	2-E-4548	1.858	0.005	1.933	0.002	0.365	0.005	1.95	20376	2.32	12	19892	0.3558	0.3555	0.2570	0.2567	2.18	0.01	20403	0.63	0.665	NULL	0.563	NULL	0.066	0.001	-99.000	0.003	-99.000	0.005	-99.000	0.001	20336	176.2	20520	0	NULL
216	2-E-4549	2.204	0.005	1.239	0.002	0.220	0.005	1.76	20375	1.54	12	19892	0.2368	0.2365	0.1580	0.1577	1.68	0.01	20403	0.53	0.469	0.003	0.379	0.005	0.050	0.001	-99.000	0.003	-99.000	0.005	-99.000	0.001	20336	68.7	20888	0	NULL
217	2-E-4550	1.457	0.005	1.798	0.002	0.318	0.005	1.74	20376	2.06	12	19892	0.2953	0.2950	0.1970	0.1967	1.92	0.01	20403	0.60	0.603	NULL	0.502	NULL	0.066	0.001	-99.000	0.003	-99.000	0.005	-99.000	0.001	20336	154.0	20896	0	NULL
218	2-E-4551	2.046	0.005	1.623	0.002	0.291	0.005	1.74	20376	2.03	12	19892	0.2953	0.2950	0.1970	0.1967	1.94	0.01	20403	0.67	0.603	0.003	0.502	0.005	0.066	0.001	-99.000	0.003	-99.000	0.005	-99.000	0.001	20336	123.1	20896	0	NULL
219	2-E-4552	1.858	0.005	1.482	0.002	0.264	0.005	1.74	20376	2.01	11	19892	0.2756	0.2753	0.1970	0.1967	1.92	0.01	20403	0.63	0.603	0.003	0.502	0.005	0.066	0.001	-99.000	0.003	-99.000	0.005	-99.000	0.001	20336	91.7	20896	0	NULL
220	2-E-4553	1.693	0.005	1.622	0.002	0.295	0.005	1.74	20376	2.03	11	19892	0.2953	0.2950	0.1970	0.1967	1.91	0.01	20403	0.60	0.603	0.003	0.502	0.005	0.066	0.001	-99.000	0.003	-99.000	0.005	-99.000	0.001	20336	111.4	20896	0	NULL
221	2-E-4554	1.858	0.005	1.384	0.002	0.255	0.005	1.55	20376	1.81	11	19892	0.2362	0.2359	0.1577	0.1574	1.68	0.01	20403	0.48	0.470	0.003	0.375	0.005	0.050	0.001	-99.000	0.003	-99.000	0.005	-99.000	0.001	20336	75.0	20888	0	NULL
222	2-E-4873	1.583	NULL	NULL	NULL	NULL	NULL	NULL	NULL	NULL	NULL	NULL	NULL	NULL	NULL	NULL	NULL	NULL	NULL	NULL	NULL	NULL	NULL	NULL	NULL	NULL	NULL	NULL	NULL	NULL	-99.000	NULL	NULL	NULL	NULL	NULL	NULL
223	2-E-4898	NULL	0.005	1.508	0.002	0.258	0.005	1.74	20376	2.00	11	19892	0.2954	0.2951	0.1970	0.1967	1.91	0.01	20403	0.60	0.600	0.003	0.500	0.005	0.068	0.001	-99.000	0.003	-99.000	0.005	-99.000	0.001	20336	121.5	20896	0	NULL
224	2-E-5253	1.850	0.005	1.482	0.002	0.291	0.005	1.74	20375	2.03	11	19892	0.2756	0.2753	0.1970	0.1967	1.91	0.01	20403	0.60	0.582	0.003	0.500	0.005	0.066	0.001	-99.000	0.003	-99.000	0.005	-99.000	0.001	20336	112.2	20896	0	NULL
225	2-E-5786	1.697	NULL	NULL	NULL	NULL	NULL	NULL	NULL	NULL	NULL	NULL	NULL	NULL	NULL	NULL	NULL	NULL	NULL	NULL	NULL	NULL	NULL	NULL	NULL	NULL	NULL	NULL	NULL	NULL	-99.000	NULL	NULL	NULL	NULL	NULL	NULL
226	2-E-5838	NULL	0.005	1.370	0.002	0.254	0.005	1.56	20376	1.81	12	19892	0.2362	0.2359	0.1574	0.1571	1.72	0.01	20403	0.53	0.468	0.003	0.378	0.005	0.047	0.001	-99.000	0.003	-99.000	0.005	-99.000	0.001	20336	78.6	20888	0	NULL
227	2-E-5845	1.569	0.005	NULL	0.002	NULL	0.005	NULL	NULL	NULL	NULL	NULL	NULL	-0.0003	NULL	-0.0003	NULL	0.01	NULL	NULL	NULL	0.003	NULL	0.005	NULL	NULL	-99.000	NULL	-99.000	NULL	-99.000	0.001	20336	NULL	NULL	NULL	NULL
228	2-E-5878	NULL	0.005	NULL	0.002	NULL	0.005	NULL	NULL	NULL	NULL	NULL	NULL	-0.0003	NULL	-0.0003	NULL	0.01	NULL	NULL	NULL	0.003	NULL	0.005	NULL	NULL	-99.000	NULL	-99.000	NULL	-99.000	0.001	20336	NULL	NULL	NULL	NULL
229	2-F-1306	NULL	0.005	1.692	0.002	0.205	0.005	1.88	20376	2.08	9	19892	0.3150	0.3147	0.2009	0.2006	1.91	0.01	20403	0.32	0.570	0.003	0.480	0.005	0.049	0.001	-99.000	0.003	-99.000	0.005	-99.000	0.001	20336	149.3	20894	NULL	NULL
230	2-F-4010	2.066	0.005	1.395	0.002	0.184	0.005	1.91	20376	2.09	9	19892	0.2910	0.2907	0.2000	0.1997	1.64	0.01	20403	0.29	0.568	0.003	0.478	0.005	0.049	0.001	-99.000	0.003	-99.000	0.005	-99.000	0.001	20336	102.7	20894	NULL	NULL
231	2-F-4020	1.827	0.005	2.442	0.002	0.401	0.005	2.54	20376	2.94	11	19892	0.4489	0.4486	0.3031	0.3028	2.78	0.01	20403	0.49	0.627	0.003	0.555	0.005	0.050	0.001	-99.000	0.003	-99.000	0.005	-99.000	0.001	20336	396.0	20912	1	NULL
232	2-F-4404	2.710	0.005	1.578	0.002	0.230	0.005	2.03	20376	2.26	9	19892	0.3147	0.3144	0.2005	0.2002	1.79	0.01	20403	0.29	0.650	0.003	0.551	0.005	0.047	0.001	-99.000	0.003	-99.000	0.005	-99.000	0.001	20336	127.0	20894	NULL	NULL
233	2-F-4555	2.103	0.005	1.890	0.002	0.375	0.005	2.20	20376	2.58	11	19892	0.3545	0.3542	0.2404	0.2401	2.27	0.01	20403	0.53	0.650	NULL	0.547	NULL	0.045	0.001	-99.000	0.003	-99.000	0.005	-99.000	0.001	20336	188.7	20904	0	NULL
234	2-F-4556	2.087	0.005	1.516	0.002	0.274	0.005	1.90	20376	2.18	11	19892	0.2915	0.2912	0.2009	0.2006	1.69	0.01	20403	0.35	0.572	0.003	0.479	0.005	0.055	0.001	-99.000	0.003	-99.000	0.005	-99.000	0.001	20336	114.5	20894	0	NULL
235	2-F-4557	1.811	0.005	1.575	0.002	0.328	0.005	1.90	20376	2.23	11	19892	0.2915	0.2912	0.2009	0.2006	1.75	0.01	20403	0.42	0.572	0.003	0.476	0.005	0.050	0.001	-99.000	0.003	-99.000	0.005	-99.000	0.001	20336	109.0	20894	0	NULL
236	2-F-4558	1.732	0.005	2.154	0.002	0.413	0.005	2.22	20376	2.63	11	19892	0.4097	0.4094	0.2797	0.2794	0.27	0.01	20403	0.53	0.650	NULL	0.550	NULL	0.054	0.001	-99.000	0.003	-99.000	0.005	-99.000	0.001	20336	248.7	20904	1	NULL
237	2-F-4559	2.441	0.005	1.582	0.002	0.219	0.005	2.18	20376	2.35	8	19892	0.3151	0.3148	0.2009	0.2006	1.67	0.01	20403	0.35	0.651	0.003	0.476	0.005	0.050	0.001	-99.000	0.003	-99.000	0.005	-99.000	0.001	20336	121.5	20894	1	NULL
238	2-F-4560	1.764	0.005	1.404	0.002	0.179	0.005	1.96	20376	2.15	8	19892	0.2915	0.2912	0.2009	0.2006	1.65	0.01	20403	0.33	0.548	NULL	0.475	NULL	0.050	0.001	-99.000	0.003	-99.000	0.005	-99.000	0.001	20336	114.6	20894	1	NULL
239	2-F-4561	1.724	0.005	1.486	0.002	0.207	0.005	1.97	20376	2.16	8	19892	0.2915	0.2912	0.2009	0.2006	1.70	0.01	20403	0.39	0.570	NULL	0.478	NULL	0.052	0.001	-99.000	0.003	-99.000	0.005	-99.000	0.001	20336	111.7	20894	0	NULL
240	2-F-5217	1.751	0.005	1.339	0.002	0.300	0.005	1.78	20376	2.08	9	19891	0.2915	0.2912	0.2009	0.2006	1.93	0.01	20403	0.38	0.574	0.003	0.475	0.005	0.053	0.001	0.360	0.003	0.292	0.005	0.054	0.001	20336	93.3	20894	0	NULL
241	2-F-6023	1.750	NULL	NULL	NULL	NULL	NULL	NULL	NULL	NULL	NULL	NULL	NULL	NULL	NULL	NULL	NULL	NULL	NULL	NULL	NULL	NULL	NULL	NULL	NULL	NULL	NULL	NULL	NULL	NULL	-99.000	NULL	NULL	NULL	NULL	NULL	NULL
242	2-F-6155	NULL	0.005	2.200	0.002	NULL	0.005	2.22	NULL	NULL	NULL	NULL	NULL	-0.0003	NULL	-0.0003	NULL	0.01	NULL	NULL	NULL	0.003	NULL	0.005	NULL	0.001	-99.000	0.003	-99.000	0.005	-99.000	0.001	20336	NULL	NULL	NULL	NULL
243	2-F-6223	3.037	0.005	1.735	0.002	0.257	0.005	2.11	20376	2.37	7	19892	0.3150	0.3147	0.2008	0.2005	1.76	0.01	20403	0.54	0.649	0.003	0.545	0.005	0.051	NULL	-99.000	NULL	-99.000	NULL	-99.000	0.001	20336	NULL	20898	NULL	NULL
244	2-F-6239	2.044	0.005	1.513	0.002	0.272	0.005	2.07	NULL	NULL	NULL	19892	NULL	-0.0003	NULL	-0.0003	NULL	0.01	20403	NULL	NULL	0.003	NULL	0.005	NULL	0.001	-99.000	0.003	-99.000	0.005	-99.000	0.001	20336	113.4	20894	0	NULL
245	2-G-1606	1.808	NULL	NULL	NULL	NULL	NULL	NULL	NULL	NULL	NULL	NULL	NULL	NULL	NULL	NULL	NULL	NULL	NULL	NULL	NULL	NULL	NULL	NULL	NULL	NULL	NULL	NULL	NULL	NULL	-99.000	NULL	NULL	NULL	NULL	NULL	NULL
246	2-G-1607	NULL	0.005	2.044	0.002	0.446	0.005	2.46	20376	2.90	11	19892	0.3938	0.3935	0.2558	0.2555	2.10	0.01	20403	0.48	0.680	0.003	0.570	0.005	0.065	0.001	-99.000	0.003	-99.000	0.005	-99.000	0.001	20336	146.3	20908	NULL	NULL
247	2-G-2497	2.670	0.005	1.732	0.002	0.391	0.005	2.29	20376	2.68	11	19892	0.3938	0.3935	0.2558	0.2555	1.98	0.01	20403	0.48	0.680	0.003	0.570	0.005	0.065	0.001	-99.000	0.003	-99.000	0.005	-99.000	0.001	20336	240.0	20908	NULL	NULL
248	2-G-3174	2.352	0.005	1.734	0.002	2.630	0.005	2.31	20376	2.57	9	19892	0.2953	0.2950	0.2008	0.2005	2.23	0.01	20403	0.60	0.576	0.003	0.466	0.005	0.064	0.001	-99.000	0.003	-99.000	0.005	-99.000	0.001	20336	146.9	20894	NULL	NULL
249	2-G-3733	2.049	0.005	1.651	0.002	0.340	0.005	NULL	NULL	NULL	NULL	19892	NULL	-0.0003	NULL	-0.0003	NULL	0.01	20403	NULL	NULL	0.003	NULL	0.005	NULL	0.001	-99.000	0.003	-99.000	0.005	-99.000	0.001	20336	250.3	20894	NULL	NULL
250	2-G-4562	1.977	0.005	1.887	0.002	0.376	0.005	2.03	20376	2.41	11	19892	0.3348	0.3345	0.2009	0.2006	1.90	0.01	20403	0.49	0.600	0.003	0.468	0.005	0.066	0.001	-99.000	0.003	-99.000	0.005	-99.000	0.001	20336	151.0	20894	0	NULL
251	2-G-4563	2.041	0.005	1.732	0.002	0.391	0.005	2.28	20376	2.67	10	19892	0.3939	0.3936	0.2561	0.2558	1.99	0.01	20403	0.55	0.680	0.003	0.569	0.005	0.068	0.001	-99.000	0.003	-99.000	0.005	-99.000	0.001	20336	244.8	20908	0	NULL
252	2-G-4564	2.344	0.005	1.185	0.002	0.219	0.005	1.83	20376	2.05	9	19892	0.2364	0.2361	0.1614	0.1611	1.56	0.01	20403	0.36	0.500	0.003	0.390	0.005	0.066	0.001	-99.000	0.003	-99.000	0.005	-99.000	0.001	20336	60.6	20886	0	NULL
253	2-G-4565	1.417	0.005	1.500	0.002	0.375	0.005	2.28	20376	2.64	8	19892	0.3348	0.3345	0.2246	0.2243	1.98	0.01	20403	0.55	0.580	0.003	0.470	0.005	0.064	0.001	-99.000	0.003	-99.000	0.005	-99.000	0.001	20336	176.8	20898	0	NULL
254	2-G-4566	2.041	0.005	1.494	0.002	0.256	0.005	2.28	20376	2.53	9	19892	0.2955	0.2952	0.2009	0.2006	1.86	0.01	20403	0.52	0.580	NULL	0.466	NULL	0.065	0.001	-99.000	0.003	-99.000	0.005	-99.000	0.001	20336	100.0	20894	0	NULL
255	2-G-4875	1.807	NULL	NULL	NULL	NULL	NULL	NULL	NULL	NULL	NULL	NULL	NULL	NULL	NULL	NULL	NULL	NULL	NULL	NULL	NULL	NULL	NULL	NULL	NULL	NULL	NULL	NULL	NULL	NULL	-99.000	NULL	NULL	NULL	NULL	NULL	NULL
256	2-G-4879	NULL	0.005	1.496	0.002	0.258	0.005	1.83	20376	2.09	9	19892	0.2956	0.2953	0.2009	0.2006	1.77	0.01	20403	0.52	0.580	0.003	0.464	0.005	0.064	0.001	-99.000	0.003	-99.000	0.005	-99.000	0.001	20336	98.3	20894	0	NULL
257	2-G-4943	1.807	0.005	2.047	0.002	0.455	0.005	2.46	20376	2.91	10	19892	0.3939	0.3936	0.2561	0.2558	2.08	0.01	20403	0.52	0.780	NULL	0.568	NULL	0.066	0.001	-99.000	0.003	-99.000	0.005	-99.000	0.001	20336	313.0	20908	0	NULL
258	2-G-4944	2.677	0.005	1.423	0.002	0.317	0.005	2.28	20376	2.59	8	19892	0.2952	0.2949	0.2006	0.2003	1.85	0.01	20403	0.52	0.580	0.003	0.465	0.005	0.068	0.001	-99.000	0.003	-99.000	0.005	-99.000	0.001	20336	109.9	20894	0	NULL
259	2-G-4945	1.802	0.005	1.339	0.002	0.235	0.005	2.30	20376	2.53	9	19892	0.2954	0.2951	0.2009	0.2006	1.85	0.01	20403	0.49	0.580	NULL	0.466	NULL	0.066	0.001	-99.000	0.003	-99.000	0.005	-99.000	0.001	20336	100.0	20894	0	NULL
260	2-G-4946	1.786	NULL	NULL	NULL	NULL	NULL	NULL	NULL	NULL	NULL	NULL	NULL	NULL	NULL	NULL	NULL	NULL	NULL	NULL	NULL	NULL	NULL	NULL	NULL	NULL	NULL	NULL	NULL	NULL	-99.000	NULL	NULL	NULL	NULL	NULL	NULL
261	2-G-5848	NULL	0.005	1.889	0.002	0.393	0.005	2.29	20376	2.68	10	19892	0.3937	0.3934	0.2559	0.2556	1.99	0.01	20403	0.56	0.677	0.003	0.569	0.005	0.070	0.001	-99.000	0.003	-99.000	0.005	-99.000	0.001	20336	246.8	20908	0	NULL
262	2-G-6201	2.356	0.005	1.890	0.002	0.310	0.005	2.40	20376	2.71	10	19892	0.3348	0.3345	0.2246	0.2243	2.13	0.01	20403	0.43	0.575	0.003	0.465	0.005	0.069	0.001	-99.000	0.003	-99.000	0.005	-99.000	0.001	20336	201.5	20898	0	NULL
263	9-Z-9999	2.362	NULL	NULL	NULL	NULL	NULL	NULL	NULL	NULL	NULL	NULL	NULL	NULL	NULL	NULL	NULL	NULL	NULL	NULL	NULL	0.003	NULL	0.005	NULL	NULL	NULL	NULL	NULL	NULL	NULL	NULL	NULL	NULL	NULL	NULL	NULL
