
-- MAIN PART

--  1144
--   +-4516
--      +-4923
--   +-4807
--      +-4309
--

-- CHILD PART:

--  2122
--   +-42156
--   |  +-32349
--   |     +-36389
--   |     |  +-7650
--   |     +-63214
--   +-42870
--   |  +-42930
--   +-43900
--

insert into part(id, manfr_part_num, manfr_id, part_type_id, name, description, inactive, import_pk, version) values
(1144, '11444-1000', 1, 2, NULL, NULL, 0, 2872, 1),
(4516, '11444-1010', 1, 2, NULL, NULL, 0, 2872, 1),
(4923, '11444-1020', 1, 2, NULL, NULL, 0, 2872, 1),
(4807, '11444-1030', 1, 2, NULL, NULL, 0, 2872, 1),
(4309, '11444-1040', 1, 2, NULL, NULL, 0, 2872, 1),

(2122, '409172-0034', 1, 2, NULL, NULL, 0, 2872, 1),
(42156, '409172-0035', 1, 2, NULL, NULL, 0, 2872, 1),
(32349, '409172-0036', 1, 2, NULL, NULL, 0, 2872, 1),
(36389, '409172-0037', 1, 2, NULL, NULL, 0, 2872, 1),
(7650, '409172-0038', 1, 2, NULL, NULL, 0, 2872, 1),
(63214, '409172-0039', 1, 2, NULL, NULL, 0, 2872, 1),
(42870, '409172-0040', 1, 2, NULL, NULL, 0, 2872, 1),
(42930, '409172-0041', 1, 2, NULL, NULL, 0, 2872, 1),
(43900, '409172-0042', 1, 2, NULL, NULL, 0, 2872, 1);

insert into cartridge(part_id) values
(1144), (4516), (4923), (4807), (4309),
(2122), (42156), (32349), (36389), (7650), (63214), (42870), (42930), (43900);

insert into bom(id, parent_part_id, child_part_id, quantity) values
(1000, 1144, 4516, 1),
    (1010, 4516, 4923, 1),
    (1020, 1144, 4807, 1),
        (1030, 4807, 4309, 1),

(12410, 2122, 42156, 1),
    (12420, 42156, 32349, 1),
        (12430, 32349, 36389, 1),
        (12440, 32349, 63214, 1),
    (12450, 36389, 7650, 1),
(32410, 2122, 42870, 1),
    (32420, 42870, 42930, 1),
(35420, 2122, 43900, 1);
