DROP DATABASE IF EXISTS `ti`;
CREATE DATABASE IF NOT EXISTS `ti` CHARACTER SET utf8 COLLATE utf8_general_ci;
GRANT ALL PRIVILEGES ON ti.* to ti@'localhost' IDENTIFIED BY 'ti';
USE `ti`;

--
-- Manufacturer
--
CREATE TABLE `MANFR_TYPE` (
  `ID` BIGINT NOT NULL AUTO_INCREMENT PRIMARY KEY,
  `name` VARCHAR(255) NOT NULL,
  `version` INTEGER,
  UNIQUE INDEX (`name`)
) ENGINE = INNODB;

CREATE TABLE `MANFR` (
  `ID` BIGINT NOT NULL AUTO_INCREMENT PRIMARY KEY,
  `name` VARCHAR(255) NOT NULL,
  `manfr_type_id` BIGINT NOT NULL,
  `parent_manfr_id` BIGINT NULL,
  `import_pk` BIGINT NULL,
  `version` INTEGER,
  UNIQUE INDEX (`name`),
  FOREIGN KEY (`manfr_type_id`) REFERENCES `MANFR_TYPE` (`ID`),
  FOREIGN KEY (`parent_manfr_id`) REFERENCES `MANFR` (`ID`)
) ENGINE = INNODB;


--
-- Part
--
CREATE TABLE `PART_TYPE` (
  `ID` BIGINT NOT NULL AUTO_INCREMENT PRIMARY KEY,
  `name` VARCHAR(255) NOT NULL,
  `parent_part_type_id` BIGINT NULL,
  `import_pk` BIGINT NULL,
  `version` INTEGER,
  FOREIGN KEY (`parent_part_type_id`) REFERENCES `PART_TYPE` (`ID`)
) ENGINE = INNODB;

CREATE TABLE `PART` (
  `ID` BIGINT NOT NULL AUTO_INCREMENT PRIMARY KEY,
  `manfr_part_num` VARCHAR(255) NULL,
  `manfr_id` BIGINT NOT NULL,
  `part_type_id` BIGINT NOT NULL,
  `Name` VARCHAR(255) NULL,
  `description` VARCHAR(255) NULL,
  `inactive` BOOLEAN NOT NULL DEFAULT 0,
  `import_pk` BIGINT NULL,
  `version` INTEGER,
  INDEX (`manfr_part_num`, `manfr_id`),
  FOREIGN KEY (`manfr_id`) REFERENCES `MANFR` (`ID`),
  FOREIGN KEY (`part_type_id`) REFERENCES `PART_TYPE` (`ID`)
) ENGINE = INNODB;

--
-- Part Types
--
CREATE TABLE `COOL_TYPE` (
  `ID` BIGINT NOT NULL AUTO_INCREMENT PRIMARY KEY,
  `name` VARCHAR(255) NOT NULL,
  `import_pk` BIGINT NULL,
  `version` INTEGER,
  UNIQUE INDEX (`name`)
) ENGINE = INNODB;

CREATE TABLE `GASKET_TYPE` (
  `ID` BIGINT NOT NULL AUTO_INCREMENT PRIMARY KEY,
  `name` VARCHAR(255) NOT NULL,
  `import_pk` BIGINT NULL,
  `version` INTEGER,
  UNIQUE INDEX (`name`)
) ENGINE = INNODB;

CREATE TABLE `KIT_TYPE` (
  `ID` BIGINT NOT NULL AUTO_INCREMENT PRIMARY KEY,
  `name` VARCHAR(1000) NOT NULL,
  `import_pk` BIGINT NULL,
  `version` INTEGER
) ENGINE = INNODB;

CREATE TABLE `SEAL_TYPE` (
  `ID` BIGINT NOT NULL AUTO_INCREMENT PRIMARY KEY,
  `name` VARCHAR(255) NOT NULL,
  `import_pk` BIGINT NOT NULL,
  `version` INTEGER,
  UNIQUE INDEX (`name`)
) ENGINE = INNODB;

CREATE TABLE `TURBO_TYPE` (
  `ID` BIGINT NOT NULL AUTO_INCREMENT PRIMARY KEY,
  `name` VARCHAR(255) NOT NULL,
  `manfr_id` BIGINT NOT NULL,
  `import_pk` BIGINT NULL,
  `version` INTEGER,
  UNIQUE INDEX (`name`, `manfr_id`),
  FOREIGN KEY (`manfr_id`) REFERENCES `MANFR` (`ID`)
) ENGINE = INNODB;

CREATE TABLE `TURBO_MODEL` (
  `ID` BIGINT NOT NULL AUTO_INCREMENT PRIMARY KEY,
  `name` VARCHAR(255) NULL,
  `turbo_type_id` BIGINT NULL,
  `import_pk` BIGINT NULL,
  `version` INTEGER,
  FOREIGN KEY (`turbo_type_id`) REFERENCES `TURBO_TYPE` (`ID`)
) ENGINE = INNODB;


--
-- Interchanges
--
CREATE TABLE `INTERCHANGE_HEADER` (
  `ID` BIGINT NOT NULL AUTO_INCREMENT PRIMARY KEY,
  `name` VARCHAR(255) NOT NULL,
  `description` VARCHAR(255) NULL,
  `version` INTEGER
) ENGINE = INNODB;

CREATE TABLE `INTERCHANGE_ITEM` (
  `part_id` BIGINT NOT NULL PRIMARY KEY,
  `interchange_header_id` BIGINT NOT NULL,
  `version` INTEGER,
  FOREIGN KEY (`interchange_header_id`) REFERENCES `INTERCHANGE_HEADER` (`ID`),
  FOREIGN KEY (`part_id`) REFERENCES `PART` (`ID`)
) ENGINE = INNODB;

CREATE TABLE `i_interchange_log` (
  `id` BIGINT NOT NULL AUTO_INCREMENT PRIMARY KEY,
  `description` VARCHAR(250) NULL,
  `part_num_id` BIGINT NULL,
  `interchange_header_id` BIGINT NULL,
  `interchange_cnt_uniq` BIGINT NULL,
  `date` TIMESTAMP NOT NULL DEFAULT CURRENT_TIMESTAMP,
  `version` INTEGER
) ENGINE = INNODB;


--
-- Bill of Materials
--
CREATE TABLE `BOM` (
  `ID` BIGINT NOT NULL AUTO_INCREMENT PRIMARY KEY,
  `parent_part_id` BIGINT NOT NULL,
  `child_part_id` BIGINT NOT NULL,
  `quantity` INTEGER NOT NULL,
  `version` INTEGER,
  UNIQUE INDEX (`parent_part_id`, `child_part_id`),
  FOREIGN KEY (`parent_part_id`) REFERENCES `PART` (`ID`),
  FOREIGN KEY (`child_part_id`) REFERENCES `PART` (`ID`)
) ENGINE = INNODB;

CREATE TABLE `BOM_ALT_HEADER` (
  `ID` BIGINT NOT NULL AUTO_INCREMENT PRIMARY KEY,
  `name` VARCHAR(255) NULL,
  `description` VARCHAR(255) NULL,
  `version` INTEGER
) ENGINE = INNODB;

CREATE TABLE `BOM_ALT_ITEM` (
  `ID` BIGINT NOT NULL AUTO_INCREMENT PRIMARY KEY,
  `bom_alt_header_id` BIGINT NOT NULL,
  `bom_id` BIGINT NOT NULL,
  `part_id` BIGINT NOT NULL,
  `version` INTEGER,
  UNIQUE KEY (`bom_alt_header_id`, `bom_id`),
  FOREIGN KEY (`bom_alt_header_id`) REFERENCES `BOM_ALT_HEADER` (`ID`),
  FOREIGN KEY (`bom_id`) REFERENCES `BOM` (`ID`),
  FOREIGN KEY (`part_id`)  REFERENCES `PART` (`ID`)
) ENGINE = INNODB;


--
-- Parts
--
CREATE TABLE `BACKPLATE` (
  `part_id` BIGINT NOT NULL,
  `seal_type_id` BIGINT NULL,
  `style_compressor_wheel` VARCHAR(100) NULL,
  `seal_type` VARCHAR(100) NULL,
  `overall_diameter` FLOAT NULL,
  `compressor_wheel_diameter` FLOAT NULL,
  `piston_ring_diameter` FLOAT NULL,
  `compressor_housing_diameter` FLOAT NULL,
  `notes` VARCHAR(500) NULL,
  `secondary_diameter` FLOAT NULL,
  `overall_height` FLOAT NULL,
  `version` INTEGER,
  FOREIGN KEY (`part_id`) REFERENCES `PART` (`ID`)
) ENGINE = INNODB;

CREATE TABLE `BEARING_HOUSING` (
  `part_id` BIGINT NOT NULL,
  `cool_type_id` BIGINT NULL,
  `oil_inlet` VARCHAR(100) NULL,
  `oil_outlet` VARCHAR(100) NULL,
  `oil` VARCHAR(100) NULL,
  `outlet_flange_holes` VARCHAR(100) NULL,
  `water_ports` VARCHAR(100) NULL,
  `design_features` VARCHAR(100) NULL,
  `bearing_type` VARCHAR(100) NULL,
  `version` INTEGER,
  FOREIGN KEY (`part_id`) REFERENCES `PART` (`ID`)
) ENGINE = INNODB;

CREATE TABLE `BEARING_SPACER` (
  `part_id` BIGINT NOT NULL,
  `outside_dim_min` FLOAT NULL,
  `outside_dim_max` FLOAT NULL,
  `inside_dim_min` FLOAT NULL,
  `inside_dim_max` FLOAT NULL,
  `version` INTEGER,
  FOREIGN KEY (`part_id`) REFERENCES `PART` (`ID`)
) ENGINE = INNODB;

CREATE TABLE `CARTRIDGE` (
  `part_id` BIGINT NOT NULL,
  `version` INTEGER,
  FOREIGN KEY (`PART_ID`) REFERENCES `PART` (`ID`)
) ENGINE = INNODB;

CREATE TABLE `COMPRESSOR_WHEEL` (
  `part_id` BIGINT NOT NULL,
  `inducer_oa` FLOAT NULL,
  `tip_height_b` FLOAT NULL,
  `exducer_oc` FLOAT NULL,
  `hub_length_d` FLOAT NULL,
  `bore_oe` FLOAT NULL,
  `trim_no_blades` VARCHAR(100) NULL,
  `application` VARCHAR(100) NULL,
  `version` INTEGER,
  FOREIGN KEY (`part_id`) REFERENCES `PART` (`ID`)
) ENGINE = INNODB;

CREATE TABLE `GASKET` (
  `part_id` BIGINT NOT NULL,
  `gasket_type_id` BIGINT NOT NULL,
  `version` INTEGER,
  FOREIGN KEY (`part_id`) REFERENCES `PART` (`ID`),
  FOREIGN KEY (`gasket_type_id`) REFERENCES `GASKET_TYPE` (`ID`)
) ENGINE = INNODB;

CREATE TABLE `HEATSHIELD` (
  `part_id` BIGINT NOT NULL,
  `overall_diameter` FLOAT NULL,
  `inside_diameter` FLOAT NULL,
  `inducer_diameter` FLOAT NULL,
  `notes` VARCHAR(500) NULL,
  `version` INTEGER,
  FOREIGN KEY (`part_id`) REFERENCES `PART` (`ID`)
) ENGINE = INNODB;

CREATE TABLE `JOURNAL_BEARING` (
  `part_id` BIGINT NOT NULL,
  `outside_dim_min` FLOAT NOT NULL,
  `outside_dim_max` FLOAT NOT NULL,
  `inside_dim_min` FLOAT NOT NULL,
  `inside_dim_max` FLOAT NOT NULL,
  `width` FLOAT NOT NULL,
  `version` INTEGER,
  FOREIGN KEY (`part_id`) REFERENCES `PART` (`ID`)
) ENGINE = INNODB;

CREATE TABLE `KIT` (
  `PART_ID` BIGINT NOT NULL,
  `kit_type_id` BIGINT NOT NULL,
  `version` INTEGER,
  FOREIGN KEY (`kit_type_id`) REFERENCES `KIT_TYPE` (`ID`),
  FOREIGN KEY (`PART_ID`) REFERENCES `PART` (`ID`)
) ENGINE = INNODB;

CREATE TABLE `NOZZLE_RING` (
  `part_id` BIGINT NOT NULL,
  `version` INTEGER,
  FOREIGN KEY (`part_id`) REFERENCES `PART` (`ID`)
) ENGINE = INNODB;

CREATE TABLE `PISTON_RING` (
  `part_id` BIGINT NOT NULL,
  `outside_dim_min` FLOAT NULL,
  `outside_dim_max` FLOAT NULL,
  `width_min` FLOAT NULL,
  `width_max` FLOAT NULL,
  `i_gap_min` FLOAT NULL,
  `i_gap_max` FLOAT NULL,
  `version` INTEGER,
  FOREIGN KEY (`part_id`) REFERENCES `PART` (`ID`)
) ENGINE = INNODB;

CREATE TABLE `STANDARD_BEARING_SPACER` (
  `standard_part_id` BIGINT NOT NULL,
  `oversized_part_id` BIGINT NOT NULL,
  `version` INTEGER,
  PRIMARY KEY (`standard_part_id`, `oversized_part_id`),
  FOREIGN KEY (`standard_part_id`) REFERENCES `BEARING_SPACER` (`part_id`),
  FOREIGN KEY (`oversized_part_id`) REFERENCES `BEARING_SPACER` (`part_id`)
) ENGINE = INNODB;

CREATE TABLE `STANDARD_JOURNAL_BEARING` (
  `standard_part_id` BIGINT NOT NULL,
  `oversized_part_id` BIGINT NOT NULL,
  `version` INTEGER,
  PRIMARY KEY (`standard_part_id`, `oversized_part_id`),
  FOREIGN KEY (`standard_part_id`) REFERENCES `JOURNAL_BEARING` (`part_id`),
  FOREIGN KEY (`oversized_part_id`) REFERENCES `JOURNAL_BEARING` (`part_id`)
) ENGINE = INNODB;

CREATE TABLE `TURBINE_WHEEL` (
  `part_id` BIGINT NOT NULL,
  `exduce_oa` FLOAT NULL,
  `tip_height_b` FLOAT NULL,
  `inducer_oc` FLOAT NULL,
  `journal_od` FLOAT NULL,
  `stem_oe` FLOAT NULL,
  `trim_no_blades` VARCHAR(100) NULL,
  `shaft_thread_f` VARCHAR(100) NULL,
  `version` INTEGER,
  FOREIGN KEY (`part_id`) REFERENCES `PART` (`ID`)
) ENGINE = INNODB;

CREATE TABLE `TURBO` (
  `PART_ID` BIGINT NOT NULL,
  `turbo_model_id` BIGINT NOT NULL,
  `cool_type_id` BIGINT NULL,
  `version` INTEGER,
  FOREIGN KEY (`PART_ID`) REFERENCES `PART` (`ID`),
  FOREIGN KEY (`cool_type_id`) REFERENCES `COOL_TYPE` (`ID`),
  FOREIGN KEY (`turbo_model_id`) REFERENCES `TURBO_MODEL` (`ID`)
) ENGINE = INNODB;


--
-- Metadata Security
--
CREATE TABLE `USER` (
  `id` BIGINT NOT NULL AUTO_INCREMENT PRIMARY KEY,
  `name` VARCHAR(100) NOT NULL,
  `email` VARCHAR(255) NOT NULL,
  `password` VARCHAR(100) NOT NULL,
  `enabled` BOOLEAN NOT NULL DEFAULT 1,
  `version` INTEGER,
  UNIQUE INDEX (`email`)
) ENGINE = INNODB;

CREATE TABLE `GROUP` (
  `id` BIGINT NOT NULL AUTO_INCREMENT PRIMARY KEY,
  `name` VARCHAR(100) NOT NULL,
  `version` INTEGER,
  UNIQUE INDEX (`name`)
) ENGINE = INNODB;

CREATE TABLE `USER_GROUP` (
  `user_id` BIGINT NOT NULL,
  `group_id` BIGINT NOT NULL,
  `version` INTEGER,
  PRIMARY KEY (`user_id`, `group_id`),
  FOREIGN KEY (`user_id`) REFERENCES `USER` (`id`),
  FOREIGN KEY (`group_id`) REFERENCES `GROUP` (`id`)
) ENGINE = INNODB;

CREATE TABLE `ROLE` (
  `id` BIGINT NOT NULL AUTO_INCREMENT PRIMARY KEY,
  `name` VARCHAR(100) NOT NULL,
  `display` VARCHAR(100) NOT NULL,
  `version` INTEGER,
  UNIQUE INDEX (`name`)
);

CREATE TABLE `GROUP_ROLE` (
  `group_id` BIGINT NOT NULL,
  `role_id` BIGINT NOT NULL,
  `version` INTEGER,
  PRIMARY KEY (`group_id`, `role_id`),
  FOREIGN KEY (`group_id`) REFERENCES `GROUP` (`id`),
  FOREIGN KEY (`role_id`) REFERENCES `ROLE` (`id`)
) ENGINE = INNODB;

--
-- Admin User
--
INSERT INTO `USER` (
  `name`, `email`, `password`
) VALUES (
  "Admin", "", ""
);
SET @ADMINUSERID = last_insert_id();

INSERT INTO `GROUP` (
  `name`
) VALUES (
  "Administrators"
);
SET @ADMINGROUPID = last_insert_id();

INSERT INTO `USER_GROUP` (
  `user_id`, `group_id`
) VALUES (
  @ADMINUSERID, @ADMINGROUPID
);

INSERT INTO `ROLE` (
  `name`, `display`
) VALUES (
  "ADMIN", "Administrator"
);
SET @ADMINROLEID = last_insert_id();


INSERT INTO `GROUP_ROLE` (
  `group_id`, `role_id`
) VALUES (
  @ADMINGROUPID, @ADMINROLEID
);


--
-- Seed Data
--
INSERT INTO `COOL_TYPE` (`ID`,`name`,`import_pk`) VALUES
 (1,'Oil',1),
 (2,'Water',2);

INSERT INTO `GASKET_TYPE` (`ID`,`name`,`import_pk`) VALUES
 (1,'Oil Inlet',1),
 (2,'Oil Outlet',2),
 (3,'Turbine Inlet',3),
 (4,'Turbine Outlet',4),
 (5,'Water Jacket',8),
 (6,'Compressor End',9),
 (7,'Air Outlet',10),
 (8,'Backplate',11),
 (9,'Turbine Inlet, Single Port',12);

INSERT INTO `KIT_TYPE` (`ID`,`name`,`import_pk`) VALUES
 (1,'Floating Carbon Seal',9),
 (2,'Full',10),
 (3,'Gasket',3),
 (4,'Hardware',11),
 (5,'Installation',4),
 (6,'Journal Bearing',5),
 (7,'Major',12),
 (8,'Minor/Basic',13),
 (9,'Misc.',6),
 (10,'Nozzle Ring Assemblies',7),
 (11,'Seal Plate Assembley',14),
 (12,'Service',1),
 (13,'Service (minor)',8),
 (14,'Thrust',15),
 (15,'Universal',16);

INSERT INTO `SEAL_TYPE` (`ID`,`name`,`import_pk`) VALUES
 (1,'Piston Ring/Dynamic',1),
 (2,'Floating Carbon Seal',2),
 (3,'Carbon Seal',3),
 (4,'Machined part',4);

INSERT INTO `MANFR_TYPE` (`ID`,`name`) VALUES
 (1,'turbo');

INSERT INTO `PART_TYPE` (`ID`,`name`,`parent_part_type_id`,`import_pk`) VALUES
 (1,'turbo',NULL,NULL),
 (2,'cartridge',NULL,NULL),
 (3,'kit',NULL,NULL),
 (4,'pistion ring',NULL,NULL),
 (5,'journal bearing',NULL,NULL),
 (6,'gasket',NULL,NULL),
 (7,'bearing spacer',NULL,NULL),
 (8,'fast wearing component',NULL,NULL),
 (9,'major component',NULL,NULL),
 (10,'minor component',NULL,NULL),
 (11,'Compressor Wheel',9,11),
 (12,'Turbine Wheel',9,12),
 (13,'Bearing Housing',9,13),
 (14,'Backplate / Sealplate',9,14),
 (15,'Heatshield / Shroud',9,15),
 (16,'Nozzle Ring',9,16),
 (17,'O Ring',10,50),
 (18,'Oil Deflector',10,51),
 (19,'Clamp',10,52),
 (20,'Thrust Parts',10,53),
 (21,'Miscellaneous Minor Components',10,54);

INSERT INTO `MANFR` (`ID`,`name`,`manfr_type_id`,`parent_manfr_id`,`import_pk`) VALUES
 (1,'Garrett',1,NULL,1),
 (2,'Holset',1,NULL,3),
 (3,'I.H.I.',1,NULL,5),
 (4,'Toyota',1,NULL,6),
 (5,'Hitachi',1,NULL,7),
 (6,'KKK',1,NULL,8),
 (7,'Komatsu',1,NULL,9),
 (8,'Mitsubishi',1,NULL,10),
 (9,'Schwitzer',1,NULL,12),
 (10,'Rotomaster',1,NULL,13),
 (11,'Turbo International',1,NULL,999);


INSERT INTO `turbo_type` (`ID`,`name`,`manfr_id`,`import_pk`) VALUES
 (1,'3\"',2,816),
 (2,'3\"',9,583),
 (3,'34F',2,747),
 (4,'3A',2,758),
 (5,'3DB',6,670),
 (6,'3FD',2,742),
 (7,'3FE',2,743),
 (8,'3FJ',2,734),
 (9,'3HD',6,675),
 (10,'3HF',6,663),
 (11,'3LD',2,247),
 (12,'3LD',6,363),
 (13,'3LD',9,371),
 (14,'3LDA',9,305),
 (15,'3LDB',9,644),
 (16,'3LDZ',6,272),
 (17,'3LDZ',9,397),
 (18,'3LE',2,744),
 (19,'3LEP',6,273),
 (20,'3LEU',6,669),
 (21,'3LEZ',6,659),
 (22,'3LJ',9,568),
 (23,'3LK',9,637),
 (24,'3LKS',6,364),
 (25,'3LKS',9,306),
 (26,'3LKU',6,680),
 (27,'3LKY',6,672),
 (28,'3LKZ',6,344),
 (29,'3LM',8,828),
 (30,'3LM',9,307),
 (31,'3LMC',9,642),
 (32,'3TC',9,871),
 (33,'3TF',9,565),
 (34,'4',9,872),
 (35,'4\"',2,817),
 (36,'4\"',9,650),
 (37,'4A',9,627),
 (38,'4B',6,825),
 (39,'4B',9,310),
 (40,'4BD',6,661),
 (41,'4C',9,573),
 (42,'4D',9,312),
 (43,'4HD',2,818),
 (44,'4HD',6,821),
 (45,'4HD',8,826),
 (46,'4HD',9,311),
 (47,'4HDS',2,709),
 (48,'4HF',2,815),
 (49,'4HF',9,313),
 (50,'4L',2,341),
 (51,'4L',9,372),
 (52,'4LB',6,345),
 (53,'4LD',2,721),
 (54,'4LE',2,252),
 (55,'4LE',6,365),
 (56,'4LE',8,829),
 (57,'4LE',9,373),
 (58,'4LEA',9,639),
 (59,'4LEC',9,631),
 (60,'4LEK',2,693),
 (61,'4LEV',2,819),
 (62,'4LEV',9,603),
 (63,'4LF',2,253),
 (64,'4LF',6,366),
 (65,'4LF',8,824),
 (66,'4LF',9,374),
 (67,'4LFA',9,626),
 (68,'4LFC',9,632),
 (69,'4LFK',2,746),
 (70,'4LFV',2,733),
 (71,'4LG',2,254),
 (72,'4LG',6,367),
 (73,'4LG',9,375),
 (74,'4LGK',2,837),
 (75,'4LGK',9,362),
 (76,'4LGV',2,692),
 (77,'4LGZ',2,838),
 (78,'4LGZ',6,346),
 (79,'4LGZ',9,382),
 (80,'4LH',9,868),
 (81,'4LHR',9,357),
 (82,'4MD',2,820),
 (83,'4MD',8,830),
 (84,'4MD',9,314),
 (85,'4ME',9,574),
 (86,'4MF',2,823),
 (87,'4MF',6,822),
 (88,'4MF',9,317),
 (89,'4MFC',9,634),
 (90,'4MFW',9,591),
 (91,'4TC',9,874),
 (92,'4TE',9,616),
 (93,'4TF',9,613),
 (94,'4U',9,645),
 (95,'4W',9,581),
 (96,'5HDR',9,865),
 (97,'5MD',6,681),
 (98,'5MDE',6,682),
 (99,'5MDY',6,684),
 (100,'5MF',8,827),
 (101,'5MF',9,569),
 (102,'5MFC',9,571),
 (103,'5MFW',9,584),
 (104,'6\"',2,695),
 (105,'6D',2,732),
 (106,'6LD',2,706),
 (107,'6U',2,755),
 (108,'AVNT37',1,564),
 (109,'B1',9,575),
 (110,'B1G',9,636),
 (111,'B2',6,673),
 (112,'B2G',9,641),
 (113,'B3',6,683),
 (114,'B3G',9,576),
 (115,'BGTV75',1,203),
 (116,'BHT3B',2,716),
 (117,'BHT3C',2,754),
 (118,'BHT3E',2,412),
 (119,'BHT3E',9,860),
 (120,'BHT4C',2,696),
 (121,'BT50',1,333),
 (122,'BTG55',1,199),
 (123,'BTG75',1,335),
 (124,'BTL55',1,200),
 (125,'BTL75',1,204),
 (126,'BTL85',1,123),
 (127,'BTLV75',1,331),
 (128,'BTV55',1,201),
 (129,'BTV75',1,131),
 (130,'BTV85',1,209),
 (131,'BTW75',1,538),
 (132,'BV30',6,664),
 (133,'BV35',6,668),
 (134,'BV39',6,468),
 (135,'BV40',6,676),
 (136,'BV43',6,686),
 (137,'BV50',6,685),
 (138,'CT',4,789),
 (139,'CT10',4,790),
 (140,'CT12',4,356),
 (141,'CT12A',4,459),
 (142,'CT12B',4,321),
 (143,'CT20',4,322),
 (144,'CT20/26',4,890),
 (145,'CT20B',4,788),
 (146,'CT26',4,323),
 (147,'CT9',4,320),
 (148,'CTV45',1,180),
 (149,'CTV73',1,539),
 (150,'CTVNT/VGT',4,891),
 (151,'CTW51',1,540),
 (152,'D4U',9,869),
 (153,'E',6,859),
 (154,'E',9,861),
 (155,'EA',9,870),
 (156,'EC',9,867),
 (157,'EN',9,873),
 (158,'F',9,862),
 (159,'FC',9,866),
 (160,'G12',1,330),
 (161,'GT',1,514),
 (162,'GT12',1,151),
 (163,'GT12V',1,523),
 (164,'GT14',1,524),
 (165,'GT14V',1,525),
 (166,'GT15',1,35),
 (167,'GT1541V',1,488),
 (168,'GT1544',1,39),
 (169,'GT1544S',1,491),
 (170,'GT1546',1,486),
 (171,'GT1546S',1,485),
 (172,'GT1549',1,40),
 (173,'GT1549P',1,489),
 (174,'GT1549S',1,476),
 (175,'GT1549V',1,473),
 (176,'GT15P',1,155),
 (177,'GT15V',1,157),
 (178,'GT15Z',1,522),
 (179,'GT16V',1,526),
 (180,'GT17',1,48),
 (181,'GT1746S',1,506),
 (182,'GT1749',1,41),
 (183,'GT1749LS',1,490),
 (184,'GT1749LX',1,499),
 (185,'GT1749S',1,507),
 (186,'GT1749V',1,450),
 (187,'GT1752',1,455),
 (188,'GT1752O',1,483),
 (189,'GT1752S',1,501),
 (190,'GT17V',1,159),
 (191,'GT18',1,443),
 (192,'GT1849V',1,508),
 (193,'GT1852',1,457),
 (194,'GT1852V',1,500),
 (195,'GT18V',1,160),
 (196,'GT20',1,161),
 (197,'GT2049',1,475),
 (198,'GT2049S',1,498),
 (199,'GT2052',1,456),
 (200,'GT2052ELS',1,505),
 (201,'GT2052S',1,477),
 (202,'GT2052V',1,480),
 (203,'GT2056S',1,479),
 (204,'GT20V',1,163),
 (205,'GT22',1,164),
 (206,'GT2252',1,458),
 (207,'GT2252V',1,487),
 (208,'GT2256V',1,504),
 (209,'GT2256VK',1,509),
 (210,'GT2259',1,478),
 (211,'GT2259S',1,494),
 (212,'GT22V',1,165),
 (213,'GT23',1,445),
 (214,'GT2359V',1,502),
 (215,'GT23V',1,166),
 (216,'GT25',1,44),
 (217,'GT2503V',1,474),
 (218,'GT2538C',1,482),
 (219,'GT2552C',1,484),
 (220,'GT2556S',1,503),
 (221,'GT2556V',1,454),
 (222,'GT2560LS',1,510),
 (223,'GT25C',1,481),
 (224,'GT25V',1,36),
 (225,'GT28',1,527),
 (226,'GT30',1,168),
 (227,'GT32',1,169),
 (228,'GT3271',1,464),
 (229,'GT32V',1,528),
 (230,'GT35',1,170),
 (231,'GT3576',1,463),
 (232,'GT35V',1,529),
 (233,'GT37',1,171),
 (234,'GT37V',1,530),
 (235,'GT37VA',1,512),
 (236,'GT40',1,172),
 (237,'GT40V',1,531),
 (238,'GT42',1,177),
 (239,'GT42S',1,441),
 (240,'GT45',1,179),
 (241,'GT45V',1,532),
 (242,'GT47',1,460),
 (243,'GT50',1,197),
 (244,'GT55',1,533),
 (245,'GT60',1,211),
 (246,'GT65',1,534),
 (247,'GT70',1,535),
 (248,'GTA37',1,472),
 (249,'GTA40',1,173),
 (250,'GTA42',1,178),
 (251,'GTA50',1,198),
 (252,'GTA55',1,202),
 (253,'GTP38',1,175),
 (254,'GTP45',1,176),
 (255,'H1',2,729),
 (256,'H1A',2,226),
 (257,'H1B',2,227),
 (258,'H1C',2,228),
 (259,'H1D',2,229),
 (260,'H1E',2,230),
 (261,'H2A',2,233),
 (262,'H2B',2,238),
 (263,'H2C',2,239),
 (264,'H2D',2,240),
 (265,'H2E',2,241),
 (266,'H2S',2,242),
 (267,'H3B',2,251),
 (268,'HC3',2,248),
 (269,'HC3B',2,249),
 (270,'HC5',2,260),
 (271,'HC5',9,386),
 (272,'HC5A',2,261),
 (273,'HC5A',9,387),
 (274,'HC5B',2,705),
 (275,'HE201W',2,831),
 (276,'HE211W',2,844),
 (277,'HE221W',2,719),
 (278,'HE300FG',2,832),
 (279,'HE300VG',2,849),
 (280,'HE300WG',2,851),
 (281,'HE341VE',2,717),
 (282,'HE341VH',2,753),
 (283,'HE351CW',2,518),
 (284,'HE351G',2,740),
 (285,'HE351VE',2,703),
 (286,'HE351W',2,720),
 (287,'HE400FG',2,835),
 (288,'HE400VG',2,833),
 (289,'HE400WG',2,834),
 (290,'HE431V',2,749),
 (291,'HE431VE',2,730),
 (292,'HE431VH',2,856),
 (293,'HE451',2,718),
 (294,'HE451V',2,760),
 (295,'HE451VE',2,739),
 (296,'HE500VG',2,848),
 (297,'HE500WG',2,846),
 (298,'HE531V',2,722),
 (299,'HE531VE',2,750),
 (300,'HE551',2,517),
 (301,'HE551M',2,710),
 (302,'HE551V',2,752),
 (303,'HE551VE',2,715),
 (304,'HE551W',2,700),
 (305,'HE561VE',2,748),
 (306,'HE800FG',2,852),
 (307,'HE800PT',2,839),
 (308,'HE851',2,697),
 (309,'HP70',2,698),
 (310,'HP71',2,701),
 (311,'HP72',2,735),
 (312,'HP81',2,847),
 (313,'HP82',2,843),
 (314,'HP841',2,840),
 (315,'HT06',5,787),
 (316,'HT07',5,784),
 (317,'HT10',5,223),
 (318,'HT100',2,756),
 (319,'HT12',5,224),
 (320,'HT15',5,782),
 (321,'HT18',5,786),
 (322,'HT18-2S',5,225),
 (323,'HT20',5,783),
 (324,'HT25',5,785),
 (325,'HT3',9,409),
 (326,'HT3B',2,250),
 (327,'HT3B',9,381),
 (328,'HT3B',10,887),
 (329,'HT4B',2,258),
 (330,'HT4C',2,259),
 (331,'HT6',2,520),
 (332,'HT60',2,255),
 (333,'HT60W',2,728),
 (334,'HT80',2,711),
 (335,'HX20',2,759),
 (336,'HX20W',2,757),
 (337,'HX25',2,761),
 (338,'HX25W',2,737),
 (339,'HX27W',2,736),
 (340,'HX30',2,234),
 (341,'HX30W',2,727),
 (342,'HX32',2,704),
 (343,'HX32W',2,741),
 (344,'HX35',2,495),
 (345,'HX35G',2,723),
 (346,'HX35M',2,841),
 (347,'HX35W',2,235),
 (348,'HX38G',2,702),
 (349,'HX40',2,236),
 (350,'HX40G',2,691),
 (351,'HX40V',2,714),
 (352,'HX40W',2,237),
 (353,'HX50',2,244),
 (354,'HX50G',2,699),
 (355,'HX50M',2,708),
 (356,'HX50W',2,245),
 (357,'HX52',2,745),
 (358,'HX52W',2,694),
 (359,'HX55',2,342),
 (360,'HX55M',2,836),
 (361,'HX55MW',2,845),
 (362,'HX55V',2,731),
 (363,'HX55W',2,712),
 (364,'HX55WM',2,713),
 (365,'HX60',2,256),
 (366,'HX60W',2,257),
 (367,'HX80',2,361),
 (368,'HX80M',2,850),
 (369,'HX82',2,246),
 (370,'HX82M',2,762),
 (371,'HX83',2,724),
 (372,'HX85',2,751),
 (373,'HY30W',2,725),
 (374,'HY35',2,707),
 (375,'HY35W',2,519),
 (376,'HY40V',2,738),
 (377,'HY55',2,496),
 (378,'HY55V',2,726),
 (379,'K02',6,662),
 (380,'K03',6,687),
 (381,'K04',6,660),
 (382,'K06',6,674),
 (383,'K14',6,275),
 (384,'K14',9,401),
 (385,'K16',6,276),
 (386,'K16',9,402),
 (387,'K23',6,274),
 (388,'K24',6,277),
 (389,'K24',9,403),
 (390,'K26',6,278),
 (391,'K26',9,388),
 (392,'K27',2,857),
 (393,'K27',6,279),
 (394,'K27',9,404),
 (395,'K28',6,280),
 (396,'K28',9,405),
 (397,'K29',2,858),
 (398,'K29',6,343),
 (399,'K29',9,406),
 (400,'K31',6,688),
 (401,'K33',6,689),
 (402,'K34',6,677),
 (403,'K36',6,347),
 (404,'K36',9,407),
 (405,'K361',6,678),
 (406,'K365',6,665),
 (407,'K37',6,671),
 (408,'K42',6,658),
 (409,'K44',6,679),
 (410,'K52',6,667),
 (411,'K54',6,666),
 (412,'KHF5',3,799),
 (413,'KO3',6,270),
 (414,'KO3',9,398),
 (415,'KO4',6,271),
 (416,'KO4',9,399),
 (417,'KO6',9,400),
 (418,'KP31',6,447),
 (419,'KP35',6,448),
 (420,'KP39',6,449),
 (421,'KTR100',7,774),
 (422,'KTR10A',7,281),
 (423,'KTR110',7,781),
 (424,'KTR110A',7,348),
 (425,'KTR110B',7,775),
 (426,'KTR110G',7,282),
 (427,'KTR110L',7,779),
 (428,'KTR110M',7,516),
 (429,'KTR130',7,283),
 (430,'KTR130B',7,777),
 (431,'KTR130C',7,778),
 (432,'KTR150',7,776),
 (433,'KTR90',7,780),
 (434,'MGT12',1,791),
 (435,'MGT15',1,793),
 (436,'MGT22',1,562),
 (437,'R2S',6,690),
 (438,'RHB3',3,262),
 (439,'RHB4',3,451),
 (440,'RHB5',3,73),
 (441,'RHB51',3,420),
 (442,'RHB52',3,421),
 (443,'RHB52BW',3,427),
 (444,'RHB52MW',3,426),
 (445,'RHB6',3,265),
 (446,'RHB6B',3,422),
 (447,'RHB7',3,268),
 (448,'RHB8',3,795),
 (449,'RHC6',3,266),
 (450,'RHC7',3,269),
 (451,'RHC9',3,807),
 (452,'RHE6',3,267),
 (453,'RHE7',3,805),
 (454,'RHE8',3,808),
 (455,'RHF3',3,797),
 (456,'RHF3H',3,497),
 (457,'RHF3V',3,800),
 (458,'RHF4',3,461),
 (459,'RHF4H',3,263),
 (460,'RHF4V',3,810),
 (461,'RHF5',3,264),
 (462,'RHF5V',3,801),
 (463,'RHF6',3,802),
 (464,'RHFV',3,809),
 (465,'RHG6',3,513),
 (466,'RHG7',3,806),
 (467,'RHG7V',3,798),
 (468,'RHG8',3,794),
 (469,'RHG8V',3,812),
 (470,'RHG9',3,796),
 (471,'RHO5',3,813),
 (472,'RHO6',3,814),
 (473,'RHO7',3,811),
 (474,'RHV4',3,803),
 (475,'RHV5',3,804),
 (476,'RM-60',1,74),
 (477,'S100',9,393),
 (478,'S100G',9,570),
 (479,'S100S',9,608),
 (480,'S130',9,633),
 (481,'S1A',9,593),
 (482,'S1AG',9,652),
 (483,'S1B',9,301),
 (484,'S1BG',9,621),
 (485,'S200',9,440),
 (486,'S200AG',9,567),
 (487,'S200G',9,620),
 (488,'S200S',9,607),
 (489,'S200W',9,629),
 (490,'S2A',9,302),
 (491,'S2AG',9,647),
 (492,'S2AS',9,604),
 (493,'S2ASL',9,623),
 (494,'S2AW',9,653),
 (495,'S2B',9,303),
 (496,'S2BG',9,655),
 (497,'S2BS',9,640),
 (498,'S2BW',9,630),
 (499,'S2C',9,612),
 (500,'S2D',9,349),
 (501,'S2E',9,304),
 (502,'S2ECGL',9,605),
 (503,'S2EG',9,600),
 (504,'S2EGL',9,595),
 (505,'S2EL',9,586),
 (506,'S2ES',9,618),
 (507,'S2ESL',9,625),
 (508,'S2EWL',9,572),
 (509,'S2W',9,656),
 (510,'S3',9,352),
 (511,'S300',9,442),
 (512,'S300A',9,592),
 (513,'S300AG',9,654),
 (514,'S300C',9,610),
 (515,'S300G',9,649),
 (516,'S300S',9,609),
 (517,'S300W',9,580),
 (518,'S310G',9,617),
 (519,'S310S',9,588),
 (520,'S330',9,515),
 (521,'S330S',9,590),
 (522,'S330W',9,582),
 (523,'S3A',9,308),
 (524,'S3AC',9,624),
 (525,'S3ALW',9,614),
 (526,'S3AS',9,643),
 (527,'S3AW',9,585),
 (528,'S3B',9,309),
 (529,'S3BG',9,606),
 (530,'S3BGL',9,615),
 (531,'S3BL',9,638),
 (532,'S3BS',9,622),
 (533,'S3BSL',9,657),
 (534,'S3BV',9,589),
 (535,'S4',9,318),
 (536,'S400',9,428),
 (537,'S400S',9,648),
 (538,'S400W',9,579),
 (539,'S410',9,467),
 (540,'S410G',9,577),
 (541,'S410T',9,635),
 (542,'S410W',9,429),
 (543,'S410WG',9,597),
 (544,'S4A',9,408),
 (545,'S4AC',9,594),
 (546,'S4AS',9,602),
 (547,'S4D',9,319),
 (548,'S4DC',9,601),
 (549,'S4DCL',9,598),
 (550,'S4DL',9,566),
 (551,'S4DS',9,596),
 (552,'S4DSL',9,611),
 (553,'S4DW',9,353),
 (554,'S4DWL',9,646),
 (555,'S4H',9,413),
 (556,'S4T',9,354),
 (557,'S4TC',9,587),
 (558,'S4TS',9,578),
 (559,'S4TW',9,628),
 (560,'S500',9,394),
 (561,'S500R',9,599),
 (562,'S500W',9,864),
 (563,'S510C',9,619),
 (564,'S65',9,651),
 (565,'S76',9,350),
 (566,'S76A',9,351),
 (567,'S81',9,355),
 (568,'SST32',1,792),
 (569,'ST50',2,299),
 (570,'ST50',10,884),
 (571,'T04',10,881),
 (572,'T04B',1,875),
 (573,'T04B',9,863),
 (574,'T04B',10,882),
 (575,'T11',1,329),
 (576,'T12',1,112),
 (577,'T12',2,415),
 (578,'T14',1,152),
 (579,'T15',1,541),
 (580,'T16',1,542),
 (581,'T18',1,117),
 (582,'T18',2,416),
 (583,'T18',10,879),
 (584,'T18A',1,118),
 (585,'T18A',2,854),
 (586,'T18A',10,880),
 (587,'T18C',1,120),
 (588,'T19',1,543),
 (589,'T19A',1,126),
 (590,'T2',1,75),
 (591,'T24',1,153),
 (592,'T25',1,42),
 (593,'T250',1,76),
 (594,'T250-04',1,47),
 (595,'T250-05',1,30),
 (596,'T250-2',1,46),
 (597,'T251',1,80),
 (598,'T25O',1,359),
 (599,'T3',1,37),
 (600,'T3',9,410),
 (601,'T30',1,154),
 (602,'T300',1,326),
 (603,'T350',1,101),
 (604,'T3OO',1,100),
 (605,'T4',1,38),
 (606,'T4',9,411),
 (607,'T46',2,298),
 (608,'T46',10,883),
 (609,'T46B',2,855),
 (610,'T50',2,853),
 (611,'T50',10,886),
 (612,'T60',1,129),
 (613,'TA25',1,27),
 (614,'TA3',1,380),
 (615,'TA31',1,325),
 (616,'TA34',1,92),
 (617,'TA35',1,94),
 (618,'TA38',1,95),
 (619,'TA45',1,181),
 (620,'TA45',2,423),
 (621,'TA48',1,186),
 (622,'TA51',1,189),
 (623,'TA51',2,424),
 (624,'TA61',1,544),
 (625,'TA74',1,127),
 (626,'TA75',1,132),
 (627,'TA85',1,124),
 (628,'TAO3',1,81),
 (629,'TAO4',1,545),
 (630,'TB02',1,876),
 (631,'TB0243',1,389),
 (632,'TB03',1,877),
 (633,'TB15',1,546),
 (634,'TB19',1,31),
 (635,'TB22',1,32),
 (636,'TB25',1,28),
 (637,'TB2509',1,430),
 (638,'TB2520',1,395),
 (639,'TB2529',1,57),
 (640,'TB2531',1,59),
 (641,'TB2534',1,431),
 (642,'TB2538',1,432),
 (643,'TB2549',1,433),
 (644,'TB2555',1,392),
 (645,'TB2557',1,453),
 (646,'TB2559',1,60),
 (647,'TB2560',1,378),
 (648,'TB2566',1,63),
 (649,'TB27',1,33),
 (650,'TB28',1,34),
 (651,'TB2801',1,434),
 (652,'TB2804',1,435),
 (653,'TB2806',1,436),
 (654,'TB2809',1,437),
 (655,'TB2810',1,379),
 (656,'TB2812',1,438),
 (657,'TB2815',1,439),
 (658,'TB31',1,91),
 (659,'TB34',1,93),
 (660,'TB41',1,96),
 (661,'TB45',1,182),
 (662,'TBO2',1,26),
 (663,'TBO210',1,50),
 (664,'TBO214',1,53),
 (665,'TBO218',1,49),
 (666,'TBO228',1,58),
 (667,'TBO232',1,61),
 (668,'TBO234',1,62),
 (669,'TBO242',1,52),
 (670,'TBO243',1,390),
 (671,'TBO245',1,56),
 (672,'TBO249',1,51),
 (673,'TBO25',1,358),
 (674,'TBO250',1,55),
 (675,'TBO251',1,376),
 (676,'TBO255',1,54),
 (677,'TBO262',1,43),
 (678,'TBO271',1,377),
 (679,'TBO277',1,391),
 (680,'TBO3',1,1),
 (681,'TBP4',1,84),
 (682,'TBP45',1,183),
 (683,'TBP48',1,187),
 (684,'TBP75',1,133),
 (685,'TBP7501',1,336),
 (686,'TC15',8,773),
 (687,'TC43',1,98),
 (688,'TC44',1,99),
 (689,'TCO3',1,82),
 (690,'TCO3',8,368),
 (691,'TCO4',8,285),
 (692,'TCO5',8,289),
 (693,'TCO5',9,418),
 (694,'TCO6',8,290),
 (695,'TCO6',9,419),
 (696,'TD04',8,878),
 (697,'TD10',8,763),
 (698,'TD13',8,766),
 (699,'TD15',8,771),
 (700,'TD25',1,29),
 (701,'TD27',1,45),
 (702,'TD45',1,184),
 (703,'TDO2',8,284),
 (704,'TDO25',8,452),
 (705,'TDO3',1,83),
 (706,'TDO3',8,369),
 (707,'TDO4',8,287),
 (708,'TDO4H',8,765),
 (709,'TDO5',8,291),
 (710,'TDO5H',8,764),
 (711,'TDO6',8,292),
 (712,'TDO7',8,295),
 (713,'TDO7S',8,294),
 (714,'TDO8',8,296),
 (715,'TDO8H',8,297),
 (716,'TDO9',8,767),
 (717,'TE27',1,79),
 (718,'TEO3',1,547),
 (719,'TEO4H',8,288),
 (720,'TEO5',8,770),
 (721,'TEO6',1,108),
 (722,'TEO6',8,370),
 (723,'TEO6H',8,293),
 (724,'test15f',1,536),
 (725,'test15j',1,537),
 (726,'TF15',8,772),
 (727,'TFO35',8,286),
 (728,'TFO7',8,768),
 (729,'TFO8',8,769),
 (730,'THO8A',1,111),
 (731,'TL18A',1,119),
 (732,'TL61',1,136),
 (733,'TL71',1,109),
 (734,'TL75',1,465),
 (735,'TL77',1,140),
 (736,'TL78',1,144),
 (737,'TL81',1,148),
 (738,'TL83',1,548),
 (739,'TL91',1,214),
 (740,'TL92',1,217),
 (741,'TM51',1,190),
 (742,'TM54',1,193),
 (743,'TM61',1,137),
 (744,'TMF51',1,191),
 (745,'TMF54',1,194),
 (746,'TMF55',1,195),
 (747,'TMF5503',1,470),
 (748,'TMI51',1,360),
 (749,'TO4',1,85),
 (750,'TO4',2,417),
 (751,'TO4',9,383),
 (752,'TO4B',1,86),
 (753,'TO4B',2,414),
 (754,'TO4B',9,384),
 (755,'TO4B34',2,842),
 (756,'TO4E',1,87),
 (757,'TO4E',9,385),
 (758,'TO4N',1,102),
 (759,'TO4S',1,103),
 (760,'TO5B',1,104),
 (761,'TO6',1,327),
 (762,'TO7',1,328),
 (763,'TP38',1,174),
 (764,'TT55',1,549),
 (765,'TUV81',1,207),
 (766,'TV',1,425),
 (767,'TV45',1,185),
 (768,'TV48',1,188),
 (769,'TV51',1,192),
 (770,'TV55',1,334),
 (771,'TV58',1,196),
 (772,'TV60',1,130),
 (773,'TV61',1,138),
 (774,'TV63',1,142),
 (775,'TV65',1,147),
 (776,'TV70',1,105),
 (777,'TV71',1,110),
 (778,'TV72',1,113),
 (779,'TV73',1,121),
 (780,'TV74',1,128),
 (781,'TV75',1,134),
 (782,'TV77',1,141),
 (783,'TV78',1,145),
 (784,'TV81',1,149),
 (785,'TV83',1,106),
 (786,'TV84',1,115),
 (787,'TV85',1,125),
 (788,'TV91',1,215),
 (789,'TV92',1,218),
 (790,'TV94',1,220),
 (791,'TV95',1,222),
 (792,'TW18A',1,550),
 (793,'TW34',1,551),
 (794,'TW41',1,97),
 (795,'TW4B',1,88),
 (796,'TW4C',1,89),
 (797,'TW4E',1,90),
 (798,'TW51',1,332),
 (799,'TW61',1,139),
 (800,'TW63',1,143),
 (801,'TW72',1,114),
 (802,'TW73',1,122),
 (803,'TW75',1,135),
 (804,'TW78',1,146),
 (805,'TW81',1,150),
 (806,'TW83',1,107),
 (807,'TW84',1,116),
 (808,'TW91',1,216),
 (809,'TW92',1,219),
 (810,'TW94',1,221),
 (811,'Unknown',4,511),
 (812,'UTL75',1,552),
 (813,'UTL83',1,553),
 (814,'UTL89',1,210),
 (815,'UTL92',1,554),
 (816,'UTL94',1,466),
 (817,'UTV71',1,555),
 (818,'UTV75',1,205),
 (819,'UTV7514',1,337),
 (820,'UTV78',1,206),
 (821,'UTV81',1,338),
 (822,'UTV83',1,208),
 (823,'UTV89',1,556),
 (824,'UTV94',1,212),
 (825,'UTV98',1,213),
 (826,'UTW75',1,557),
 (827,'UTW78',1,558),
 (828,'UTW83',1,469),
 (829,'UTW85',1,471),
 (830,'UTW88',1,559),
 (831,'UTW92',1,560),
 (832,'V4HD',9,315),
 (833,'V4MD',9,316),
 (834,'VAT25',1,78),
 (835,'VNT25',1,561),
 (836,'VT50',2,300),
 (837,'VT50',10,885),
 (838,'WH1C',2,231),
 (839,'WH1E',2,232),
 (840,'WH2D',2,243);